id2,predict
10036,0.3152326
10037,0.3152326
10038,0.3152326
10039,0.3152326
1004,0.6236833
10040,0.6236833
10041,0.5103004
10042,0.5103004
10043,0.3152326
10044,0.3152326
10045,0.3152326
10048,0.37471893
10049,0.3499468
1005,0.6611148
10051,0.6528423
10052,0.37471893
10053,0.37471893
10054,0.3152326
10055,0.3152326
10056,0.3152326
10057,0.5103004
10058,0.3152326
10059,0.3152326
1006,0.6611148
10060,0.3152326
10061,0.3152326
10062,0.3499468
10063,0.3152326
10064,0.5103004
10067,0.3152326
10068,0.6611148
10069,0.3152326
1007,0.68810236
10070,0.6611148
10071,0.56228715
10072,0.6473949
10073,0.3152326
10074,0.3152326
10075,0.6236833
10076,0.3152326
10078,0.37471893
10079,0.5103004
1008,0.6611148
10080,0.3152326
10082,0.3152326
10083,0.5103004
10086,0.5103004
10087,0.5103004
10088,0.37471893
10089,0.3152326
1009,0.6611148
10090,0.3152326
10091,0.3152326
10092,0.5103004
10093,0.6611148
10094,0.56228715
10095,0.3499468
10098,0.3499468
10099,0.3152326
101,0.6611148
1010,0.6611148
10100,0.5103004
10101,0.6236833
10102,0.3152326
10103,0.37471893
10104,0.3152326
10105,0.5103004
10106,0.3152326
10107,0.3152326
10109,0.33444244
1011,0.5103004
10110,0.3152326
10111,0.54095906
10113,0.3152326
10114,0.5103004
10115,0.37471893
10116,0.6236833
10117,0.6236833
10120,0.3152326
10121,0.34236518
10122,0.6236833
10124,0.6236833
10125,0.34236518
10126,0.6611148
10128,0.37471893
10129,0.54095906
1013,0.6611148
10130,0.6236833
10131,0.3152326
10132,0.3152326
10133,0.3152326
10134,0.3152326
10135,0.5103004
10136,0.3152326
10137,0.3152326
10138,0.3152326
10139,0.3152326
1014,0.6611148
10140,0.33444244
10141,0.3499468
10142,0.3152326
10143,0.3499468
10144,0.6473949
10145,0.34236518
10146,0.3152326
10147,0.3499468
10148,0.3152326
10149,0.7203396
1015,0.6611148
10150,0.3152326
10151,0.6236833
10152,0.3499468
10153,0.3152326
10155,0.6236833
10157,0.3152326
10159,0.3152326
1016,0.68810236
10160,0.3152326
10161,0.3499468
10162,0.3152326
10163,0.3499468
10164,0.54095906
10165,0.37471893
10166,0.5103004
10167,0.3152326
10168,0.5103004
10169,0.37471893
1017,0.6611148
10170,0.3152326
10171,0.3152326
10172,0.3152326
10173,0.3152326
10174,0.3152326
10175,0.34236518
10176,0.3152326
10177,0.3152326
10178,0.3152326
10179,0.37471893
1018,0.6611148
10180,0.3152326
10181,0.3152326
10182,0.37471893
10184,0.6236833
10185,0.37471893
10186,0.3499468
10187,0.37471893
10188,0.6611148
10189,0.3152326
1019,0.6236833
10190,0.37471893
10191,0.3152326
10192,0.3152326
10193,0.65208304
10194,0.3152326
10195,0.5103004
10197,0.3152326
10198,0.3152326
10199,0.5103004
102,0.37471893
1020,0.6611148
10200,0.3499468
10201,0.3499468
10202,0.5103004
10203,0.3152326
10204,0.3499468
10205,0.6611148
10206,0.6236833
10208,0.3152326
1021,0.6611148
10210,0.3499468
10211,0.5103004
10212,0.3152326
10213,0.5103004
10214,0.5103004
10215,0.37471893
10216,0.3152326
10217,0.5103004
10218,0.6611148
10219,0.3152326
1022,0.6611148
10220,0.3152326
10221,0.3152326
10222,0.37471893
10223,0.6611148
10224,0.3152326
10225,0.3152326
10226,0.6236833
10227,0.58307654
10228,0.5103004
10229,0.3499468
1023,0.5103004
10230,0.3152326
10231,0.5103004
10232,0.5103004
10233,0.5103004
10235,0.3152326
10236,0.3152326
10238,0.3152326
10239,0.5103004
1024,0.6611148
10240,0.5103004
10241,0.3152326
10242,0.3152326
10243,0.3152326
10244,0.5103004
10245,0.5103004
10246,0.37471893
10247,0.6611148
10248,0.37471893
10249,0.37471893
1025,0.54095906
10251,0.3152326
10252,0.3152326
10253,0.5103004
10254,0.3499468
10255,0.3152326
10256,0.3152326
10257,0.37471893
10258,0.37471893
10259,0.3152326
1026,0.6236833
10260,0.5103004
10261,0.3152326
10262,0.54095906
10263,0.5103004
10265,0.3152326
10267,0.3152326
10268,0.5103004
10269,0.5103004
1027,0.6236833
10270,0.3499468
10271,0.3152326
10272,0.5103004
10273,0.3152326
10274,0.3152326
10275,0.3152326
10276,0.3152326
10277,0.6236833
1028,0.6611148
10280,0.3499468
10281,0.3152326
10282,0.5103004
10283,0.3152326
10284,0.5103004
10285,0.3152326
10286,0.37471893
10287,0.3152326
10288,0.3152326
10289,0.3152326
1029,0.6611148
10290,0.37471893
10291,0.5103004
10292,0.3152326
10294,0.3152326
10295,0.5103004
10296,0.6236833
10297,0.3152326
10298,0.5103004
10299,0.3152326
103,0.6611148
1030,0.6611148
10300,0.5103004
10301,0.5103004
10302,0.3152326
10303,0.3152326
10305,0.3152326
10306,0.3152326
10307,0.3152326
10308,0.37471893
10309,0.5103004
1031,0.6611148
10310,0.6236833
10311,0.3152326
10312,0.3152326
10313,0.3152326
10314,0.6611148
10315,0.37471893
10316,0.3152326
10317,0.6611148
10318,0.5103004
10319,0.37471893
1032,0.6611148
10320,0.3152326
10321,0.3152326
10322,0.5103004
10323,0.3152326
10324,0.3152326
10325,0.3152326
10326,0.5103004
10327,0.5103004
10328,0.3152326
10329,0.3152326
1033,0.6611148
10330,0.3152326
10331,0.3152326
10332,0.5103004
10333,0.5103004
10334,0.3152326
10335,0.6611148
10336,0.5103004
10337,0.6236833
10338,0.3152326
10339,0.37471893
1034,0.6611148
10340,0.37471893
10341,0.6611148
10342,0.37471893
10343,0.6611148
10345,0.6236833
10346,0.5103004
10347,0.65208304
10348,0.3499468
10349,0.3499468
1035,0.6611148
10350,0.37471893
10352,0.5103004
10353,0.3152326
10354,0.3152326
10357,0.3152326
10358,0.3499468
10359,0.3152326
1036,0.6611148
10360,0.3152326
10361,0.3152326
10362,0.3152326
10363,0.3152326
10364,0.6236833
10365,0.5103004
10367,0.3499468
10368,0.3152326
10369,0.3152326
1037,0.6611148
10370,0.3499468
10371,0.3499468
10372,0.3152326
10373,0.37471893
10374,0.3152326
10375,0.3499468
10376,0.3152326
10377,0.3499468
10378,0.3152326
10379,0.3152326
1038,0.6611148
10381,0.6236833
10382,0.3152326
10383,0.3152326
10384,0.6611148
10385,0.3152326
10386,0.3152326
10387,0.3499468
10388,0.3152326
10389,0.3152326
1039,0.6611148
10390,0.3152326
10391,0.5103004
10392,0.3152326
10393,0.3152326
10394,0.3499468
10395,0.5103004
10396,0.3499468
10397,0.6747553
10398,0.54095906
10399,0.3152326
104,0.6611148
1040,0.6236833
10400,0.3152326
10401,0.6611148
10402,0.68810236
10403,0.3152326
10404,0.3152326
10405,0.5103004
10406,0.3152326
10407,0.3152326
10408,0.5103004
10409,0.5103004
1041,0.6611148
10410,0.3152326
10411,0.3499468
10412,0.3152326
10413,0.5103004
10414,0.5103004
10416,0.5103004
10417,0.5103004
10418,0.3152326
10419,0.3152326
1042,0.6611148
10420,0.6236833
10421,0.5103004
10422,0.3152326
10423,0.37471893
10424,0.37471893
10425,0.3152326
10426,0.3152326
10427,0.5103004
10428,0.5103004
10431,0.3152326
10432,0.3152326
10433,0.3499468
10435,0.6236833
10436,0.37471893
10437,0.6236833
10438,0.68810236
1044,0.6611148
10440,0.3152326
10441,0.6611148
10442,0.6528423
10443,0.37471893
10444,0.5103004
10445,0.3152326
10446,0.3152326
10447,0.3152326
10448,0.5103004
10449,0.5103004
1045,0.6611148
10450,0.3152326
10451,0.3152326
10452,0.3152326
10453,0.40395117
10454,0.37471893
10456,0.3499468
10457,0.6236833
10458,0.6611148
10459,0.3152326
1046,0.6236833
10460,0.5103004
10461,0.3152326
10462,0.3499468
10463,0.37471893
10465,0.6611148
10466,0.37471893
10467,0.3152326
10469,0.5103004
1047,0.6236833
10470,0.3152326
10471,0.37471893
10472,0.3499468
10474,0.3499468
10475,0.5103004
10476,0.3152326
10477,0.5103004
10478,0.3152326
10479,0.3152326
1048,0.6611148
10480,0.3152326
10482,0.3152326
10483,0.3152326
10484,0.3152326
10485,0.37471893
10486,0.5103004
10487,0.3499468
10488,0.3152326
10489,0.3152326
1049,0.6611148
10490,0.37471893
10491,0.68810236
10492,0.3152326
10493,0.3499468
10494,0.3152326
10495,0.34236518
10496,0.3152326
10497,0.3152326
10498,0.3499468
105,0.6611148
1050,0.6236833
10500,0.5103004
10501,0.3152326
10502,0.5103004
10504,0.37471893
10505,0.6236833
10506,0.3152326
10507,0.54095906
10508,0.5103004
1051,0.6236833
10510,0.6611148
10511,0.37471893
10512,0.3152326
10513,0.3152326
10514,0.6236833
10515,0.3152326
10516,0.5103004
10517,0.5103004
10518,0.3152326
10519,0.3152326
1052,0.6611148
10520,0.3499468
10521,0.5103004
10522,0.3152326
10523,0.3152326
10524,0.6236833
10525,0.5103004
10526,0.3152326
10527,0.6236833
10528,0.3499468
10529,0.3152326
1053,0.6611148
10530,0.3152326
10531,0.3152326
10532,0.3152326
10533,0.3152326
10535,0.5103004
10536,0.5103004
10537,0.40395117
10539,0.5103004
1054,0.6611148
10540,0.3152326
10541,0.6611148
10542,0.3152326
10543,0.3152326
10545,0.3152326
10546,0.5103004
10547,0.3152326
10548,0.5103004
10549,0.5103004
1055,0.6611148
10550,0.5103004
10551,0.3152326
10552,0.3152326
10553,0.5103004
10554,0.3152326
10555,0.34236518
10556,0.5103004
10557,0.6611148
10558,0.3152326
10559,0.5103004
1056,0.6611148
10560,0.5103004
10561,0.3152326
10562,0.5103004
10564,0.56228715
10565,0.5103004
10566,0.3152326
10567,0.3499468
10568,0.3152326
10569,0.5103004
1057,0.6611148
10571,0.3152326
10572,0.3152326
10573,0.3152326
10574,0.37471893
10575,0.3152326
10576,0.3152326
10578,0.3152326
10579,0.3499468
1058,0.6236833
10580,0.3499468
10581,0.6236833
10582,0.5103004
10583,0.6236833
10584,0.5103004
10585,0.5103004
10586,0.5103004
10587,0.37471893
10588,0.3152326
10589,0.37471893
1059,0.5103004
10590,0.3152326
10592,0.3499468
10593,0.3152326
10594,0.3152326
10595,0.5103004
10597,0.3499468
10598,0.3152326
10599,0.3152326
106,0.6611148
1060,0.6611148
10602,0.3152326
10603,0.37471893
10604,0.3152326
10605,0.6236833
10606,0.3152326
10607,0.3152326
10608,0.3152326
10609,0.3152326
1061,0.6236833
10610,0.3152326
10612,0.3152326
10613,0.3152326
10615,0.5103004
10616,0.5103004
10617,0.5103004
10618,0.6611148
10619,0.6611148
1062,0.54095906
10620,0.3152326
10621,0.3152326
10622,0.3499468
10623,0.6236833
10624,0.37471893
10625,0.3152326
10626,0.3152326
10628,0.3152326
10629,0.6611148
1063,0.6611148
10630,0.3152326
10633,0.3152326
10634,0.3152326
10636,0.3152326
10637,0.5666612
10638,0.3152326
1064,0.6611148
10640,0.5103004
10641,0.6236833
10642,0.5103004
10643,0.5103004
10644,0.5103004
10645,0.5103004
10646,0.5103004
10647,0.6611148
10648,0.6611148
10649,0.3152326
1065,0.68810236
10650,0.37471893
10651,0.6236833
10652,0.65208304
10653,0.3152326
10654,0.5103004
10655,0.3152326
10656,0.3152326
10657,0.6611148
10658,0.6611148
10659,0.5103004
1066,0.6611148
10662,0.3152326
10663,0.3152326
10664,0.5103004
10665,0.5103004
10666,0.3152326
10667,0.3499468
10668,0.34236518
10669,0.3152326
1067,0.6611148
10670,0.3152326
10671,0.37471893
10672,0.5103004
10673,0.5103004
10674,0.3152326
10675,0.3152326
10676,0.3152326
10677,0.6611148
10679,0.5103004
1068,0.6236833
10680,0.37471893
10681,0.5103004
10682,0.6236833
10683,0.5103004
10685,0.3152326
10687,0.3152326
10688,0.3152326
10689,0.3152326
10690,0.5103004
10691,0.3152326
10692,0.3499468
10694,0.5103004
10695,0.3499468
10696,0.6611148
10697,0.37471893
10698,0.3152326
10699,0.5103004
107,0.6611148
1070,0.6611148
10700,0.3152326
10701,0.37471893
10702,0.3152326
10703,0.5103004
10705,0.3152326
10706,0.5103004
10707,0.3152326
10709,0.37471893
1071,0.6611148
10710,0.3152326
10711,0.3152326
10712,0.5103004
10714,0.3152326
10716,0.3152326
10717,0.3152326
10719,0.3152326
1072,0.6611148
10720,0.3152326
10721,0.6528423
10722,0.3152326
10723,0.5103004
10724,0.6236833
10725,0.3152326
10726,0.3152326
10727,0.3152326
10729,0.3152326
1073,0.6236833
10730,0.65208304
10731,0.3152326
10732,0.5103004
10733,0.3152326
10734,0.5103004
10735,0.34236518
10736,0.3499468
10737,0.3499468
10738,0.3152326
10739,0.3152326
1074,0.5103004
10740,0.5103004
10741,0.3152326
10742,0.34236518
10743,0.3499468
10745,0.3499468
10746,0.3152326
10747,0.37471893
10748,0.5103004
10749,0.3152326
10750,0.5103004
10752,0.6611148
10753,0.3499468
10754,0.3152326
10755,0.37471893
10756,0.5103004
10757,0.3152326
10758,0.5103004
10759,0.6236833
1076,0.5103004
10761,0.3152326
10762,0.3152326
10763,0.3152326
10765,0.3152326
10766,0.3152326
10767,0.3152326
10768,0.3152326
1077,0.6611148
10770,0.5103004
10771,0.3152326
10772,0.3152326
10773,0.6236833
10774,0.3152326
10775,0.3152326
10776,0.5103004
10778,0.37471893
10779,0.3499468
10780,0.5103004
10781,0.5103004
10782,0.3152326
10783,0.3152326
10785,0.6236833
10786,0.3152326
10787,0.3152326
10788,0.6611148
10789,0.3152326
1079,0.6611148
10790,0.3499468
10791,0.3152326
10792,0.5103004
10793,0.3152326
10794,0.6611148
10795,0.3152326
10796,0.3152326
10799,0.5103004
1080,0.6611148
10801,0.3152326
10802,0.6611148
10804,0.3152326
10806,0.37471893
10807,0.5103004
10808,0.5103004
10809,0.3152326
1081,0.6611148
10811,0.6236833
10812,0.3499468
10813,0.3499468
10814,0.3499468
10815,0.3152326
10817,0.34236518
10818,0.3152326
10819,0.34236518
1082,0.6611148
10820,0.3152326
10821,0.3152326
10822,0.6611148
10823,0.3152326
10824,0.6236833
10825,0.5103004
10826,0.34236518
10827,0.5103004
10828,0.6236833
10829,0.6611148
1083,0.6611148
10832,0.3152326
10833,0.6236833
10834,0.3152326
10835,0.3152326
10836,0.3152326
10837,0.3152326
10838,0.37471893
10839,0.6236833
1084,0.6236833
10840,0.3499468
10841,0.37471893
10844,0.5103004
10845,0.3499468
10846,0.3152326
10848,0.3152326
10849,0.3152326
1085,0.6611148
10850,0.5103004
10851,0.5103004
10852,0.3152326
10853,0.6611148
10854,0.3152326
10855,0.3152326
10856,0.3152326
10857,0.3152326
10858,0.3152326
10859,0.3152326
1086,0.6611148
10860,0.37471893
10861,0.3152326
10862,0.37471893
10863,0.3152326
10864,0.37471893
10865,0.3152326
10866,0.3499468
10867,0.34236518
10868,0.6236833
10869,0.37471893
1087,0.3152326
10870,0.37471893
10871,0.3152326
10872,0.3499468
10873,0.3152326
10874,0.3499468
10875,0.5103004
10876,0.6611148
10877,0.5103004
10878,0.5103004
10879,0.3152326
1088,0.3152326
10880,0.34236518
10881,0.3152326
10882,0.5103004
10883,0.54095906
10884,0.3152326
10885,0.3152326
10886,0.54095906
10887,0.3499468
10888,0.5103004
1089,0.6611148
10890,0.6236833
10892,0.5103004
10893,0.3152326
10894,0.3152326
10895,0.3152326
10896,0.5103004
10897,0.3499468
10898,0.3152326
10899,0.3152326
109,0.6611148
1090,0.6611148
10900,0.6236833
10901,0.34236518
10902,0.3499468
10903,0.3499468
10904,0.6611148
10905,0.3499468
10906,0.5103004
10907,0.3152326
10908,0.5103004
10909,0.3152326
10910,0.34236518
10911,0.6473949
10912,0.37471893
10913,0.6611148
10914,0.53183055
10915,0.3152326
10916,0.37471893
10917,0.3499468
10918,0.6747553
10919,0.37471893
10920,0.3152326
10921,0.6611148
10922,0.6236833
10923,0.37471893
10924,0.3152326
10926,0.5103004
10927,0.3152326
10928,0.3152326
10929,0.37471893
10931,0.3499468
10932,0.3152326
10933,0.65208304
10934,0.3152326
10935,0.3152326
10936,0.5103004
10937,0.6236833
10938,0.34236518
10939,0.3499468
1094,0.6611148
10940,0.37471893
10941,0.3152326
10942,0.5103004
10943,0.3499468
10944,0.3499468
10945,0.6611148
10946,0.3152326
10949,0.3152326
1095,0.6611148
10950,0.3152326
10952,0.5103004
10953,0.37471893
10954,0.3152326
10955,0.3152326
10956,0.3152326
10957,0.3152326
10959,0.3152326
1096,0.6611148
10960,0.3152326
10961,0.3152326
10962,0.37471893
10963,0.6611148
10964,0.3152326
10965,0.3152326
10966,0.3152326
10967,0.3152326
10968,0.40395117
1097,0.6611148
10970,0.3499468
10971,0.3152326
10972,0.3152326
10973,0.5103004
10974,0.5103004
10975,0.3152326
10976,0.3152326
10977,0.5103004
10978,0.3499468
10979,0.3152326
1098,0.6236833
10980,0.6236833
10981,0.5103004
10982,0.3499468
10983,0.6611148
10984,0.3152326
10985,0.3152326
10986,0.5103004
10987,0.3152326
10988,0.65208304
1099,0.6611148
10990,0.5103004
10991,0.6611148
10992,0.5103004
10994,0.5103004
10995,0.3152326
10997,0.3152326
10998,0.37471893
10999,0.3152326
11,0.6611148
110,0.6236833
1100,0.6611148
11000,0.3152326
11001,0.6611148
11002,0.3152326
11003,0.6611148
11004,0.3499468
11005,0.6611148
11007,0.3152326
11009,0.3152326
1101,0.6611148
11010,0.37471893
11011,0.37471893
11012,0.5103004
11014,0.3152326
11015,0.3152326
11016,0.37471893
11018,0.3152326
11019,0.37471893
1102,0.6611148
11020,0.3499468
11021,0.3499468
11022,0.37471893
11024,0.3152326
11026,0.5103004
11027,0.3152326
11028,0.3499468
11029,0.5103004
1103,0.6611148
11030,0.6236833
11031,0.3499468
11032,0.3152326
11033,0.37471893
11035,0.3499468
11036,0.3152326
11037,0.5103004
11039,0.3152326
1104,0.6611148
11040,0.3152326
11042,0.3152326
11043,0.3152326
11045,0.37471893
11046,0.3152326
11047,0.3152326
11048,0.3152326
11049,0.3499468
1105,0.6611148
11050,0.37471893
11051,0.3152326
11052,0.3152326
11053,0.37471893
11054,0.5965807
11055,0.6611148
11056,0.5103004
11057,0.3152326
1106,0.6611148
11060,0.3152326
11061,0.3152326
11062,0.5103004
11063,0.3152326
11064,0.6236833
11065,0.3499468
11066,0.5103004
11067,0.6611148
11068,0.3152326
11069,0.56228715
1107,0.6611148
11070,0.3499468
11071,0.3499468
11073,0.54095906
11074,0.3152326
11075,0.5103004
11076,0.3152326
11077,0.3152326
11078,0.5103004
11080,0.34236518
11081,0.5103004
11082,0.3499468
11083,0.5103004
11084,0.3499468
11085,0.5103004
11086,0.3152326
11087,0.3152326
11088,0.7203396
11089,0.5103004
1109,0.6611148
11090,0.6236833
11091,0.3152326
11093,0.37471893
11094,0.3152326
11095,0.3499468
11097,0.3152326
11098,0.3152326
11099,0.5103004
111,0.6611148
1110,0.6611148
11100,0.5103004
11101,0.37471893
11102,0.37471893
11103,0.3152326
11104,0.54095906
11106,0.3499468
11108,0.3152326
11109,0.5103004
1111,0.6611148
11110,0.3152326
11111,0.6236833
11112,0.6236833
11113,0.37471893
11114,0.37471893
11115,0.5103004
11116,0.3152326
11117,0.3152326
11118,0.37471893
11119,0.3152326
1112,0.68810236
11120,0.3499468
11122,0.3152326
11123,0.3499468
11125,0.34236518
11126,0.3152326
11127,0.3152326
11128,0.3152326
11129,0.5103004
1113,0.6611148
11130,0.37471893
11131,0.6236833
11132,0.37471893
11133,0.3152326
11134,0.3152326
11135,0.37471893
11138,0.6611148
11139,0.6611148
1114,0.5103004
11140,0.3152326
11141,0.5103004
11142,0.6236833
11143,0.3152326
11145,0.5103004
11146,0.3152326
11148,0.3152326
11149,0.5103004
1115,0.6611148
11150,0.5103004
11151,0.3499468
11152,0.6611148
11153,0.5103004
11154,0.3152326
11155,0.3152326
11156,0.5103004
11157,0.5103004
11158,0.3152326
11159,0.3152326
1116,0.6611148
1117,0.3152326
1118,0.6611148
112,0.6611148
1122,0.6236833
1123,0.6611148
1124,0.6236833
1125,0.5103004
1126,0.37471893
1127,0.6611148
1128,0.6611148
1129,0.6236833
113,0.6611148
1130,0.6611148
1131,0.5103004
1132,0.5103004
1133,0.6611148
1134,0.6611148
1135,0.6611148
1137,0.6236833
1138,0.54095906
1139,0.5103004
114,0.3499468
1140,0.5103004
1141,0.37471893
1142,0.5103004
1144,0.6611148
1145,0.5103004
1146,0.34236518
1147,0.3152326
1148,0.6611148
1149,0.5103004
115,0.6611148
1150,0.5103004
1151,0.7203396
1152,0.6611148
1153,0.6611148
1155,0.6236833
1156,0.37471893
1157,0.5103004
1158,0.6611148
1159,0.6611148
116,0.6611148
1160,0.37471893
1161,0.3152326
1162,0.3152326
1163,0.6611148
1164,0.65208304
1165,0.6611148
1166,0.3152326
1167,0.6611148
1168,0.3152326
1169,0.6236833
117,0.6236833
1170,0.6611148
1171,0.5103004
1172,0.6611148
1173,0.6611148
1174,0.6611148
1175,0.6611148
1176,0.3152326
1177,0.6611148
1178,0.6611148
1179,0.6611148
118,0.6611148
1180,0.3152326
1181,0.6611148
1182,0.6611148
1183,0.6611148
1184,0.6611148
1185,0.68810236
1186,0.6236833
1187,0.6611148
1189,0.3152326
119,0.6611148
1191,0.6611148
1192,0.6611148
1193,0.6611148
1194,0.3152326
1195,0.5103004
1197,0.6611148
1198,0.6528423
12,0.6611148
120,0.6611148
1200,0.3152326
1201,0.37471893
1202,0.37471893
1203,0.6611148
1204,0.3152326
1205,0.6611148
1206,0.5103004
1207,0.6236833
121,0.6611148
1210,0.6611148
1211,0.6611148
1212,0.6611148
1213,0.6528423
1214,0.6236833
1215,0.37471893
1216,0.3152326
1217,0.5103004
1218,0.6611148
1219,0.6611148
122,0.6611148
1221,0.5103004
1222,0.3152326
1223,0.3152326
1224,0.6236833
1225,0.6236833
1226,0.6528423
1227,0.3152326
1228,0.6236833
1229,0.5103004
123,0.6611148
1230,0.3152326
1231,0.3152326
1232,0.5103004
1233,0.5103004
1234,0.3152326
1235,0.5103004
1236,0.37471893
1238,0.3152326
1239,0.3152326
1240,0.3152326
1241,0.3152326
1242,0.3152326
1243,0.3152326
1244,0.6236833
1245,0.6611148
1247,0.3152326
1248,0.34236518
125,0.6611148
1250,0.37471893
1251,0.3152326
1252,0.3152326
1253,0.5103004
1254,0.3152326
1255,0.5103004
1256,0.3152326
1257,0.3152326
1258,0.3152326
1259,0.5103004
126,0.6611148
1260,0.5103004
1261,0.3152326
1262,0.37471893
1263,0.5103004
1264,0.3152326
1265,0.37471893
1266,0.6236833
1267,0.6236833
1268,0.3152326
1269,0.37471893
127,0.6611148
1270,0.5103004
1271,0.37471893
1272,0.3152326
1273,0.3152326
1274,0.5103004
1275,0.6236833
1276,0.5103004
1277,0.5103004
1278,0.6611148
1279,0.5103004
128,0.6611148
1280,0.3152326
1281,0.5103004
1283,0.5103004
1284,0.3152326
1285,0.7203396
1287,0.5103004
1288,0.5103004
1289,0.37471893
129,0.6611148
1290,0.5103004
1291,0.3152326
1292,0.3152326
1293,0.3152326
1294,0.3152326
1295,0.3152326
1296,0.54095906
1297,0.6611148
1298,0.5103004
13,0.6611148
130,0.6236833
1300,0.5103004
1301,0.5666612
1302,0.50112456
1303,0.5103004
1304,0.50112456
1305,0.6611148
1306,0.50112456
1307,0.6236833
1308,0.5103004
131,0.6611148
1310,0.5103004
1311,0.50112456
1312,0.5666612
1313,0.5666612
1315,0.50112456
1316,0.5103004
1318,0.5103004
1319,0.50112456
132,0.6611148
1320,0.5666612
1321,0.50112456
1322,0.50112456
1323,0.5666612
1324,0.5666612
1325,0.5103004
1326,0.5103004
1327,0.5103004
1328,0.6473949
1329,0.50112456
133,0.6611148
1330,0.50112456
1331,0.5103004
1332,0.5103004
1333,0.50112456
1334,0.50112456
1335,0.50112456
1336,0.5103004
1337,0.50112456
1338,0.50112456
1339,0.50112456
134,0.3499468
1340,0.5103004
1341,0.50112456
1342,0.50112456
1343,0.5103004
1344,0.5666612
1345,0.50112456
1346,0.50112456
1348,0.50112456
1349,0.50112456
135,0.6611148
1350,0.6611148
1351,0.6611148
1352,0.5103004
1353,0.5103004
1354,0.5103004
1355,0.5103004
1356,0.5666612
1357,0.5666612
1358,0.5103004
1359,0.5103004
136,0.6611148
1360,0.5103004
1361,0.5103004
1362,0.5666612
1363,0.5103004
1364,0.5666612
1365,0.5666612
1366,0.5103004
1367,0.5103004
1368,0.50112456
1369,0.50112456
137,0.6611148
1370,0.50112456
1371,0.5666612
1372,0.5103004
1373,0.50112456
1374,0.50112456
1375,0.5103004
1376,0.5103004
1377,0.50112456
1378,0.6236833
1379,0.50112456
1380,0.6236833
1381,0.5103004
1382,0.5103004
1383,0.54095906
1384,0.5103004
1385,0.5103004
1386,0.5666612
1387,0.6611148
1388,0.5666612
1389,0.5103004
139,0.6611148
1390,0.50112456
1391,0.5103004
1392,0.6611148
1393,0.6611148
1394,0.37471893
1395,0.5103004
1396,0.6611148
1397,0.5103004
1398,0.5103004
1399,0.6611148
14,0.6611148
140,0.6611148
1400,0.5103004
1402,0.6611148
1403,0.3152326
1404,0.6611148
1405,0.5103004
1406,0.6611148
1408,0.6236833
1409,0.3152326
141,0.6611148
1410,0.37471893
1411,0.6611148
1412,0.70947313
1413,0.6611148
1414,0.6236833
1415,0.3152326
1416,0.6611148
1417,0.5103004
1418,0.3152326
1419,0.5103004
142,0.6236833
1420,0.68810236
1421,0.6611148
1422,0.6611148
1423,0.6611148
1424,0.3152326
1425,0.5103004
1426,0.5103004
1427,0.5103004
1428,0.5103004
1429,0.68810236
143,0.6611148
1430,0.3152326
1431,0.3152326
1432,0.3152326
1433,0.34236518
1434,0.5103004
1435,0.6611148
1436,0.6236833
1437,0.6611148
1438,0.3152326
1439,0.5103004
144,0.6611148
1440,0.6611148
1441,0.6236833
1442,0.6236833
1443,0.5103004
1444,0.37471893
1445,0.5103004
1446,0.5103004
1447,0.3152326
1448,0.5103004
1449,0.68810236
145,0.6611148
1450,0.5103004
1451,0.6611148
1452,0.6611148
1454,0.5103004
1455,0.5103004
1456,0.6611148
1457,0.6611148
1458,0.6611148
1459,0.68810236
146,0.6611148
1460,0.5103004
1462,0.3152326
1463,0.5103004
1464,0.3152326
1465,0.6611148
1466,0.6611148
1468,0.6236833
1469,0.3152326
147,0.6611148
1472,0.37471893
1473,0.6236833
1474,0.3152326
1475,0.3152326
1476,0.5103004
1477,0.5103004
1478,0.37471893
1479,0.3152326
148,0.6611148
1480,0.6611148
1481,0.5103004
1482,0.3152326
1483,0.6611148
1484,0.5103004
1485,0.37471893
1486,0.6611148
1487,0.37471893
1488,0.6611148
1489,0.6611148
1490,0.3152326
1491,0.5103004
1492,0.6611148
1493,0.3152326
1494,0.3152326
1495,0.68810236
1497,0.5103004
1498,0.6747553
1499,0.6611148
15,0.6611148
150,0.6611148
1500,0.6236833
1501,0.6236833
1502,0.6611148
1503,0.5103004
1505,0.37471893
1506,0.6611148
1507,0.6611148
1508,0.3152326
1509,0.6236833
151,0.6611148
1510,0.6611148
1511,0.6611148
1512,0.6611148
1513,0.5103004
1514,0.37471893
1515,0.6611148
1516,0.6236833
1517,0.6611148
1518,0.6611148
1519,0.6611148
152,0.6611148
1520,0.68810236
1521,0.70947313
1522,0.6236833
1523,0.6611148
1524,0.6611148
1525,0.6611148
1526,0.6611148
1527,0.65208304
1528,0.6611148
1529,0.5103004
153,0.6611148
1530,0.5103004
1531,0.6611148
1532,0.6611148
1533,0.3152326
1534,0.37471893
1536,0.68810236
1537,0.5103004
1538,0.6473949
154,0.6611148
1540,0.5103004
1541,0.6236833
1542,0.6611148
1543,0.6611148
1544,0.6611148
1545,0.5103004
1546,0.6611148
1547,0.6611148
155,0.6611148
1550,0.6611148
1551,0.37471893
1552,0.5103004
1553,0.6236833
1555,0.6611148
1556,0.6236833
1557,0.6611148
1558,0.5103004
1559,0.37471893
156,0.6236833
1560,0.3152326
1561,0.3152326
1562,0.3152326
1564,0.3152326
1565,0.5103004
1566,0.37471893
1567,0.5103004
1568,0.37471893
1569,0.5103004
157,0.6236833
1570,0.3152326
1571,0.6611148
1572,0.3152326
1573,0.3152326
1574,0.6611148
1576,0.6611148
1578,0.5103004
1579,0.3152326
158,0.6611148
1580,0.5103004
1582,0.5103004
1583,0.5103004
1584,0.3152326
1585,0.37471893
1586,0.5103004
1587,0.5103004
1588,0.6236833
159,0.6236833
1590,0.6528423
1591,0.3152326
1593,0.5103004
1594,0.37471893
1595,0.3152326
1596,0.5103004
1597,0.6611148
16,0.6236833
160,0.6611148
1600,0.3152326
1601,0.3152326
1602,0.5103004
1603,0.5103004
1604,0.5103004
1605,0.5103004
1606,0.5103004
1607,0.34236518
1608,0.3152326
161,0.6611148
1610,0.6236833
1611,0.5103004
1612,0.3152326
1613,0.5103004
1615,0.37471893
1618,0.5103004
1619,0.6236833
162,0.6611148
1621,0.3152326
1622,0.3152326
1623,0.3152326
1624,0.37471893
1625,0.5103004
1626,0.3152326
1627,0.5103004
1628,0.37471893
1629,0.5103004
1630,0.3152326
1631,0.6236833
1632,0.3152326
1633,0.6236833
1634,0.3152326
1635,0.65208304
1636,0.6611148
1637,0.6611148
1638,0.5103004
1639,0.6236833
1640,0.6236833
1641,0.6236833
1642,0.5103004
1643,0.5103004
1644,0.70947313
1645,0.6611148
1646,0.5103004
1648,0.5103004
1649,0.7203396
165,0.6236833
1650,0.5103004
1651,0.6611148
1652,0.6611148
1653,0.6473949
1654,0.6473949
1655,0.6611148
1657,0.5103004
1658,0.6473949
1659,0.6236833
166,0.6611148
1660,0.5103004
1661,0.5103004
1662,0.68810236
1663,0.6473949
1665,0.6473949
1666,0.5103004
1668,0.68810236
1669,0.6473949
167,0.6611148
1670,0.6611148
1671,0.54095906
1672,0.5103004
1673,0.6236833
1675,0.6611148
1676,0.5103004
1677,0.6747553
1679,0.6236833
1680,0.5103004
1681,0.70947313
1682,0.6236833
1683,0.6236833
1684,0.5103004
1685,0.5103004
1686,0.6611148
1688,0.5103004
1689,0.6236833
169,0.6236833
1690,0.6473949
1691,0.5103004
1692,0.5103004
1693,0.6747553
1694,0.5103004
1695,0.5103004
1696,0.5103004
1697,0.6236833
1698,0.6611148
1699,0.5103004
17,0.6611148
170,0.6611148
1700,0.6747553
1701,0.6236833
1702,0.6611148
1703,0.6473949
1704,0.6236833
1705,0.6747553
1706,0.5103004
1707,0.5103004
1708,0.6236833
1709,0.6236833
171,0.6611148
1710,0.6473949
1712,0.5103004
1713,0.5103004
1714,0.6611148
1715,0.6747553
1716,0.6473949
1717,0.5103004
1718,0.6611148
1719,0.6236833
172,0.6611148
1721,0.6611148
1722,0.6611148
1723,0.6611148
1724,0.6611148
1725,0.37471893
1726,0.6611148
1727,0.5103004
1728,0.5103004
1729,0.5103004
173,0.6611148
1730,0.5103004
1731,0.5103004
1732,0.6611148
1734,0.5103004
1735,0.7203396
1736,0.68810236
1737,0.5103004
1738,0.6611148
174,0.6611148
1741,0.5103004
1742,0.6747553
1743,0.6236833
1744,0.6236833
1745,0.6611148
1746,0.54095906
1747,0.70947313
1748,0.6611148
1749,0.5103004
175,0.6611148
1750,0.37471893
1751,0.5103004
1752,0.5103004
1753,0.6236833
1754,0.6611148
1755,0.70947313
1756,0.6473949
1757,0.6473949
1758,0.70947313
1759,0.5103004
176,0.6611148
1760,0.6747553
1761,0.5103004
1762,0.6236833
1763,0.6236833
1764,0.5103004
1765,0.54095906
1766,0.6473949
1767,0.70947313
1768,0.5103004
1769,0.6236833
177,0.6611148
1770,0.6611148
1771,0.70947313
1772,0.5103004
1773,0.6611148
1775,0.6611148
1776,0.6611148
1777,0.5103004
1778,0.6611148
1779,0.5103004
178,0.6611148
1781,0.6611148
1782,0.6611148
1784,0.5103004
1785,0.5103004
1786,0.6236833
1787,0.5103004
1788,0.6611148
1789,0.70947313
179,0.6611148
1790,0.6611148
1791,0.6611148
1792,0.70947313
1793,0.6236833
1794,0.6611148
1795,0.6611148
1797,0.6236833
1798,0.6611148
1799,0.6611148
18,0.6611148
180,0.6611148
1800,0.6611148
1802,0.6611148
1803,0.68810236
1804,0.70947313
1805,0.6236833
1807,0.6611148
1808,0.6236833
1809,0.6611148
181,0.6611148
1811,0.6611148
1813,0.70947313
1814,0.6236833
1815,0.6611148
1816,0.6236833
1817,0.6611148
1818,0.6236833
1819,0.5103004
182,0.6611148
1820,0.6611148
1821,0.6611148
1822,0.6611148
1823,0.6611148
1825,0.6611148
1826,0.6611148
1827,0.6236833
1828,0.6611148
1829,0.6611148
183,0.6611148
1830,0.6611148
1831,0.6236833
1832,0.70947313
1833,0.6236833
1834,0.6611148
1835,0.68810236
1836,0.6611148
1837,0.65208304
184,0.6611148
1840,0.70947313
1842,0.6611148
1843,0.6611148
1844,0.68810236
1845,0.6611148
1846,0.6611148
1847,0.65208304
1848,0.6611148
1849,0.6611148
185,0.6611148
1850,0.6611148
1851,0.6236833
1852,0.6611148
1853,0.6611148
1854,0.6236833
1855,0.6611148
1856,0.6747553
1857,0.6611148
1859,0.70947313
186,0.6611148
1860,0.6236833
1861,0.6611148
1862,0.6611148
1863,0.5103004
1864,0.68810236
1865,0.6236833
1866,0.6611148
1867,0.5103004
1869,0.6611148
187,0.6611148
1870,0.6611148
1871,0.6611148
1872,0.6611148
1873,0.6611148
1874,0.6611148
1875,0.6611148
1876,0.6236833
1877,0.6611148
1878,0.6611148
1879,0.68810236
188,0.6611148
1880,0.6611148
1881,0.5103004
1882,0.6611148
1883,0.6236833
1884,0.6611148
1885,0.6236833
1886,0.6611148
1887,0.6611148
1888,0.6611148
1889,0.68810236
189,0.6611148
1890,0.6611148
1891,0.65208304
1892,0.6611148
1893,0.6611148
1894,0.6236833
1895,0.6611148
1896,0.6473949
1897,0.6747553
1898,0.6611148
1899,0.54095906
19,0.6236833
190,0.6611148
1900,0.6611148
1901,0.70947313
1902,0.6611148
1903,0.5103004
1904,0.68810236
1905,0.6611148
1906,0.6611148
1908,0.6611148
1909,0.6611148
191,0.6611148
1910,0.6236833
1911,0.61244
1912,0.6611148
1914,0.6611148
1915,0.6611148
1917,0.6611148
1918,0.6611148
1919,0.6611148
192,0.6611148
1920,0.6236833
1921,0.6236833
1923,0.6611148
1924,0.6236833
1925,0.6611148
1926,0.6611148
1927,0.5103004
1928,0.6473949
1929,0.5103004
193,0.6611148
1930,0.6611148
1931,0.6236833
1932,0.6611148
1933,0.6236833
1934,0.6611148
1935,0.6611148
1936,0.6611148
1937,0.5103004
1938,0.6611148
1939,0.6611148
194,0.3499468
1940,0.6611148
1941,0.5103004
1942,0.6611148
1943,0.6611148
1944,0.6611148
1946,0.6611148
1947,0.6611148
1948,0.6611148
195,0.6611148
1950,0.6611148
1951,0.6611148
1953,0.6611148
1954,0.70947313
1955,0.65208304
1956,0.6236833
1957,0.6611148
1958,0.6611148
1959,0.65208304
1960,0.6611148
1961,0.6611148
1962,0.6611148
1963,0.5103004
1964,0.6236833
1965,0.70947313
1966,0.6236833
1967,0.68810236
1968,0.5103004
1969,0.6611148
1970,0.6611148
1971,0.6236833
1972,0.6236833
1974,0.70947313
1975,0.5103004
1976,0.6611148
1977,0.6611148
1978,0.37471893
1979,0.5103004
198,0.6611148
1980,0.6611148
1981,0.6611148
1982,0.6747553
1983,0.6611148
1984,0.6611148
1985,0.6236833
1986,0.68810236
1987,0.6611148
1988,0.6611148
1989,0.6236833
199,0.6611148
1990,0.68810236
1991,0.6611148
1992,0.6611148
1993,0.6611148
1994,0.3152326
1995,0.68810236
1996,0.6611148
1997,0.6611148
1998,0.5103004
1999,0.6611148
2,0.6611148
20,0.6236833
200,0.6236833
2000,0.6611148
2001,0.68810236
2002,0.6611148
2003,0.6611148
2004,0.65208304
2005,0.6611148
2006,0.5103004
2007,0.6611148
2008,0.6611148
2009,0.65208304
201,0.3499468
2010,0.6236833
2011,0.5103004
2012,0.6611148
2013,0.65208304
2014,0.5103004
2015,0.6611148
2016,0.6236833
2017,0.6611148
2018,0.6236833
2019,0.6611148
202,0.6611148
2020,0.6611148
2021,0.6611148
2022,0.65208304
2023,0.6236833
2024,0.6236833
2025,0.6611148
2026,0.6236833
2027,0.6611148
2028,0.6611148
2029,0.6611148
2030,0.5103004
2031,0.6611148
2032,0.6236833
2033,0.6611148
2034,0.6611148
2035,0.6611148
2036,0.68810236
2037,0.6611148
2038,0.6611148
2039,0.6611148
204,0.6611148
2040,0.54095906
2042,0.6611148
2043,0.6611148
2044,0.5103004
2045,0.6611148
2046,0.6236833
2047,0.6611148
2048,0.6611148
2049,0.6611148
205,0.6236833
2050,0.6236833
2051,0.6236833
2052,0.6611148
2053,0.5103004
2054,0.6236833
2055,0.6611148
2056,0.6611148
2057,0.6611148
2058,0.6236833
2059,0.70947313
206,0.6611148
2060,0.5103004
2061,0.5103004
2062,0.5103004
2063,0.5103004
2064,0.6236833
2065,0.6236833
2066,0.5103004
2068,0.6236833
2069,0.70947313
207,0.3499468
2071,0.6611148
2072,0.37471893
2073,0.6236833
2074,0.6236833
2075,0.6611148
2076,0.6611148
2077,0.6611148
2078,0.6611148
2079,0.6611148
208,0.6611148
2080,0.6611148
2081,0.6236833
2082,0.68810236
2083,0.5103004
2084,0.6611148
2085,0.70947313
2086,0.6611148
2088,0.70947313
2089,0.6611148
209,0.6611148
2090,0.6747553
2091,0.5103004
2092,0.6611148
2093,0.37471893
2094,0.5103004
2095,0.6236833
2096,0.6236833
2098,0.5103004
2099,0.6236833
21,0.6611148
210,0.6236833
2100,0.6473949
2101,0.37471893
2103,0.7203396
2104,0.3152326
2105,0.5103004
2106,0.6747553
2108,0.68810236
2109,0.68810236
211,0.6611148
2110,0.6473949
2111,0.6236833
2112,0.3152326
2113,0.5103004
2115,0.6611148
2117,0.6611148
2118,0.6611148
2119,0.6473949
212,0.6611148
2120,0.6611148
2121,0.5103004
2122,0.5103004
2123,0.5103004
2124,0.3152326
2125,0.54095906
2126,0.3152326
2127,0.54095906
2128,0.5103004
2129,0.5103004
213,0.6236833
2130,0.5103004
2131,0.6611148
2132,0.6528423
2133,0.68810236
2134,0.6611148
2135,0.6236833
2136,0.34236518
2137,0.37471893
2138,0.37471893
2139,0.54095906
214,0.6611148
2140,0.6611148
2141,0.5103004
2142,0.6236833
2143,0.5103004
2144,0.5103004
2145,0.6473949
2146,0.5103004
2147,0.37471893
2148,0.5103004
2149,0.37471893
215,0.6611148
2150,0.6747553
2151,0.6473949
2152,0.3152326
2153,0.3152326
2155,0.70947313
2156,0.54095906
2157,0.5103004
2158,0.5103004
2159,0.37471893
216,0.6611148
2160,0.5103004
2162,0.6236833
2163,0.6473949
2164,0.5103004
2165,0.5103004
2166,0.5103004
2167,0.7203396
2168,0.5103004
2169,0.5103004
2170,0.37471893
2171,0.5103004
2172,0.3152326
2173,0.5103004
2175,0.6611148
2176,0.6611148
2177,0.5103004
2178,0.5103004
2179,0.37471893
218,0.6611148
2180,0.6473949
2181,0.5103004
2183,0.34236518
2184,0.37471893
2185,0.5103004
2186,0.5103004
2187,0.6611148
2189,0.6611148
219,0.6611148
2190,0.54095906
2191,0.5103004
2192,0.7203396
2193,0.6236833
2194,0.5103004
2195,0.5103004
2196,0.7203396
2197,0.5103004
2198,0.6611148
2199,0.6611148
22,0.6611148
220,0.6611148
2200,0.37471893
2201,0.37471893
2202,0.56228715
2203,0.5103004
2204,0.3152326
2205,0.5103004
2206,0.6473949
2207,0.6611148
2208,0.56228715
2209,0.3152326
221,0.6611148
2210,0.5103004
2211,0.5103004
2212,0.5103004
2213,0.54095906
2214,0.6236833
2215,0.6503629
2216,0.5103004
2217,0.37471893
2218,0.37471893
2219,0.5103004
222,0.6236833
2220,0.37471893
2222,0.6473949
2223,0.5103004
2224,0.56228715
2225,0.6236833
2226,0.6236833
2227,0.5103004
2228,0.6611148
2229,0.37471893
223,0.6611148
2230,0.5103004
2231,0.5103004
2232,0.5103004
2233,0.6611148
2234,0.37471893
2235,0.5103004
2236,0.5103004
2237,0.6236833
2238,0.6473949
2239,0.5103004
224,0.6611148
2240,0.37471893
2241,0.6236833
2242,0.6473949
2243,0.37471893
2244,0.6611148
2245,0.6611148
2246,0.70947313
2247,0.68810236
2248,0.40395117
2249,0.6236833
225,0.6611148
2250,0.6473949
2251,0.5103004
2252,0.5103004
2253,0.6236833
2254,0.37471893
2255,0.5103004
2256,0.5103004
2257,0.5103004
2258,0.3152326
226,0.6611148
2260,0.6611148
2261,0.54095906
2262,0.34236518
2263,0.37471893
2264,0.56228715
2265,0.3152326
2266,0.3152326
2267,0.3152326
2268,0.3152326
2269,0.3152326
227,0.6236833
2270,0.3152326
2271,0.70947313
2272,0.3152326
2273,0.5103004
2274,0.6236833
2275,0.5103004
2276,0.6473949
2277,0.5103004
2278,0.7203396
2279,0.5103004
228,0.6236833
2280,0.6236833
2281,0.5103004
2282,0.6528423
2283,0.37471893
2284,0.6611148
2285,0.5103004
2287,0.6236833
2288,0.6611148
229,0.6611148
2290,0.6236833
2291,0.6473949
2292,0.6236833
2293,0.5103004
2294,0.37471893
2295,0.6236833
2296,0.6236833
2297,0.6528423
2298,0.5103004
2299,0.3152326
23,0.6611148
230,0.6611148
2300,0.3152326
2301,0.3152326
2303,0.5103004
2304,0.5103004
2305,0.6473949
2306,0.70947313
2307,0.6236833
2308,0.5103004
2309,0.3152326
231,0.6611148
2310,0.3152326
2311,0.65208304
2312,0.65208304
2313,0.3152326
2314,0.5103004
2315,0.5103004
2316,0.5103004
2317,0.6473949
2318,0.5103004
2319,0.5103004
232,0.6236833
2320,0.37471893
2321,0.5103004
2322,0.54095906
2323,0.37471893
2324,0.3152326
2325,0.6473949
2326,0.3152326
2327,0.37471893
2328,0.3152326
2329,0.3152326
233,0.6236833
2330,0.5103004
2332,0.37471893
2333,0.6611148
2334,0.5103004
2335,0.5103004
2336,0.5103004
2337,0.54095906
2338,0.5103004
2339,0.5103004
234,0.6611148
2340,0.6611148
2341,0.6473949
2342,0.6611148
2343,0.6236833
2345,0.3152326
2346,0.3152326
2347,0.5103004
2349,0.6236833
235,0.6611148
2350,0.3152326
2351,0.6473949
2352,0.5103004
2353,0.5103004
2354,0.5103004
2355,0.5103004
2356,0.5103004
2357,0.5103004
2358,0.5103004
2359,0.6747553
236,0.6611148
2360,0.6611148
2361,0.5103004
2362,0.70947313
2364,0.6747553
2365,0.3152326
2367,0.37471893
2368,0.5103004
2369,0.5103004
237,0.3499468
2370,0.37471893
2371,0.6473949
2372,0.6236833
2373,0.37471893
2374,0.6611148
2375,0.5103004
2377,0.5103004
2378,0.5103004
2379,0.5103004
238,0.6611148
2380,0.5103004
2381,0.5103004
2382,0.6236833
2383,0.5103004
2384,0.5103004
2385,0.5103004
2386,0.70947313
2387,0.37471893
2388,0.5103004
2389,0.5103004
2390,0.5103004
2391,0.6236833
2392,0.6611148
2393,0.5103004
2394,0.37471893
2395,0.5103004
2397,0.6611148
2398,0.6611148
2399,0.54095906
24,0.6611148
240,0.6611148
2401,0.6236833
2402,0.5103004
2403,0.3152326
2404,0.3152326
2406,0.3152326
2407,0.5103004
2408,0.37471893
2409,0.54095906
241,0.6611148
2410,0.3152326
2411,0.3152326
2413,0.6236833
2414,0.6747553
2415,0.6611148
2416,0.5103004
2417,0.6611148
2418,0.37471893
2419,0.6611148
242,0.6236833
2420,0.6747553
2421,0.5103004
2422,0.7203396
2423,0.56228715
2424,0.5103004
2425,0.70947313
2426,0.6747553
2427,0.5103004
2428,0.6473949
2429,0.5103004
243,0.6611148
2430,0.5103004
2431,0.5103004
2432,0.6473949
2433,0.40395117
2435,0.6528423
2436,0.5103004
244,0.6236833
2441,0.5103004
2442,0.6236833
2443,0.5103004
2444,0.5103004
2445,0.5103004
2446,0.5103004
2447,0.3152326
2448,0.6611148
2449,0.5103004
245,0.6611148
2450,0.3152326
2451,0.5103004
2452,0.6236833
2453,0.6236833
2454,0.6528423
2456,0.40395117
2457,0.5103004
2458,0.6473949
2459,0.3152326
246,0.6611148
2460,0.5103004
2461,0.5103004
2463,0.5103004
2465,0.65208304
2466,0.6473949
2467,0.5103004
2468,0.5103004
2469,0.6473949
247,0.6611148
2470,0.6473949
2472,0.37471893
2473,0.6611148
2474,0.37471893
2475,0.5103004
2476,0.5103004
2477,0.3152326
2478,0.6473949
2479,0.5103004
248,0.6611148
2480,0.3152326
2481,0.5103004
2482,0.6611148
2483,0.6473949
2484,0.37471893
2485,0.5103004
2486,0.6236833
2487,0.7203396
2488,0.6236833
2489,0.6236833
249,0.6611148
2491,0.5103004
2492,0.6611148
2493,0.37471893
2494,0.6611148
2495,0.3152326
2496,0.5103004
2497,0.5103004
2498,0.5103004
2499,0.6611148
25,0.6611148
250,0.6236833
2500,0.5103004
2501,0.6473949
2502,0.7203396
2503,0.6473949
2505,0.5103004
2507,0.6236833
2508,0.6611148
2509,0.5103004
251,0.6236833
2510,0.3152326
2511,0.6473949
2512,0.5103004
2513,0.5103004
2514,0.6236833
2515,0.6473949
2516,0.5103004
2517,0.37471893
2518,0.6611148
2519,0.6473949
252,0.6611148
2520,0.6473949
2521,0.6236833
2522,0.5103004
2523,0.5103004
2524,0.70947313
2525,0.3152326
2526,0.5103004
2527,0.6473949
2528,0.6747553
2529,0.5103004
253,0.6611148
2531,0.37471893
2532,0.3152326
2533,0.3152326
2534,0.5103004
2535,0.37471893
2537,0.37471893
2538,0.6236833
2539,0.68810236
254,0.6611148
2541,0.6473949
2543,0.37471893
2545,0.5103004
2546,0.5103004
2547,0.6611148
2548,0.70947313
2549,0.3152326
255,0.6611148
2550,0.37471893
2551,0.5103004
2552,0.37471893
2554,0.5103004
2555,0.7203396
2556,0.6236833
2557,0.6236833
2558,0.6747553
2559,0.5103004
2560,0.5103004
2561,0.54095906
2562,0.37471893
2563,0.6611148
2564,0.5103004
2565,0.6528423
2566,0.40395117
2567,0.5103004
2568,0.5103004
2569,0.6236833
257,0.6611148
2570,0.5103004
2571,0.37471893
2572,0.37471893
2573,0.6473949
2574,0.54095906
2575,0.6473949
2577,0.54095906
2578,0.5103004
2579,0.6747553
258,0.6236833
2580,0.3152326
2581,0.6528423
2582,0.6473949
2583,0.6236833
2584,0.70947313
2585,0.6747553
2586,0.6528423
2587,0.65208304
2588,0.5103004
2589,0.6236833
259,0.6236833
2590,0.7203396
2591,0.6236833
2593,0.6473949
2594,0.6473949
2595,0.3152326
2596,0.5103004
2597,0.5103004
2599,0.37471893
26,0.6236833
260,0.6611148
2600,0.6611148
2601,0.5103004
2603,0.34236518
2604,0.6473949
2605,0.5103004
2606,0.6236833
2607,0.5103004
2608,0.56228715
2609,0.37471893
261,0.6611148
2610,0.54095906
2611,0.6611148
2612,0.40395117
2613,0.6473949
2614,0.5103004
2615,0.3152326
2616,0.5103004
2617,0.3152326
2618,0.6747553
262,0.6611148
2620,0.5103004
2621,0.6236833
2622,0.5103004
2623,0.6473949
2624,0.56228715
2625,0.5103004
2626,0.3152326
2627,0.37471893
2628,0.6473949
2629,0.3152326
263,0.3499468
2630,0.5103004
2631,0.34236518
2632,0.6473949
2633,0.6473949
2634,0.54095906
2635,0.70947313
2637,0.6473949
2638,0.6611148
2639,0.6611148
2640,0.6473949
2642,0.65208304
2643,0.6236833
2644,0.6473949
2645,0.6473949
2646,0.5103004
2648,0.6236833
2649,0.6473949
265,0.6611148
2650,0.6473949
2651,0.5103004
2652,0.6747553
2655,0.7203396
2656,0.6236833
2657,0.6473949
2658,0.3152326
2659,0.6236833
266,0.6611148
2661,0.6473949
2662,0.5103004
2663,0.5103004
2664,0.6236833
2665,0.5103004
2666,0.5103004
2667,0.5103004
2669,0.5103004
267,0.6611148
2670,0.5103004
2671,0.5103004
2672,0.5103004
2673,0.5103004
2674,0.6473949
2675,0.3152326
2676,0.5103004
2678,0.5103004
2679,0.5103004
268,0.6611148
2680,0.34236518
2682,0.3152326
2683,0.3152326
2684,0.54095906
2685,0.68810236
2686,0.5103004
2687,0.5103004
2688,0.37471893
2689,0.6611148
269,0.6236833
2690,0.37471893
2691,0.6611148
2692,0.5103004
2693,0.56228715
2694,0.37471893
2695,0.56228715
2696,0.6611148
2697,0.34236518
2698,0.56228715
2699,0.56228715
27,0.6611148
270,0.6611148
2700,0.70947313
2701,0.70947313
2702,0.6528423
2703,0.5103004
2704,0.5103004
2705,0.6236833
2706,0.6611148
2707,0.5103004
2708,0.68810236
2709,0.70947313
271,0.6611148
2710,0.56228715
2711,0.7203396
2712,0.6473949
2713,0.5103004
2714,0.6473949
2715,0.5103004
2716,0.6611148
2718,0.5103004
2719,0.6473949
272,0.6236833
2720,0.54095906
2721,0.56228715
2723,0.7203396
2725,0.4984655
2726,0.4984655
2727,0.65208304
2728,0.7203396
2729,0.70947313
273,0.6611148
2730,0.5103004
2731,0.4984655
2732,0.6611148
2734,0.37471893
2735,0.5103004
2737,0.5291815
2738,0.6473949
2739,0.7079883
274,0.6611148
2740,0.70947313
2741,0.6473949
2742,0.6473949
2743,0.6236833
2744,0.4984655
2745,0.37471893
2746,0.4984655
2747,0.5103004
2748,0.4984655
2749,0.6611148
275,0.6236833
2750,0.6473949
2751,0.6473949
2752,0.5103004
2753,0.37471893
2754,0.6611148
2755,0.6611148
2756,0.5103004
2757,0.6236833
2758,0.6473949
2759,0.6236833
276,0.6611148
2760,0.6236833
2761,0.7203396
2762,0.6236833
2763,0.4984655
2764,0.37471893
2766,0.4984655
2767,0.5103004
2768,0.7203396
2769,0.4984655
277,0.6611148
2771,0.4984655
2772,0.5103004
2773,0.6611148
2775,0.4984655
2776,0.4984655
2778,0.6473949
2779,0.5103004
278,0.6611148
2780,0.7079883
2781,0.6236833
2783,0.5103004
2784,0.6473949
2785,0.70947313
2786,0.5103004
2787,0.6611148
2788,0.7203396
2789,0.6611148
2790,0.70947313
2791,0.6747553
2792,0.6747553
2793,0.6611148
2794,0.4984655
2795,0.6473949
2796,0.5103004
2797,0.4984655
2798,0.5103004
2799,0.5103004
28,0.6236833
2803,0.4984655
2804,0.6473949
2805,0.7079883
2806,0.6473949
2807,0.6747553
2809,0.6473949
281,0.6611148
2810,0.54095906
2811,0.6473949
2812,0.5103004
2813,0.6473949
2814,0.4984655
2815,0.5103004
2816,0.4984655
2818,0.5103004
2819,0.6236833
282,0.6236833
2821,0.5103004
2822,0.6473949
2823,0.5103004
2824,0.5103004
2825,0.4984655
2827,0.5103004
2830,0.5103004
2831,0.4984655
2835,0.6473949
2836,0.5103004
2837,0.5291815
2838,0.4984655
284,0.6611148
2840,0.5103004
2841,0.6236833
2842,0.6236833
2843,0.6473949
2844,0.37471893
2845,0.4984655
2846,0.37471893
2848,0.5103004
285,0.6611148
2851,0.5103004
2852,0.5103004
2853,0.6473949
2854,0.4984655
2855,0.54095906
2856,0.4984655
2857,0.68810236
2858,0.54095906
2859,0.6473949
2860,0.5103004
2861,0.6236833
2862,0.5103004
2863,0.5103004
2864,0.6611148
2865,0.4984655
2866,0.6236833
2867,0.37471893
2868,0.5103004
2869,0.5103004
287,0.6611148
2870,0.5103004
2871,0.5103004
2872,0.37471893
2873,0.7203396
2874,0.37471893
2877,0.3152326
2878,0.6236833
2879,0.5103004
288,0.6611148
2880,0.6236833
2881,0.5103004
2883,0.5103004
2884,0.5103004
2885,0.5103004
2886,0.5103004
2888,0.65208304
2889,0.6473949
289,0.6611148
2890,0.37471893
2891,0.6473949
2892,0.3152326
2893,0.7203396
2894,0.3152326
2895,0.37471893
2896,0.6611148
2897,0.5103004
2898,0.37471893
29,0.6611148
290,0.6236833
2900,0.5103004
2901,0.6473949
2902,0.5103004
2904,0.5103004
2905,0.7203396
2906,0.3152326
2907,0.37471893
2908,0.3152326
291,0.6611148
2910,0.7203396
2912,0.7203396
2913,0.6747553
2914,0.56228715
2915,0.56228715
2916,0.6473949
2917,0.5103004
2918,0.54095906
2919,0.3152326
292,0.6611148
2920,0.3152326
2923,0.56228715
2924,0.7203396
2925,0.3152326
2926,0.6611148
2927,0.37471893
2928,0.70947313
2929,0.70947313
293,0.6611148
2930,0.54095906
2931,0.6528423
2932,0.34236518
2933,0.7203396
2934,0.6473949
2935,0.6473949
2936,0.6747553
2937,0.7203396
2938,0.5103004
2939,0.6473949
294,0.6236833
2940,0.5103004
2941,0.7203396
2942,0.6473949
2943,0.5103004
2944,0.3152326
2946,0.5103004
2948,0.7203396
2949,0.6236833
295,0.6236833
2950,0.5103004
2951,0.7203396
2952,0.5103004
2953,0.6236833
2954,0.6611148
2955,0.6611148
2956,0.3152326
2957,0.5103004
2959,0.6611148
296,0.6611148
2960,0.3152326
2961,0.54095906
2962,0.5103004
2963,0.5103004
2964,0.5103004
2966,0.6236833
2967,0.6473949
2968,0.5103004
2969,0.6236833
297,0.6611148
2970,0.3152326
2971,0.70947313
2972,0.6473949
2973,0.54095906
2974,0.5103004
2975,0.5103004
2976,0.5103004
2977,0.6473949
2978,0.5103004
2979,0.3152326
2980,0.6528423
2981,0.5103004
2982,0.6236833
2983,0.6473949
2985,0.5103004
2986,0.5103004
2987,0.6747553
2988,0.70947313
299,0.6611148
2990,0.6473949
2991,0.6611148
2992,0.68810236
2993,0.5103004
2994,0.6611148
2995,0.5103004
2996,0.54095906
2997,0.6473949
2999,0.6611148
3,0.6236833
30,0.6611148
300,0.6611148
3000,0.6236833
3001,0.5103004
3002,0.6611148
3004,0.6747553
3005,0.3152326
3006,0.5103004
3007,0.6236833
3009,0.68810236
301,0.6611148
3010,0.68810236
3011,0.6473949
3012,0.5103004
3013,0.65208304
3014,0.40395117
3015,0.5103004
3016,0.6473949
3017,0.5103004
3018,0.5103004
3019,0.54095906
302,0.6611148
3020,0.6473949
3021,0.6236833
3022,0.6473949
3023,0.6236833
3024,0.6473949
3026,0.6611148
3027,0.7203396
3028,0.5103004
3029,0.5103004
303,0.6611148
3030,0.6473949
3031,0.6473949
3032,0.6747553
3033,0.70947313
3034,0.5103004
3035,0.5103004
3036,0.5103004
3037,0.7203396
3038,0.54095906
3039,0.6473949
304,0.6611148
3040,0.6473949
3041,0.5103004
3042,0.5103004
3043,0.68810236
3044,0.6473949
3045,0.6473949
3046,0.5103004
3047,0.6236833
3050,0.6528423
3051,0.6473949
3052,0.70947313
3053,0.56228715
3054,0.5103004
3055,0.5103004
3056,0.7203396
3057,0.6747553
3058,0.6473949
3059,0.40395117
306,0.6611148
3060,0.70947313
3061,0.5103004
3062,0.6473949
3063,0.5103004
3064,0.5103004
3065,0.5103004
3066,0.70947313
3067,0.6236833
3068,0.3152326
3069,0.37471893
307,0.6236833
3070,0.6473949
3071,0.5103004
3073,0.3152326
3074,0.6236833
3076,0.6473949
3077,0.40395117
3078,0.6473949
3079,0.6747553
3080,0.5103004
3082,0.6473949
3083,0.5103004
3084,0.5103004
3085,0.5103004
3086,0.5103004
3087,0.5103004
3088,0.6473949
3089,0.5103004
309,0.6611148
3090,0.6747553
3091,0.6473949
3092,0.6473949
3093,0.70947313
3094,0.5103004
3095,0.5103004
3096,0.6473949
3097,0.70947313
3099,0.70947313
31,0.6611148
310,0.6611148
3100,0.3152326
3101,0.6473949
3103,0.34236518
3104,0.6473949
3105,0.7203396
3109,0.6611148
311,0.6611148
3110,0.5103004
3111,0.70947313
3112,0.5103004
3113,0.6473949
3114,0.5103004
3115,0.3152326
3116,0.6528423
3117,0.7203396
3118,0.37471893
312,0.6611148
3121,0.6473949
3122,0.5103004
3123,0.37471893
3124,0.6473949
3125,0.34236518
3126,0.5103004
3127,0.6236833
3129,0.6236833
313,0.6611148
3130,0.6236833
3131,0.65208304
3132,0.6236833
3134,0.5103004
3136,0.40395117
3137,0.6473949
3138,0.6747553
3139,0.6236833
314,0.3499468
3140,0.34236518
3141,0.6528423
3142,0.3152326
3143,0.5103004
3145,0.6473949
3146,0.5103004
3147,0.5103004
3148,0.6611148
3149,0.6473949
315,0.6611148
3151,0.6236833
3152,0.40395117
3153,0.6473949
3154,0.6473949
3155,0.6611148
3156,0.6611148
3157,0.5103004
3158,0.6236833
316,0.6611148
3160,0.37471893
3161,0.56228715
3162,0.5103004
3163,0.54095906
3164,0.37471893
3165,0.7203396
3166,0.68810236
3167,0.6473949
3168,0.5103004
3169,0.3152326
317,0.6611148
3170,0.6236833
3171,0.6473949
3172,0.34236518
3173,0.56228715
3175,0.6473949
3176,0.3152326
3177,0.3152326
3178,0.3152326
3179,0.7203396
318,0.6611148
3180,0.6611148
3181,0.6473949
3182,0.6611148
3183,0.6528423
3185,0.6528423
3186,0.6747553
3187,0.6473949
3188,0.54095906
3189,0.6528423
319,0.6611148
3190,0.6611148
3191,0.56228715
3193,0.6473949
3194,0.6473949
3195,0.3152326
3196,0.5103004
3197,0.6473949
3198,0.6473949
32,0.6611148
320,0.6611148
3200,0.6473949
3201,0.6747553
3202,0.6473949
3203,0.6611148
3204,0.6747553
3205,0.5103004
3206,0.70947313
3207,0.6236833
3208,0.6611148
3209,0.6473949
321,0.6611148
3210,0.6473949
3211,0.70947313
3212,0.5103004
3213,0.6528423
3214,0.40395117
3215,0.37471893
3216,0.54095906
3217,0.6473949
3218,0.6473949
3219,0.6528423
322,0.6611148
3220,0.6611148
3221,0.70947313
3222,0.6473949
3223,0.5103004
3224,0.56228715
3225,0.3152326
3226,0.3152326
3227,0.6747553
3228,0.7203396
3229,0.6473949
323,0.6611148
3230,0.56228715
3231,0.6473949
3232,0.6473949
3233,0.6473949
3234,0.37471893
3235,0.6611148
3236,0.6473949
3237,0.7203396
3238,0.3499468
3239,0.5103004
324,0.6611148
3240,0.5103004
3241,0.70947313
3242,0.6473949
3243,0.5103004
3244,0.5103004
3245,0.6473949
3246,0.6473949
3247,0.6473949
3249,0.5103004
325,0.6611148
3250,0.6473949
3251,0.3499468
3252,0.6236833
3254,0.3152326
3256,0.6473949
3257,0.5103004
3258,0.34236518
3259,0.5103004
326,0.6611148
3260,0.3152326
3262,0.3152326
3263,0.7203396
3264,0.6528423
3265,0.6528423
3266,0.6611148
3267,0.3152326
3269,0.6236833
327,0.6236833
3270,0.5103004
3271,0.6473949
3272,0.6611148
3273,0.7203396
3275,0.5103004
3276,0.70947313
3278,0.5103004
3279,0.6473949
3280,0.6473949
3282,0.6236833
3283,0.6611148
3284,0.5103004
3285,0.5666612
3286,0.6473949
3287,0.53183055
3288,0.54095906
3289,0.5103004
329,0.6611148
3290,0.5965807
3291,0.50112456
3292,0.6236833
3294,0.5103004
3295,0.5666612
3296,0.5965807
3297,0.5103004
3298,0.50112456
3299,0.6747553
33,0.6611148
330,0.6611148
3300,0.6236833
3301,0.5103004
3302,0.50112456
3303,0.5103004
3304,0.6473949
3305,0.5103004
3306,0.3499468
3307,0.54095906
3308,0.5103004
3309,0.6747553
331,0.6611148
3310,0.6473949
3311,0.6611148
3312,0.5103004
3313,0.5103004
3314,0.6473949
3315,0.5103004
3316,0.6528423
3318,0.6747553
3319,0.5666612
332,0.6611148
3320,0.6473949
3321,0.5103004
3322,0.6473949
3324,0.6473949
3327,0.5103004
3328,0.6747553
3329,0.6747553
333,0.6611148
3330,0.5103004
3331,0.50112456
3332,0.5103004
3333,0.6473949
3334,0.5103004
3335,0.5103004
3336,0.6473949
3337,0.7203396
3338,0.6473949
334,0.6611148
3340,0.6236833
3341,0.7203396
3343,0.6473949
3344,0.6473949
3345,0.6611148
3346,0.6236833
3347,0.5103004
3348,0.54095906
3349,0.5103004
335,0.6611148
3350,0.70947313
3351,0.65208304
3352,0.68810236
3353,0.5103004
3354,0.6473949
3355,0.7203396
3356,0.5103004
3357,0.6473949
3358,0.54095906
3359,0.5103004
336,0.3499468
3360,0.6528423
3361,0.5666612
3362,0.56228715
3363,0.50112456
3364,0.7203396
3365,0.6473949
3366,0.5103004
3367,0.5103004
3368,0.5103004
3369,0.56228715
337,0.6611148
3370,0.6236833
3371,0.6473949
3372,0.54095906
3373,0.50112456
3374,0.5103004
3375,0.65208304
3376,0.7203396
3377,0.5666612
3378,0.6528423
3380,0.6473949
3381,0.6236833
3383,0.5103004
3384,0.3152326
3385,0.6528423
3386,0.6236833
3387,0.6236833
3388,0.5103004
3389,0.6611148
3390,0.5103004
3391,0.37471893
3393,0.65208304
3394,0.6473949
3395,0.37471893
3396,0.6528423
3398,0.6611148
3399,0.5103004
34,0.6611148
340,0.6611148
3400,0.6236833
3401,0.6747553
3402,0.37471893
3403,0.37471893
3404,0.5103004
3405,0.6611148
3406,0.6473949
3407,0.6236833
3408,0.5103004
3409,0.3152326
341,0.6611148
3411,0.6473949
3412,0.37471893
3413,0.6473949
3414,0.6528423
3415,0.7203396
3416,0.37471893
3417,0.3152326
3418,0.3152326
3419,0.6473949
342,0.6236833
3420,0.5103004
3421,0.65208304
3422,0.6473949
3423,0.54095906
3424,0.5103004
3425,0.3152326
3426,0.6747553
3427,0.6611148
3428,0.7203396
3429,0.7203396
343,0.6611148
3431,0.6236833
3432,0.6473949
3433,0.6236833
3434,0.6611148
3435,0.5103004
3437,0.6473949
3438,0.6747553
3439,0.6747553
344,0.6236833
3440,0.5103004
3441,0.5103004
3442,0.5103004
3444,0.70947313
3445,0.54095906
3447,0.6747553
3448,0.7203396
3449,0.37471893
3451,0.6473949
3452,0.6473949
3453,0.37471893
3454,0.5103004
3455,0.54095906
3456,0.54095906
3458,0.3499468
3459,0.3152326
346,0.6236833
3462,0.6747553
3463,0.6473949
3464,0.70947313
3465,0.5103004
3466,0.5103004
3468,0.6611148
3469,0.5103004
347,0.6611148
3470,0.5103004
3472,0.6747553
3473,0.7203396
3474,0.6473949
3475,0.6236833
3476,0.54095906
3477,0.7203396
3479,0.6747553
348,0.6236833
3480,0.6473949
3481,0.6747553
3482,0.6611148
3483,0.6473949
3484,0.6473949
3486,0.6473949
3487,0.37471893
3488,0.6473949
3489,0.6473949
349,0.6611148
3490,0.5103004
3491,0.5103004
3493,0.6236833
3495,0.6473949
3496,0.40395117
3497,0.5103004
3498,0.5103004
35,0.6611148
3501,0.6473949
3502,0.6473949
3503,0.6747553
3504,0.6473949
3505,0.7203396
3506,0.7203396
3507,0.6473949
3509,0.6611148
351,0.6611148
3510,0.5103004
3512,0.6473949
3514,0.6473949
3515,0.6473949
3516,0.6611148
3517,0.6473949
3518,0.5103004
3519,0.6473949
352,0.6236833
3520,0.54095906
3521,0.6473949
3522,0.6473949
3523,0.6236833
3524,0.54095906
3525,0.6747553
3526,0.7203396
3527,0.6473949
3528,0.70947313
3529,0.70947313
353,0.6611148
3530,0.70947313
3531,0.5103004
3532,0.6747553
3533,0.54095906
3534,0.6473949
3535,0.6473949
3536,0.6236833
3537,0.5103004
3538,0.5103004
3539,0.5103004
354,0.6611148
3540,0.6473949
3541,0.5103004
3542,0.34236518
3543,0.6747553
3544,0.5103004
3545,0.54095906
3547,0.6473949
3548,0.5103004
3549,0.6236833
355,0.6236833
3550,0.54095906
3551,0.6473949
3552,0.5103004
3553,0.6611148
3554,0.54095906
3556,0.70947313
3557,0.5103004
3558,0.5103004
3559,0.6236833
356,0.6236833
3560,0.5103004
3561,0.6473949
3562,0.5103004
3563,0.40395117
3564,0.5103004
3566,0.6236833
3567,0.6473949
3568,0.34236518
3569,0.7203396
357,0.6611148
3570,0.6611148
3572,0.5103004
3573,0.5103004
3574,0.7203396
3575,0.6236833
3578,0.6611148
3579,0.37471893
358,0.6611148
3580,0.6236833
3581,0.5103004
3582,0.6528423
3583,0.6473949
3584,0.5103004
3585,0.6473949
3586,0.6473949
3587,0.70947313
3588,0.6473949
3589,0.5103004
359,0.3499468
3590,0.7203396
3592,0.5103004
3593,0.6236833
3594,0.5103004
3595,0.6473949
3596,0.6611148
3597,0.5103004
3598,0.7203396
3599,0.6611148
36,0.6236833
360,0.6611148
3600,0.6611148
3602,0.65208304
3603,0.7203396
3605,0.68810236
3608,0.6747553
3609,0.6611148
361,0.6236833
3610,0.6473949
3611,0.6236833
3612,0.40395117
3613,0.6236833
3614,0.70947313
3615,0.54095906
3616,0.70947313
3617,0.6473949
3618,0.5103004
3619,0.6611148
3620,0.6473949
3621,0.6473949
3622,0.54095906
3623,0.3499468
3624,0.37471893
3625,0.6236833
3626,0.37471893
3627,0.6236833
3628,0.6473949
3629,0.6473949
363,0.6611148
3630,0.70947313
3631,0.70947313
3632,0.6473949
3633,0.6473949
3634,0.6611148
3635,0.6611148
3636,0.6747553
3637,0.5103004
3638,0.5103004
3639,0.5103004
364,0.6236833
3640,0.6473949
3641,0.6236833
3642,0.54095906
3643,0.70947313
3644,0.54095906
3645,0.54095906
3646,0.54095906
3647,0.6473949
3648,0.6236833
3649,0.5103004
365,0.6611148
3651,0.68810236
3652,0.5103004
3653,0.5103004
3654,0.6473949
3655,0.5103004
3656,0.7203396
3657,0.70947313
3658,0.6473949
3659,0.37471893
3660,0.5103004
3662,0.5103004
3663,0.54095906
3664,0.6747553
3665,0.6473949
3666,0.5103004
3667,0.5103004
3668,0.5103004
3669,0.6611148
367,0.6611148
3670,0.7203396
3671,0.3152326
3673,0.5103004
3674,0.5103004
3675,0.5103004
3676,0.6473949
3677,0.5103004
3678,0.6473949
3679,0.5103004
368,0.6236833
3680,0.6473949
3682,0.5103004
3683,0.6747553
3684,0.5103004
3685,0.54095906
3686,0.6473949
3687,0.6611148
3688,0.5103004
3689,0.6236833
369,0.6611148
3690,0.6611148
3691,0.6236833
3693,0.6747553
3696,0.3152326
3697,0.3152326
3698,0.54095906
3699,0.5103004
37,0.6611148
370,0.6611148
3700,0.6236833
3701,0.6747553
3702,0.5103004
3703,0.5103004
3704,0.7203396
3705,0.5103004
3706,0.70947313
3707,0.65208304
3708,0.5103004
371,0.6236833
3710,0.6473949
3711,0.54095906
3712,0.6473949
3713,0.6611148
3714,0.5103004
3715,0.68810236
3716,0.6473949
3718,0.6611148
3719,0.6611148
372,0.6611148
3720,0.5103004
3721,0.34236518
3722,0.5103004
3723,0.6473949
3724,0.6473949
3725,0.70947313
3726,0.6236833
3727,0.6473949
3728,0.40395117
3729,0.70947313
373,0.6611148
3730,0.6747553
3731,0.6473949
3732,0.37471893
3733,0.5103004
3734,0.70947313
3735,0.65208304
3736,0.6473949
3737,0.68810236
3739,0.5103004
374,0.6611148
3740,0.37471893
3741,0.6236833
3742,0.40395117
3743,0.37471893
3744,0.7203396
3745,0.5103004
3746,0.6611148
3747,0.5103004
3748,0.34236518
3749,0.6473949
375,0.6611148
3750,0.6611148
3751,0.6473949
3752,0.6528423
3753,0.5103004
3754,0.5103004
3755,0.40395117
3757,0.70947313
3758,0.5103004
3759,0.54095906
376,0.5103004
3760,0.6611148
3761,0.40395117
3762,0.5103004
3763,0.37471893
3764,0.5103004
3765,0.6473949
3766,0.6236833
3768,0.5103004
3769,0.6473949
377,0.6611148
3770,0.5103004
3771,0.6611148
3772,0.6473949
3773,0.6473949
3775,0.6611148
3776,0.6236833
3777,0.6611148
3778,0.6747553
3779,0.6473949
378,0.6236833
3780,0.54095906
3781,0.5103004
3782,0.7203396
3783,0.5103004
3785,0.37471893
3786,0.6473949
3787,0.5103004
3788,0.6236833
379,0.6236833
3790,0.6473949
3791,0.6236833
3793,0.70947313
3794,0.6473949
3795,0.70947313
3797,0.40395117
3798,0.6611148
38,0.6236833
380,0.6611148
3800,0.5103004
3801,0.6473949
3802,0.6747553
3803,0.6473949
3804,0.5103004
3805,0.6236833
3806,0.7203396
3808,0.6473949
3809,0.3152326
381,0.6611148
3810,0.6611148
3811,0.6473949
3812,0.54095906
3813,0.6473949
3814,0.70947313
3815,0.7203396
3816,0.6473949
3817,0.5103004
3818,0.7203396
3819,0.7203396
382,0.6611148
3820,0.6747553
3821,0.54095906
3823,0.6236833
3824,0.56228715
3825,0.6747553
3826,0.6747553
3827,0.6473949
3828,0.7203396
3829,0.6236833
383,0.6611148
3830,0.54095906
3831,0.5103004
3832,0.5103004
3833,0.6611148
3834,0.5103004
3835,0.5103004
3836,0.5103004
3837,0.5103004
3838,0.6473949
3839,0.6473949
384,0.6236833
3840,0.5103004
3841,0.6747553
3842,0.7203396
3843,0.37471893
3844,0.54095906
3845,0.6473949
3846,0.5103004
3847,0.68810236
3848,0.5103004
3849,0.5103004
385,0.6611148
3851,0.6473949
3852,0.5103004
3853,0.6236833
3854,0.6236833
3855,0.61244
3856,0.5103004
3858,0.6747553
3859,0.5103004
386,0.6236833
3860,0.5103004
3861,0.6747553
3862,0.3152326
3863,0.6611148
3864,0.6473949
3865,0.68810236
3866,0.6473949
3867,0.6473949
3868,0.6473949
3869,0.6473949
387,0.6236833
3870,0.6473949
3871,0.6473949
3872,0.6473949
3873,0.5103004
3874,0.5103004
3875,0.6473949
3876,0.6473949
3877,0.7203396
3878,0.5103004
3880,0.6611148
3881,0.6747553
3882,0.6473949
3884,0.6473949
3885,0.6236833
3886,0.5103004
3887,0.68810236
3888,0.5103004
3889,0.6473949
389,0.6236833
3890,0.40395117
3891,0.6473949
3892,0.54095906
3893,0.7203396
3894,0.6473949
3895,0.6473949
3896,0.6611148
3898,0.6236833
3899,0.68810236
39,0.3499468
390,0.6611148
3900,0.3152326
3901,0.5103004
3902,0.70947313
3903,0.6611148
3904,0.54095906
3905,0.6236833
3906,0.66238815
3907,0.7203396
3908,0.5103004
3909,0.6473949
391,0.6611148
3910,0.5103004
3911,0.6473949
3912,0.6747553
3914,0.5103004
3915,0.54095906
3916,0.6611148
3917,0.6473949
3918,0.6473949
3919,0.6747553
392,0.6611148
3920,0.6473949
3921,0.6473949
3925,0.54095906
3926,0.6473949
3927,0.5103004
3928,0.54095906
3929,0.70947313
393,0.6611148
3930,0.6473949
3931,0.37471893
3932,0.5103004
3933,0.65208304
3934,0.70947313
3936,0.6473949
3937,0.6473949
3938,0.6611148
3939,0.70947313
394,0.6611148
3941,0.6503629
3942,0.6611148
3943,0.6473949
3944,0.6473949
3945,0.6611148
3946,0.6611148
3947,0.6236833
3948,0.37471893
3949,0.6473949
3950,0.5103004
3951,0.7203396
3952,0.7203396
3953,0.6473949
3954,0.6473949
3955,0.6611148
3957,0.6473949
3958,0.5103004
3959,0.6473949
396,0.6611148
3960,0.54095906
3961,0.5103004
3963,0.6473949
3964,0.5103004
3965,0.6473949
3966,0.6611148
3968,0.6236833
3969,0.5103004
397,0.6611148
3970,0.6473949
3972,0.6611148
3973,0.5103004
3974,0.6747553
3975,0.6473949
3976,0.6473949
3977,0.3152326
3978,0.6236833
3979,0.37471893
398,0.6611148
3980,0.54095906
3981,0.5103004
3983,0.65208304
3985,0.6611148
3987,0.5103004
3988,0.5103004
3989,0.5103004
399,0.6611148
3990,0.6473949
3991,0.37471893
3992,0.6473949
3993,0.7203396
3994,0.5103004
3995,0.6236833
3996,0.7203396
3997,0.7203396
3999,0.6611148
4,0.6611148
40,0.6611148
400,0.6236833
4000,0.6611148
4001,0.5103004
4003,0.5103004
4004,0.3152326
4005,0.6473949
4007,0.37471893
4008,0.40395117
4009,0.5103004
401,0.6611148
4010,0.58307654
4011,0.5103004
4013,0.40395117
4014,0.6611148
4015,0.6473949
4016,0.6473949
4017,0.5103004
4018,0.70947313
4019,0.5103004
402,0.6611148
4020,0.6473949
4021,0.6236833
4022,0.6611148
4023,0.6611148
4024,0.6611148
4025,0.5103004
4026,0.5103004
4027,0.6611148
4028,0.37471893
4031,0.5103004
4032,0.6473949
4034,0.6473949
4035,0.6473949
4036,0.6747553
4037,0.5103004
4038,0.66238815
4039,0.5103004
404,0.6611148
4040,0.5103004
4041,0.7203396
4042,0.6473949
4043,0.7203396
4044,0.7203396
4045,0.6747553
4046,0.6747553
4047,0.6473949
4048,0.7203396
4049,0.70947313
4050,0.6747553
4052,0.6747553
4053,0.5103004
4054,0.5103004
4055,0.6611148
4056,0.7203396
4058,0.68810236
4059,0.7203396
4060,0.6611148
4061,0.7079883
4062,0.5103004
4063,0.6747553
4064,0.70947313
4065,0.70947313
4066,0.5103004
4067,0.65208304
4068,0.6473949
4069,0.5103004
407,0.6611148
4070,0.6473949
4071,0.6747553
4072,0.6473949
4073,0.68810236
4074,0.54095906
4075,0.6473949
4076,0.6473949
4077,0.7203396
4078,0.6473949
4079,0.54095906
408,0.6236833
4081,0.6473949
4082,0.6611148
4083,0.5103004
4084,0.6473949
4087,0.37471893
4089,0.6473949
409,0.5103004
4090,0.65208304
4091,0.6473949
4092,0.6473949
4095,0.6473949
4096,0.6473949
4097,0.6473949
4098,0.6473949
4099,0.6473949
41,0.6611148
410,0.6611148
4100,0.6747553
4101,0.6473949
4102,0.7203396
4103,0.5103004
4104,0.6473949
4105,0.6473949
4106,0.5103004
4107,0.5103004
4108,0.6473949
4109,0.5103004
411,0.6611148
4110,0.5103004
4111,0.6611148
4112,0.6473949
4113,0.5103004
4114,0.5103004
4115,0.5103004
4116,0.5103004
4117,0.6611148
4118,0.70947313
4119,0.6611148
412,0.6236833
4120,0.6473949
4121,0.5103004
4122,0.6236833
4123,0.6473949
4124,0.54095906
4125,0.5103004
4126,0.6611148
413,0.6611148
4130,0.6473949
4131,0.5103004
4132,0.6747553
4133,0.5103004
4134,0.6611148
4135,0.5103004
4136,0.6236833
4137,0.7203396
4138,0.6611148
4139,0.6236833
414,0.6611148
4140,0.6236833
4141,0.37471893
4143,0.3152326
4144,0.6236833
4145,0.4984655
4146,0.5103004
4147,0.6611148
4148,0.6236833
4149,0.6611148
415,0.6611148
4150,0.6611148
4151,0.6473949
4152,0.6611148
4153,0.6611148
4154,0.6611148
4155,0.6236833
4156,0.40395117
4157,0.6236833
4158,0.6611148
4159,0.3152326
416,0.6611148
4160,0.54095906
4161,0.6473949
4162,0.3152326
4163,0.5103004
4164,0.37471893
4165,0.6611148
4166,0.6473949
4167,0.5103004
4168,0.5103004
4169,0.6611148
417,0.6611148
4170,0.6611148
4171,0.56228715
4172,0.6611148
4173,0.6473949
4174,0.6611148
4175,0.6611148
4176,0.37471893
4177,0.5103004
4179,0.6611148
4180,0.6611148
4183,0.5103004
4184,0.6747553
4185,0.3152326
4186,0.5103004
4187,0.6611148
4189,0.70947313
419,0.6611148
4190,0.6611148
4191,0.6236833
4192,0.68810236
4193,0.6611148
4194,0.3152326
4196,0.6611148
4197,0.5103004
4198,0.3152326
4199,0.5103004
42,0.6236833
420,0.6611148
4200,0.5103004
4202,0.6528423
4204,0.6473949
4207,0.5103004
4208,0.6236833
4209,0.5103004
421,0.6611148
4211,0.6611148
4212,0.6611148
4213,0.3152326
4214,0.6611148
4215,0.5103004
4216,0.6528423
4217,0.6611148
4218,0.6473949
422,0.6611148
4220,0.6611148
4223,0.6473949
4225,0.37471893
4226,0.6747553
4227,0.6236833
4229,0.5666612
423,0.6611148
4230,0.5103004
4231,0.54095906
4232,0.6611148
4233,0.6473949
4234,0.6528423
4235,0.37471893
4236,0.5103004
4237,0.5103004
4238,0.5103004
4239,0.6473949
424,0.6236833
4240,0.37471893
4241,0.6611148
4243,0.54095906
4245,0.6236833
4246,0.6611148
4247,0.3152326
4248,0.5103004
4249,0.6473949
425,0.6611148
4250,0.6611148
4251,0.54095906
4252,0.6528423
4253,0.6236833
4254,0.5103004
4255,0.3499468
4256,0.6473949
4257,0.5103004
4259,0.5103004
426,0.6236833
4260,0.6236833
4261,0.5103004
4262,0.6747553
4263,0.6611148
4265,0.6611148
4266,0.6236833
4267,0.6236833
4268,0.6611148
4269,0.65208304
427,0.6611148
4272,0.5103004
4273,0.54095906
4274,0.5103004
4276,0.6473949
4277,0.3152326
4278,0.5103004
4279,0.6611148
428,0.6611148
4280,0.5103004
4282,0.6236833
4283,0.6611148
4284,0.6611148
4285,0.5103004
4286,0.6236833
4287,0.7203396
4288,0.5103004
4289,0.5103004
4292,0.5103004
4293,0.5103004
4294,0.56228715
4295,0.7203396
4296,0.5103004
4297,0.5103004
4299,0.5103004
43,0.6611148
430,0.6611148
4300,0.6611148
4301,0.50112456
4302,0.6611148
4303,0.70947313
4304,0.6611148
4305,0.6236833
4306,0.6236833
4307,0.6473949
4308,0.6611148
4309,0.6611148
431,0.6236833
4312,0.6611148
4313,0.37471893
4314,0.6611148
4315,0.56228715
4316,0.70947313
4317,0.54095906
4319,0.6236833
432,0.6611148
4320,0.6236833
4321,0.6611148
4322,0.5103004
4323,0.6611148
4324,0.6611148
4325,0.6611148
4326,0.7203396
4327,0.6611148
4328,0.6236833
4329,0.5103004
433,0.6611148
4330,0.6747553
4332,0.6473949
4333,0.37471893
4334,0.6611148
4335,0.37471893
4336,0.6611148
4337,0.6473949
4339,0.6611148
434,0.6611148
4340,0.5103004
4341,0.5103004
4342,0.6473949
4343,0.5103004
4344,0.6611148
4345,0.5103004
4346,0.5103004
4347,0.70947313
4348,0.6611148
435,0.6611148
4350,0.3152326
4351,0.6236833
4352,0.6236833
4353,0.5103004
4354,0.6611148
4355,0.6236833
4356,0.6611148
4357,0.6611148
4358,0.6611148
4359,0.5103004
436,0.6611148
4360,0.6611148
4361,0.37471893
4362,0.5103004
4363,0.6611148
4364,0.6611148
4365,0.65208304
4366,0.6236833
4368,0.6611148
4369,0.6473949
437,0.6611148
4370,0.6473949
4372,0.6611148
4373,0.54095906
4375,0.5103004
4378,0.4984655
4379,0.7203396
438,0.6611148
4380,0.3152326
4381,0.6236833
4382,0.6473949
4383,0.6611148
4384,0.6611148
4385,0.5103004
4386,0.5103004
4387,0.54095906
4388,0.6611148
4389,0.6473949
439,0.6611148
4390,0.37471893
4391,0.6611148
4392,0.6611148
4393,0.5103004
4394,0.6236833
4395,0.5103004
4396,0.6236833
4397,0.6236833
4398,0.3152326
4399,0.5103004
440,0.6611148
4400,0.6611148
4402,0.3152326
4403,0.6611148
4404,0.34236518
4405,0.6528423
4406,0.3152326
4407,0.7079883
4408,0.6611148
4409,0.5103004
441,0.6611148
4411,0.5103004
4412,0.6473949
4413,0.5103004
4414,0.5103004
4415,0.6611148
4416,0.3152326
4417,0.6611148
4418,0.6236833
4419,0.6528423
442,0.6611148
4421,0.54095906
4422,0.6611148
4423,0.6611148
4424,0.5103004
4426,0.6747553
4427,0.6611148
4428,0.68810236
4429,0.5103004
443,0.6611148
4430,0.5103004
4431,0.6747553
4432,0.70947313
4433,0.65208304
4434,0.7203396
4435,0.54095906
4436,0.5103004
4437,0.68810236
4438,0.6611148
4439,0.6611148
444,0.6611148
4440,0.37471893
4441,0.5103004
4443,0.6611148
4444,0.6236833
4445,0.5103004
4446,0.6611148
4447,0.6611148
4448,0.6236833
445,0.6611148
4450,0.6473949
4451,0.7203396
4452,0.3152326
4453,0.6611148
4454,0.5666612
4455,0.37471893
4456,0.6236833
4457,0.6611148
4458,0.6236833
4459,0.6236833
446,0.6611148
4460,0.6611148
4461,0.6611148
4462,0.6611148
4463,0.5103004
4464,0.6611148
4465,0.6611148
4466,0.6473949
4467,0.37471893
4468,0.6611148
4469,0.6611148
447,0.6611148
4470,0.6611148
4471,0.6611148
4472,0.6611148
4473,0.6611148
4474,0.5103004
4475,0.68810236
4477,0.5103004
4478,0.6747553
4479,0.6473949
448,0.6236833
4480,0.50112456
4481,0.5103004
4483,0.6528423
4484,0.5103004
4485,0.6528423
4486,0.65208304
4487,0.3499468
4488,0.6611148
4491,0.3152326
4492,0.54095906
4493,0.7203396
4494,0.6528423
4495,0.6473949
4496,0.6611148
4497,0.6611148
4498,0.54095906
4499,0.6611148
45,0.6611148
450,0.6611148
4500,0.6611148
4501,0.37471893
4502,0.56228715
4503,0.6747553
4504,0.37471893
4505,0.6528423
4506,0.37471893
4507,0.5103004
4508,0.6611148
451,0.6611148
4510,0.6611148
4511,0.68810236
4512,0.50112456
4513,0.5103004
4514,0.6611148
4517,0.6611148
4518,0.6236833
4519,0.6473949
452,0.6611148
4520,0.5103004
4522,0.5103004
4523,0.6611148
4524,0.5103004
4525,0.6611148
4526,0.5103004
4528,0.54095906
4529,0.6473949
453,0.6611148
4530,0.3152326
4531,0.65208304
4532,0.6611148
4533,0.70947313
4534,0.6611148
4535,0.6236833
4536,0.6611148
4538,0.3152326
4539,0.6236833
454,0.6611148
4540,0.3499468
4541,0.6611148
4542,0.6473949
4543,0.5103004
4544,0.6528423
4545,0.5103004
4546,0.6236833
4547,0.6611148
4548,0.5103004
4549,0.6236833
455,0.6611148
4550,0.5103004
4551,0.54095906
4552,0.3152326
4553,0.6611148
4554,0.6611148
4555,0.5103004
4556,0.68810236
4557,0.6473949
4558,0.6611148
4559,0.6473949
456,0.6611148
4560,0.6473949
4562,0.6236833
4563,0.65208304
4564,0.6747553
4565,0.6611148
4566,0.6611148
4567,0.5103004
4568,0.54095906
457,0.6611148
4570,0.3152326
4571,0.6611148
4572,0.37471893
4573,0.6473949
4574,0.3152326
4575,0.6611148
4576,0.5103004
4577,0.34236518
4578,0.4984655
4579,0.6503629
458,0.6236833
4580,0.6236833
4581,0.6611148
4582,0.6236833
4583,0.6473949
4584,0.3499468
4585,0.6611148
4586,0.37471893
4588,0.6473949
4589,0.6473949
4590,0.6236833
4591,0.56228715
4592,0.6528423
4593,0.6611148
4594,0.5103004
4595,0.5103004
4596,0.6473949
4598,0.7203396
4599,0.6236833
46,0.6611148
460,0.6611148
4600,0.5103004
4601,0.6611148
4602,0.6611148
4603,0.5103004
4604,0.70947313
4605,0.6611148
4606,0.5103004
4607,0.56228715
4608,0.6611148
4609,0.6611148
461,0.6611148
4610,0.6611148
4611,0.6473949
4612,0.37471893
4613,0.6611148
4614,0.70947313
4615,0.6236833
4616,0.6611148
4617,0.37471893
4619,0.6611148
462,0.6236833
4620,0.6236833
4621,0.5103004
4623,0.6611148
4624,0.6611148
4625,0.5103004
4626,0.37471893
4627,0.6236833
4629,0.6236833
4630,0.6611148
4631,0.70947313
4632,0.65208304
4633,0.4984655
4634,0.3152326
4635,0.54095906
4636,0.5666612
4637,0.6611148
4638,0.6611148
4639,0.6611148
464,0.6236833
4640,0.5103004
4641,0.6473949
4642,0.5103004
4643,0.6473949
4644,0.54095906
4645,0.6236833
4646,0.6611148
4647,0.6236833
4648,0.37471893
4649,0.5103004
4650,0.6611148
4651,0.6611148
4652,0.3152326
4653,0.6236833
4654,0.5103004
4655,0.6611148
4656,0.5103004
4657,0.6236833
4658,0.6611148
4659,0.6611148
466,0.6236833
4660,0.70947313
4661,0.6236833
4663,0.6473949
4664,0.5103004
4665,0.6611148
4666,0.5103004
4667,0.5103004
4668,0.4984655
467,0.6236833
4670,0.5103004
4671,0.6611148
4672,0.5103004
4673,0.6236833
4674,0.6473949
4675,0.40395117
4676,0.50112456
4677,0.5103004
4678,0.6611148
4679,0.54095906
468,0.6611148
4680,0.5103004
4681,0.5103004
4682,0.5103004
4683,0.5103004
4684,0.3152326
4685,0.6611148
4687,0.6611148
4688,0.5103004
4689,0.6611148
469,0.6236833
4690,0.7203396
4691,0.3152326
4692,0.6611148
4693,0.5103004
4694,0.50112456
4695,0.68810236
4696,0.6236833
4697,0.6236833
4698,0.65208304
4699,0.5103004
47,0.6611148
470,0.6611148
4700,0.6611148
4701,0.68810236
4702,0.6236833
4703,0.6473949
4704,0.6236833
4705,0.6611148
4706,0.6236833
4707,0.6236833
4708,0.3152326
4709,0.37471893
471,0.6236833
4710,0.6236833
4713,0.5103004
4714,0.70947313
4716,0.5666612
4717,0.6473949
4719,0.5103004
472,0.6611148
4720,0.6236833
4722,0.6236833
4723,0.5103004
4724,0.6473949
4725,0.5103004
4726,0.6611148
4727,0.3152326
4728,0.5103004
4729,0.5103004
4731,0.6236833
4732,0.5103004
4733,0.5103004
4734,0.6236833
4736,0.6611148
4737,0.6236833
4738,0.6611148
4739,0.6236833
474,0.6611148
4740,0.5103004
4741,0.6611148
4742,0.6611148
4744,0.6611148
4746,0.6611148
4747,0.5103004
4748,0.6611148
4749,0.6611148
475,0.6611148
4750,0.6236833
4751,0.7203396
4752,0.3152326
4753,0.5103004
4754,0.7203396
4755,0.6473949
4756,0.6236833
4757,0.3152326
4758,0.6473949
4759,0.3152326
476,0.6611148
4760,0.6236833
4762,0.5103004
4763,0.4984655
4764,0.6611148
4765,0.6611148
4766,0.5103004
4767,0.6611148
4768,0.5103004
4769,0.6611148
477,0.6236833
4770,0.6611148
4771,0.5103004
4772,0.6611148
4773,0.6611148
4774,0.6611148
4776,0.5103004
4777,0.5103004
4778,0.6611148
4779,0.6611148
478,0.6611148
4780,0.6473949
4782,0.6236833
4783,0.6236833
4784,0.6473949
4785,0.6236833
4786,0.6236833
4787,0.7203396
4788,0.5103004
4789,0.6611148
479,0.6611148
4790,0.6611148
4791,0.6611148
4792,0.37471893
4793,0.5666612
4794,0.6473949
4795,0.5103004
4797,0.5103004
4798,0.5103004
4799,0.6611148
48,0.6236833
480,0.6611148
4800,0.5103004
4801,0.6611148
4802,0.5103004
4803,0.6611148
4804,0.5103004
4805,0.4984655
4806,0.5103004
4807,0.6611148
4808,0.6611148
4809,0.6611148
481,0.6611148
4810,0.6611148
4811,0.6611148
4812,0.6611148
4813,0.6611148
4815,0.6611148
4816,0.6611148
4818,0.5103004
4819,0.5103004
482,0.6611148
4820,0.5103004
4821,0.3152326
4822,0.7203396
4823,0.5103004
4824,0.5103004
4825,0.6611148
4826,0.6473949
4827,0.6611148
4828,0.6473949
4829,0.6528423
483,0.6611148
4830,0.6473949
4831,0.37471893
4832,0.6611148
4833,0.5103004
4834,0.70947313
4836,0.6473949
4837,0.6747553
4838,0.5103004
4839,0.6611148
484,0.5103004
4840,0.6611148
4841,0.3152326
4842,0.70947313
4843,0.68810236
4844,0.5965807
4845,0.5103004
4846,0.37471893
4847,0.6611148
4849,0.5103004
485,0.6611148
4850,0.5103004
4851,0.3152326
4852,0.6611148
4853,0.6611148
4854,0.5103004
4855,0.6611148
4856,0.6473949
4857,0.6528423
4858,0.5103004
4859,0.5103004
486,0.6236833
4862,0.5103004
4863,0.70947313
4864,0.6611148
4865,0.6611148
4866,0.3152326
4867,0.3152326
4868,0.3152326
4869,0.50112456
487,0.6611148
4870,0.6236833
4871,0.6473949
4872,0.70947313
4873,0.70947313
4874,0.5103004
4875,0.5103004
4876,0.5103004
4877,0.6236833
4878,0.6611148
4879,0.6236833
488,0.6611148
4880,0.6611148
4881,0.5103004
4882,0.6611148
4883,0.5103004
4884,0.56228715
4885,0.6473949
4886,0.6611148
4888,0.6611148
4889,0.6473949
489,0.6611148
4890,0.6611148
4891,0.6236833
4892,0.6473949
4893,0.6611148
4894,0.5103004
4895,0.6611148
4896,0.6611148
4897,0.6611148
4898,0.6473949
4899,0.6473949
49,0.6611148
490,0.6236833
4900,0.6236833
4901,0.6611148
4902,0.6528423
4903,0.6611148
4904,0.6611148
4905,0.6611148
4906,0.6611148
4907,0.6611148
4909,0.5103004
4911,0.68810236
4912,0.6611148
4913,0.6611148
4914,0.3152326
4915,0.6611148
4917,0.56228715
4918,0.6236833
492,0.6611148
4920,0.3152326
4922,0.6611148
4923,0.6611148
4924,0.6611148
4925,0.6611148
4926,0.6611148
4927,0.5103004
4928,0.6236833
4929,0.6473949
493,0.6611148
4930,0.50112456
4931,0.6611148
4932,0.6611148
4933,0.5103004
4934,0.56228715
4935,0.6611148
4936,0.6611148
4937,0.5103004
4938,0.6611148
4939,0.70947313
494,0.6611148
4941,0.6611148
4942,0.5103004
4943,0.37471893
4944,0.6473949
4946,0.6473949
4947,0.6236833
4948,0.6473949
4949,0.6236833
495,0.6236833
4950,0.6611148
4951,0.6473949
4952,0.5103004
4953,0.56228715
4954,0.6747553
4955,0.6236833
4956,0.4984655
4957,0.6611148
4958,0.6611148
4959,0.5103004
4960,0.6611148
4961,0.6611148
4962,0.6528423
4963,0.6611148
4964,0.6611148
4965,0.7203396
4966,0.5103004
4968,0.6528423
4969,0.37471893
497,0.6611148
4970,0.6528423
4971,0.37471893
4973,0.50112456
4974,0.6611148
4975,0.6236833
4977,0.6236833
4978,0.5103004
4979,0.6611148
498,0.6611148
4980,0.68810236
4981,0.40395117
4982,0.6611148
4983,0.6473949
4984,0.6611148
4985,0.5103004
4986,0.6611148
4987,0.70947313
4988,0.37471893
4989,0.6611148
499,0.6611148
4990,0.3152326
4991,0.6236833
4992,0.6611148
4994,0.6236833
4995,0.6611148
4997,0.6611148
4998,0.7203396
4999,0.37471893
50,0.6611148
500,0.6611148
5000,0.37471893
5002,0.5103004
5003,0.6611148
5004,0.6236833
5005,0.6611148
5006,0.6611148
5007,0.6611148
5008,0.6528423
5009,0.7203396
501,0.6236833
5010,0.37471893
5011,0.6611148
5012,0.6473949
5013,0.6611148
5014,0.5103004
5015,0.6473949
5016,0.37471893
5017,0.6611148
5018,0.6611148
5019,0.5103004
502,0.6611148
5020,0.6611148
5021,0.7203396
5022,0.6611148
5023,0.4984655
5024,0.54095906
5025,0.5103004
5026,0.6611148
5027,0.6611148
5028,0.6611148
5029,0.5103004
503,0.5103004
5030,0.6747553
5031,0.5103004
5032,0.6528423
5034,0.5103004
5035,0.56228715
5037,0.6611148
5038,0.4984655
5039,0.3152326
504,0.6236833
5040,0.70947313
5042,0.6236833
5043,0.3152326
5044,0.5103004
5046,0.5103004
5047,0.3152326
5049,0.6747553
505,0.6611148
5050,0.6611148
5051,0.5103004
5052,0.6473949
5053,0.70947313
5054,0.5103004
5055,0.66238815
5056,0.54095906
5057,0.5103004
5058,0.6236833
5059,0.6611148
506,0.5103004
5060,0.6473949
5061,0.56228715
5062,0.6473949
5063,0.6473949
5064,0.6611148
5065,0.6611148
5066,0.6611148
5067,0.5103004
5068,0.5103004
5069,0.6611148
507,0.6611148
5070,0.6611148
5071,0.6611148
5072,0.3152326
5073,0.5103004
5074,0.54095906
5075,0.6611148
5076,0.5103004
5077,0.6236833
5078,0.6611148
5079,0.5103004
508,0.6611148
5081,0.5103004
5082,0.6236833
5083,0.3152326
5084,0.5103004
5085,0.6236833
5086,0.5103004
5087,0.3152326
5089,0.37471893
509,0.6611148
5090,0.6611148
5091,0.6528423
5092,0.7203396
5093,0.6611148
5095,0.5103004
5096,0.6611148
5097,0.6611148
5098,0.6236833
51,0.6611148
510,0.6236833
5101,0.5103004
5102,0.3152326
5103,0.6611148
5104,0.5103004
5105,0.6747553
5107,0.5103004
5109,0.6611148
511,0.6611148
5110,0.5666612
5111,0.7203396
5112,0.37471893
5114,0.5103004
5115,0.6236833
5116,0.6236833
5117,0.5103004
5118,0.6473949
5120,0.6611148
5121,0.6747553
5122,0.6611148
5123,0.6611148
5124,0.3152326
5125,0.6236833
5126,0.6528423
5127,0.6611148
5128,0.6611148
5129,0.6611148
513,0.6611148
5130,0.5103004
5131,0.54095906
5132,0.6236833
5133,0.6473949
5134,0.3152326
5135,0.6236833
5136,0.6236833
5137,0.6611148
5138,0.5103004
5139,0.6611148
514,0.6611148
5140,0.6236833
5141,0.6611148
5142,0.5103004
5143,0.5103004
5144,0.6611148
5145,0.6473949
5146,0.6611148
5147,0.6611148
5148,0.6611148
515,0.6611148
5150,0.6236833
5151,0.5103004
5152,0.37471893
5153,0.6611148
5154,0.6611148
5156,0.3499468
5157,0.6235226
5158,0.6236833
5159,0.40395117
516,0.6611148
5160,0.56228715
5161,0.6611148
5162,0.54095906
5163,0.6611148
5164,0.6611148
5165,0.6611148
5166,0.6236833
5167,0.5103004
5168,0.6473949
5169,0.6611148
517,0.6611148
5170,0.6611148
5171,0.6236833
5172,0.6611148
5173,0.70947313
5174,0.5103004
5176,0.50112456
5177,0.6611148
5178,0.6611148
5179,0.4984655
518,0.6611148
5180,0.7203396
5181,0.6611148
5182,0.7203396
5183,0.6236833
5184,0.6611148
5185,0.56228715
5186,0.6611148
5187,0.6236833
5188,0.5103004
5189,0.5103004
519,0.6236833
5190,0.5103004
5191,0.6747553
5192,0.6473949
5193,0.6611148
5194,0.6236833
5195,0.4984655
5196,0.6611148
5197,0.6611148
5198,0.5103004
5199,0.6473949
52,0.6611148
520,0.6611148
5200,0.50112456
5201,0.7203396
5202,0.37471893
5204,0.6611148
5205,0.6236833
5206,0.6611148
5207,0.6236833
5208,0.6611148
5209,0.6611148
5210,0.6611148
5211,0.5103004
5212,0.6611148
5213,0.5103004
5214,0.6611148
5215,0.6611148
5216,0.6611148
5217,0.6611148
5218,0.3152326
5219,0.5103004
5220,0.6611148
5221,0.5103004
5222,0.6747553
5223,0.6611148
5224,0.34236518
5225,0.68810236
5226,0.6473949
5227,0.68810236
5228,0.6236833
5229,0.6236833
523,0.6611148
5230,0.5666612
5231,0.3152326
5232,0.6611148
5233,0.6611148
5235,0.70947313
5236,0.70947313
5237,0.6611148
5238,0.37471893
5239,0.6611148
524,0.6611148
5240,0.37471893
5241,0.70947313
5242,0.6473949
5243,0.6473949
5244,0.5103004
5245,0.37471893
5246,0.6611148
5247,0.5103004
525,0.6236833
5251,0.6236833
5252,0.5103004
5253,0.6611148
5254,0.54095906
5256,0.6473949
5257,0.37471893
5258,0.5103004
5259,0.6236833
526,0.6611148
5260,0.6236833
5261,0.6473949
5262,0.5103004
5263,0.6611148
5264,0.6611148
5265,0.3152326
5266,0.6236833
5267,0.6611148
5268,0.5666612
5269,0.5103004
527,0.6611148
5270,0.5103004
5271,0.6236833
5272,0.68810236
5273,0.34236518
5274,0.6473949
5275,0.6611148
5276,0.6611148
5277,0.6611148
5278,0.6473949
5279,0.37471893
528,0.6611148
5280,0.5103004
5281,0.5103004
5284,0.5103004
5285,0.6235226
5286,0.3152326
5288,0.3152326
5289,0.37471893
529,0.6611148
5291,0.56228715
5292,0.3152326
5293,0.3152326
5294,0.3499468
5295,0.3499468
5296,0.3152326
5297,0.3499468
5298,0.5103004
5299,0.5103004
53,0.6611148
530,0.6611148
5300,0.3152326
5301,0.37471893
5302,0.37471893
5303,0.5103004
5304,0.3152326
5305,0.37471893
5306,0.3152326
5307,0.37471893
5308,0.37471893
5309,0.37471893
531,0.6611148
5310,0.3152326
5311,0.6236833
5313,0.3152326
5314,0.5103004
5315,0.3152326
5316,0.3152326
5317,0.3152326
5318,0.6236833
5319,0.6236833
532,0.6611148
5320,0.3152326
5321,0.3152326
5322,0.37471893
5324,0.3152326
5325,0.3152326
5326,0.3152326
5327,0.5103004
5328,0.3152326
533,0.6236833
5331,0.5103004
5332,0.6611148
5333,0.5103004
5334,0.3152326
5335,0.3152326
5336,0.3499468
5337,0.3499468
5338,0.3152326
5339,0.7203396
5340,0.5103004
5341,0.3499468
5342,0.3499468
5343,0.37471893
5344,0.5103004
5345,0.3152326
5346,0.3152326
5347,0.5103004
5349,0.37471893
535,0.6611148
5350,0.6611148
5351,0.3152326
5352,0.3499468
5353,0.5103004
5354,0.3152326
5355,0.3152326
5356,0.5103004
5357,0.3499468
5358,0.6611148
5359,0.5103004
536,0.6611148
5360,0.33444244
5361,0.3152326
5362,0.6611148
5363,0.5103004
5364,0.3499468
5365,0.5103004
5366,0.3152326
5367,0.53183055
5368,0.3152326
5369,0.37471893
5370,0.34236518
5371,0.3152326
5372,0.5103004
5374,0.3152326
5375,0.3152326
5376,0.5103004
5377,0.5103004
5378,0.3152326
5379,0.3499468
538,0.6611148
5380,0.3152326
5381,0.37471893
5382,0.5103004
5384,0.3152326
5385,0.3152326
5386,0.6236833
5387,0.3152326
5388,0.3499468
5389,0.6236833
539,0.6611148
5390,0.37471893
5392,0.3152326
5393,0.37471893
5394,0.3152326
5396,0.6236833
5397,0.5103004
5398,0.3152326
54,0.6611148
5401,0.3152326
5402,0.3152326
5403,0.37471893
5404,0.6236833
5405,0.3152326
5407,0.6611148
5408,0.3152326
5409,0.3152326
5411,0.3152326
5412,0.3152326
5413,0.6236833
5414,0.3152326
5415,0.37471893
5416,0.3152326
5418,0.37471893
5419,0.3499468
542,0.6611148
5420,0.6236833
5421,0.3152326
5422,0.6236833
5423,0.5103004
5424,0.3152326
5425,0.3152326
5426,0.37471893
5427,0.5103004
5428,0.3152326
5429,0.5103004
543,0.6611148
5430,0.3152326
5431,0.3152326
5432,0.3152326
5433,0.34236518
5434,0.37471893
5435,0.3152326
5437,0.56228715
5438,0.3152326
5439,0.3152326
544,0.6611148
5440,0.3152326
5441,0.3152326
5443,0.3152326
5445,0.37471893
5446,0.3152326
5447,0.5103004
5448,0.37471893
5449,0.3499468
545,0.6611148
5450,0.3499468
5451,0.3499468
5452,0.3152326
5454,0.5103004
5455,0.3152326
5456,0.3152326
5457,0.3152326
5458,0.37471893
5459,0.3152326
546,0.6611148
5460,0.3152326
5461,0.3152326
5462,0.5103004
5463,0.3152326
5464,0.5103004
5465,0.3152326
5466,0.37471893
5467,0.3499468
5468,0.37471893
5469,0.3152326
547,0.6236833
5470,0.6236833
5472,0.5103004
5473,0.3499468
5474,0.3152326
5475,0.5103004
5476,0.37471893
5477,0.5103004
5478,0.3152326
5479,0.5103004
548,0.6611148
5480,0.3152326
5481,0.3152326
5482,0.5103004
5483,0.33444244
5486,0.3152326
5489,0.3152326
549,0.6611148
5490,0.3499468
5491,0.37471893
5493,0.3152326
5494,0.3152326
5495,0.3152326
5496,0.6611148
5498,0.3152326
5499,0.3152326
55,0.6611148
550,0.6611148
5500,0.5103004
5501,0.37471893
5502,0.3152326
5503,0.3152326
5504,0.37471893
5507,0.3152326
5508,0.3152326
5509,0.68810236
551,0.6611148
5510,0.3152326
5511,0.34236518
5512,0.37471893
5513,0.3152326
5514,0.34236518
5515,0.3152326
5516,0.37471893
5517,0.5103004
552,0.5103004
5520,0.34236518
5521,0.37471893
5522,0.34236518
5523,0.5103004
5524,0.5103004
5525,0.6611148
5526,0.5103004
5527,0.37471893
5528,0.3152326
5529,0.3152326
553,0.6611148
5530,0.5103004
5531,0.5103004
5533,0.3152326
5535,0.6236833
5536,0.34236518
5537,0.3152326
5538,0.3499468
5539,0.6611148
554,0.6611148
5540,0.5103004
5541,0.5103004
5542,0.37471893
5543,0.3152326
5544,0.3152326
5546,0.5103004
5547,0.3152326
5549,0.3152326
555,0.6611148
5550,0.3152326
5551,0.3152326
5552,0.3152326
5553,0.34236518
5554,0.5103004
5556,0.3499468
5557,0.3499468
5558,0.3499468
5559,0.3152326
556,0.6611148
5560,0.3152326
5561,0.37471893
5562,0.3152326
5563,0.34236518
5564,0.3152326
5565,0.3152326
5566,0.3152326
5567,0.3152326
5568,0.3152326
5569,0.5103004
557,0.6611148
5570,0.37471893
5571,0.3152326
5572,0.6473949
5573,0.6611148
5574,0.54095906
5576,0.3152326
5577,0.3499468
5578,0.6236833
5579,0.6236833
558,0.5103004
5580,0.3152326
5581,0.3152326
5582,0.3499468
5583,0.3152326
5584,0.3152326
5585,0.3152326
5586,0.6611148
5587,0.3152326
5588,0.5103004
5589,0.34236518
5591,0.3499468
5592,0.5103004
5593,0.5103004
5594,0.34236518
5595,0.3152326
5596,0.3152326
5597,0.3152326
5598,0.3152326
5599,0.3499468
56,0.6611148
560,0.6236833
5600,0.5103004
5601,0.37471893
5602,0.37471893
5603,0.3152326
5604,0.6236833
5605,0.5103004
5606,0.3499468
5607,0.3152326
5608,0.6236833
5609,0.3152326
561,0.6611148
5610,0.37471893
5611,0.37471893
5612,0.56228715
5613,0.3152326
5614,0.3152326
5615,0.3152326
5616,0.3152326
5617,0.3499468
5618,0.3152326
562,0.6611148
5620,0.3152326
5621,0.3152326
5622,0.5103004
5623,0.37471893
5624,0.3152326
5625,0.5103004
5626,0.3152326
5627,0.3152326
5628,0.37471893
563,0.6611148
5630,0.3152326
5631,0.3152326
5632,0.3152326
5633,0.37471893
5635,0.3152326
5636,0.3499468
5637,0.3152326
5639,0.3152326
564,0.6611148
5640,0.3152326
5642,0.37471893
5644,0.3152326
5645,0.3152326
5647,0.3152326
5648,0.5103004
5649,0.3152326
565,0.6236833
5651,0.3152326
5652,0.5103004
5653,0.3499468
5654,0.37471893
5655,0.37471893
5656,0.3152326
5657,0.5103004
5658,0.65208304
5659,0.37471893
566,0.6611148
5660,0.5103004
5661,0.5103004
5662,0.3499468
5663,0.3152326
5664,0.37471893
5665,0.6236833
5666,0.37471893
5669,0.3152326
567,0.6611148
5670,0.3152326
5671,0.3152326
5672,0.3152326
5674,0.37471893
5675,0.5103004
5676,0.37471893
5677,0.3152326
5678,0.3152326
5679,0.50112456
568,0.6611148
5680,0.5103004
5681,0.3152326
5682,0.3152326
5683,0.3152326
5684,0.3499468
5685,0.5103004
5686,0.3152326
5687,0.3152326
5689,0.3152326
569,0.6611148
5691,0.3152326
5692,0.5103004
5695,0.3152326
5696,0.37471893
5697,0.6473949
5699,0.3152326
57,0.6611148
570,0.6611148
5700,0.5103004
5701,0.3152326
5702,0.3152326
5703,0.5103004
5705,0.3152326
5706,0.3152326
5707,0.6611148
5708,0.37471893
5709,0.3152326
571,0.6611148
5710,0.37471893
5713,0.3152326
5714,0.3152326
5715,0.6236833
5716,0.3152326
5717,0.3152326
5718,0.37471893
5719,0.6611148
572,0.5103004
5720,0.37471893
5721,0.3152326
5722,0.37471893
5723,0.3152326
5724,0.3499468
5725,0.3152326
5726,0.3152326
5727,0.34236518
5728,0.5103004
5729,0.3152326
5730,0.3152326
5731,0.3152326
5732,0.3152326
5733,0.3499468
5734,0.3152326
5735,0.37471893
5736,0.3152326
5737,0.3152326
5739,0.3152326
574,0.6611148
5740,0.3152326
5741,0.3152326
5743,0.6611148
5745,0.56228715
5746,0.6236833
5747,0.3152326
5748,0.5103004
5749,0.37471893
575,0.6611148
5750,0.5103004
5751,0.3152326
5752,0.54095906
5753,0.3499468
5754,0.6236833
5755,0.3152326
5756,0.3499468
5757,0.56228715
5758,0.3152326
5759,0.3152326
576,0.6611148
5760,0.3152326
5761,0.6528423
5763,0.68810236
5764,0.3152326
5765,0.3152326
5766,0.3152326
5768,0.3499468
5769,0.3152326
577,0.6611148
5770,0.3152326
5771,0.3152326
5772,0.37471893
5773,0.37471893
5774,0.3152326
5777,0.3152326
5778,0.3499468
5779,0.5103004
578,0.6611148
5780,0.3152326
5781,0.3152326
5782,0.3499468
5783,0.37471893
5784,0.3499468
5785,0.3499468
5786,0.6611148
5787,0.3152326
5788,0.6611148
5789,0.37471893
579,0.6611148
5790,0.3152326
5791,0.3152326
5792,0.3152326
5793,0.3499468
5794,0.5103004
5795,0.3152326
5796,0.5103004
5797,0.6236833
5798,0.3499468
5799,0.3152326
580,0.6611148
5800,0.3499468
5801,0.6611148
5802,0.37471893
5803,0.5103004
5804,0.3152326
5806,0.3152326
5807,0.5103004
5808,0.3152326
581,0.6611148
5810,0.5103004
5811,0.5103004
5812,0.3152326
5813,0.3152326
5814,0.3152326
5815,0.6611148
5816,0.3499468
5817,0.5103004
5819,0.3152326
582,0.6611148
5820,0.3152326
5821,0.3152326
5822,0.3499468
5823,0.6611148
5824,0.37471893
5825,0.68810236
5826,0.5103004
5827,0.3152326
5828,0.37471893
5829,0.37471893
583,0.6611148
5830,0.3499468
5831,0.3152326
5832,0.3152326
5833,0.6236833
5835,0.6611148
5836,0.3152326
5838,0.3152326
5839,0.5103004
584,0.5103004
5840,0.3152326
5841,0.56228715
5842,0.3152326
5843,0.3152326
5844,0.3152326
5845,0.3152326
5846,0.3152326
5847,0.6236833
5848,0.37471893
5849,0.3152326
585,0.6611148
5851,0.5103004
5852,0.6611148
5853,0.6473949
5854,0.3152326
5855,0.3152326
5856,0.37471893
5857,0.3152326
5858,0.3152326
5859,0.6236833
586,0.6611148
5860,0.3152326
5861,0.5103004
5862,0.3152326
5863,0.5103004
5864,0.5103004
5865,0.3152326
5866,0.3152326
5867,0.3152326
5868,0.3152326
5869,0.37471893
587,0.6611148
5870,0.3152326
5871,0.3152326
5873,0.5103004
5874,0.4984655
5875,0.3152326
5876,0.3499468
5877,0.3152326
5878,0.3152326
5879,0.3152326
588,0.6236833
5880,0.3152326
5881,0.37471893
5883,0.3152326
5884,0.3152326
5885,0.37471893
5886,0.3152326
5888,0.37471893
5889,0.3152326
589,0.6611148
5890,0.3152326
5891,0.3499468
5892,0.54095906
5893,0.3499468
5894,0.3152326
5895,0.3499468
5897,0.5103004
5898,0.5103004
5899,0.56228715
59,0.6611148
5900,0.3152326
5901,0.3152326
5902,0.3152326
5904,0.5103004
5905,0.3499468
5908,0.5103004
5909,0.34236518
591,0.6611148
5910,0.5103004
5911,0.3152326
5912,0.3152326
5913,0.3152326
5914,0.5103004
5916,0.5103004
5918,0.6611148
5919,0.3152326
592,0.5103004
5920,0.3152326
5921,0.3152326
5922,0.6236833
5923,0.6236833
5924,0.6611148
5925,0.34236518
5926,0.3152326
5927,0.3152326
5928,0.3152326
5929,0.3152326
593,0.6611148
5930,0.3152326
5931,0.3152326
5932,0.6611148
5933,0.37471893
5934,0.3152326
5935,0.3152326
5936,0.6611148
5937,0.3152326
5938,0.3152326
5939,0.37471893
594,0.6611148
5940,0.3152326
5941,0.5103004
5942,0.3152326
5943,0.37471893
5945,0.37471893
5946,0.3499468
5947,0.3152326
5948,0.3152326
5949,0.5103004
595,0.6611148
5951,0.3152326
5953,0.5103004
5954,0.6528423
5956,0.6236833
5957,0.3152326
5958,0.37471893
5959,0.34236518
596,0.6236833
5960,0.3152326
5961,0.3152326
5962,0.3499468
5963,0.37471893
5964,0.6236833
5965,0.5103004
5966,0.37471893
5967,0.5103004
5968,0.3152326
5969,0.34236518
5970,0.37471893
5971,0.3152326
5973,0.3152326
5974,0.3152326
5975,0.37471893
5977,0.3152326
5978,0.3152326
5979,0.3152326
598,0.6611148
5980,0.54095906
5981,0.6611148
5982,0.37471893
5983,0.3499468
5985,0.5103004
5986,0.3152326
5987,0.3152326
5988,0.5103004
5989,0.3152326
599,0.6611148
5990,0.6236833
5991,0.3152326
5992,0.5103004
5993,0.3499468
5994,0.5103004
5995,0.6236833
5996,0.3152326
5997,0.3152326
5999,0.3152326
6,0.6611148
60,0.6611148
600,0.6611148
6000,0.6236833
6001,0.5103004
6002,0.3152326
6003,0.3499468
6004,0.5103004
6005,0.3499468
6006,0.3152326
6007,0.3152326
6008,0.5103004
6009,0.3152326
601,0.6611148
6010,0.37471893
6011,0.3152326
6012,0.3152326
6014,0.3152326
6015,0.3152326
6016,0.6236833
6017,0.5103004
6018,0.3152326
6019,0.3152326
602,0.6611148
6020,0.3499468
6021,0.5103004
6022,0.3152326
6025,0.3152326
6026,0.3152326
6027,0.6236833
6028,0.37471893
603,0.5103004
6030,0.6611148
6031,0.3152326
6032,0.3152326
6033,0.5103004
6034,0.6236833
6035,0.3499468
6036,0.6236833
6037,0.3152326
6039,0.3152326
604,0.6611148
6040,0.37471893
6041,0.56228715
6042,0.3152326
6043,0.3152326
6044,0.3152326
6046,0.5103004
6047,0.6611148
6048,0.3152326
6049,0.3152326
605,0.6611148
6050,0.5103004
6051,0.3499468
6052,0.3152326
6053,0.3152326
6054,0.5103004
6056,0.5103004
6057,0.6611148
6058,0.3152326
6059,0.3152326
606,0.6611148
6060,0.6611148
6062,0.37471893
6063,0.34236518
6064,0.3152326
6065,0.3152326
6066,0.3499468
6067,0.3152326
6069,0.3152326
607,0.6236833
6070,0.5103004
6072,0.5103004
6073,0.3152326
6076,0.3152326
6077,0.3152326
6078,0.3152326
608,0.6611148
6080,0.3152326
6081,0.37471893
6082,0.6611148
6083,0.3152326
6084,0.3152326
6085,0.6236833
6086,0.3499468
6087,0.6236833
609,0.6611148
6090,0.3499468
6091,0.5103004
6092,0.37471893
6093,0.6236833
6094,0.5103004
6095,0.3152326
6097,0.56228715
6098,0.37471893
6099,0.3152326
61,0.6611148
6100,0.5103004
6101,0.3152326
6102,0.37471893
6103,0.37471893
6104,0.3152326
6105,0.3152326
6106,0.5103004
6107,0.3152326
6109,0.3152326
611,0.6611148
6110,0.3499468
6111,0.3499468
6112,0.3152326
6113,0.3152326
6114,0.37471893
6115,0.3152326
6116,0.3152326
6117,0.5103004
6118,0.6236833
6119,0.5103004
612,0.6611148
6120,0.6611148
6122,0.4984655
6123,0.6611148
6124,0.3499468
6125,0.3152326
6126,0.3499468
6127,0.37471893
6128,0.5103004
6129,0.3152326
613,0.6611148
6130,0.3499468
6131,0.37471893
6132,0.37471893
6133,0.5103004
6134,0.3152326
6135,0.3152326
6137,0.5103004
6138,0.3152326
6139,0.5103004
614,0.6611148
6140,0.3152326
6141,0.5103004
6142,0.3152326
6143,0.3152326
6144,0.3152326
6145,0.3152326
6146,0.5103004
6148,0.3152326
615,0.6611148
6150,0.5103004
6152,0.3152326
6153,0.5103004
6154,0.37471893
6155,0.3152326
6156,0.6236833
6158,0.3152326
6159,0.3152326
616,0.6611148
6160,0.5103004
6161,0.3152326
6162,0.5103004
6164,0.37471893
6165,0.3152326
6166,0.3152326
6167,0.3152326
6168,0.37471893
6169,0.37471893
617,0.6611148
6170,0.5103004
6171,0.5103004
6172,0.37471893
6173,0.3152326
6174,0.5103004
6175,0.3152326
6176,0.3152326
6177,0.3152326
6178,0.5103004
6179,0.6611148
618,0.6611148
6180,0.3152326
6181,0.5103004
6182,0.3152326
6183,0.3152326
6184,0.3152326
6185,0.3152326
6186,0.5103004
6187,0.3152326
6188,0.37471893
6189,0.3152326
6190,0.3152326
6191,0.3152326
6192,0.5103004
6193,0.3152326
6195,0.3152326
6196,0.3152326
6197,0.3152326
6198,0.5103004
6199,0.40395117
62,0.6611148
6200,0.3152326
6201,0.3152326
6202,0.6236833
6204,0.3152326
6205,0.5103004
6207,0.6611148
6208,0.3152326
6209,0.3152326
621,0.6236833
6211,0.3499468
6212,0.37471893
6213,0.3152326
6215,0.5103004
6216,0.3152326
6218,0.3152326
6219,0.5103004
622,0.6611148
6220,0.3152326
6221,0.5103004
6223,0.3152326
6224,0.3152326
6225,0.3152326
6226,0.3152326
6227,0.3152326
6228,0.3152326
6229,0.3152326
6230,0.5103004
6231,0.3152326
6232,0.5103004
6233,0.5103004
6235,0.3499468
6236,0.37471893
6237,0.56228715
6238,0.3152326
6239,0.3152326
624,0.6611148
6240,0.3499468
6241,0.3499468
6242,0.37471893
6243,0.3152326
6245,0.37471893
6246,0.5103004
6247,0.56228715
6248,0.6236833
6249,0.6236833
625,0.6611148
6250,0.3152326
6251,0.37471893
6252,0.37471893
6253,0.37471893
6254,0.5103004
6255,0.3152326
6256,0.50112456
6257,0.3152326
6258,0.3152326
6259,0.65208304
626,0.6236833
6260,0.3499468
6261,0.3152326
6262,0.3152326
6263,0.3152326
6264,0.5103004
6265,0.6236833
6266,0.37471893
6267,0.3152326
6268,0.3152326
6269,0.5103004
6270,0.3152326
6271,0.5103004
6272,0.37471893
6273,0.3152326
6274,0.34236518
6275,0.5103004
6276,0.5103004
6277,0.6611148
6278,0.3152326
6279,0.3152326
628,0.6611148
6280,0.37471893
6283,0.5103004
6284,0.6611148
6285,0.5103004
6286,0.6473949
6287,0.37471893
6288,0.3152326
6290,0.6611148
6291,0.6611148
6293,0.37471893
6294,0.5103004
6295,0.6473949
6296,0.5103004
6297,0.3152326
6298,0.5103004
6299,0.6611148
63,0.6611148
630,0.6611148
6300,0.5103004
6301,0.3152326
6302,0.3152326
6303,0.3499468
6304,0.5103004
6305,0.3152326
6307,0.3152326
6309,0.3152326
631,0.6611148
6310,0.3499468
6311,0.3152326
6313,0.3152326
6314,0.5103004
6315,0.3152326
6316,0.5103004
6317,0.3152326
6318,0.3152326
632,0.6236833
6320,0.3152326
6321,0.3152326
6322,0.3499468
6323,0.3152326
6324,0.3152326
6325,0.34236518
6327,0.3152326
6328,0.6236833
6329,0.3152326
633,0.6236833
6330,0.3152326
6331,0.37471893
6332,0.3152326
6333,0.6611148
6334,0.3499468
6335,0.3152326
6336,0.3152326
6337,0.3152326
6339,0.3152326
634,0.6611148
6340,0.5103004
6342,0.3152326
6343,0.3152326
6344,0.3152326
6345,0.34236518
6346,0.3499468
6347,0.3152326
6348,0.6236833
6349,0.34236518
6350,0.5103004
6351,0.5103004
6352,0.3152326
6353,0.3152326
6354,0.3152326
6355,0.5103004
6356,0.5103004
6357,0.6236833
6358,0.3152326
6359,0.3499468
636,0.6611148
6361,0.37471893
6364,0.3152326
6366,0.3152326
6367,0.3152326
6368,0.3152326
637,0.6611148
6370,0.6236833
6371,0.3152326
6373,0.3499468
6374,0.3499468
6375,0.3152326
6376,0.3152326
6378,0.3152326
6379,0.3152326
638,0.6611148
6380,0.6236833
6381,0.5103004
6382,0.37471893
6383,0.6473949
6384,0.3152326
6385,0.3152326
6386,0.3152326
6387,0.56228715
6388,0.5103004
6389,0.3152326
639,0.6611148
6391,0.5103004
6392,0.3152326
6393,0.3152326
6394,0.3152326
6395,0.3152326
6396,0.3152326
6397,0.5103004
6398,0.3152326
6399,0.3152326
64,0.6611148
640,0.6236833
6401,0.3152326
6402,0.3152326
6403,0.3152326
6404,0.3499468
6406,0.3499468
6408,0.3499468
6409,0.3499468
641,0.6611148
6410,0.3152326
6411,0.5103004
6412,0.6611148
6414,0.6611148
6415,0.6611148
6416,0.5103004
6417,0.6236833
6418,0.3152326
6419,0.3152326
642,0.6611148
6420,0.3152326
6421,0.3152326
6422,0.3499468
6423,0.3152326
6424,0.3499468
6425,0.6236833
6426,0.3152326
6427,0.3152326
6428,0.3152326
6430,0.3499468
6431,0.37471893
6432,0.3499468
6434,0.37471893
6435,0.3152326
6436,0.3152326
6437,0.37471893
6438,0.65208304
6439,0.54095906
644,0.6611148
6440,0.50112456
6441,0.3152326
6442,0.3499468
6444,0.3152326
6445,0.3499468
6446,0.3499468
6447,0.3152326
6449,0.3152326
6450,0.37471893
6451,0.3152326
6452,0.5103004
6453,0.34236518
6454,0.3152326
6455,0.3499468
6456,0.3152326
6457,0.6611148
6459,0.5103004
646,0.6611148
6460,0.3152326
6461,0.3152326
6462,0.3499468
6463,0.3152326
6466,0.5103004
6468,0.3152326
6469,0.3152326
647,0.6236833
6470,0.3152326
6471,0.5103004
6472,0.3152326
6473,0.37471893
6474,0.3152326
6475,0.3152326
6476,0.6473949
6479,0.6528423
648,0.6611148
6480,0.6236833
6481,0.6236833
6482,0.37471893
6483,0.37471893
6484,0.3152326
6485,0.3152326
6486,0.6236833
6487,0.6236833
6488,0.3152326
649,0.6611148
6490,0.3152326
6491,0.5103004
6492,0.5103004
6493,0.3152326
6494,0.3152326
6495,0.3152326
6496,0.68810236
6497,0.3152326
6498,0.3152326
6499,0.37471893
650,0.6611148
6500,0.3152326
6501,0.6236833
6502,0.37471893
6503,0.3152326
6505,0.3152326
6506,0.3152326
6507,0.37471893
6508,0.37471893
651,0.6611148
6511,0.5103004
6512,0.3152326
6513,0.3499468
6514,0.5103004
6515,0.37471893
6516,0.3499468
6517,0.3499468
6518,0.3499468
6519,0.6611148
652,0.6611148
6521,0.3152326
6522,0.34236518
6523,0.3152326
6524,0.5103004
6526,0.3499468
6527,0.37471893
6528,0.54095906
6529,0.6611148
653,0.6611148
6530,0.3152326
6531,0.6611148
6532,0.3152326
6533,0.3152326
6534,0.3499468
6536,0.3152326
6537,0.3152326
6538,0.37471893
6539,0.3499468
654,0.6611148
6540,0.5103004
6541,0.5103004
6542,0.3152326
6543,0.37471893
6545,0.3499468
6547,0.37471893
6548,0.3152326
6549,0.6236833
655,0.6611148
6550,0.3499468
6551,0.37471893
6552,0.6611148
6553,0.5103004
6554,0.3152326
6555,0.3152326
6556,0.34236518
6557,0.3152326
6558,0.3152326
6559,0.3152326
656,0.6611148
6560,0.3152326
6561,0.3152326
6564,0.5103004
6565,0.6611148
6566,0.3152326
6567,0.37471893
6568,0.3152326
6569,0.6611148
657,0.6611148
6570,0.3152326
6571,0.3152326
6572,0.3152326
6573,0.37471893
6574,0.5103004
6575,0.5103004
6576,0.3152326
6579,0.6611148
6580,0.37471893
6581,0.5103004
6582,0.3152326
6583,0.3152326
6584,0.3499468
6585,0.37471893
6586,0.6611148
6587,0.3152326
6588,0.6611148
6589,0.3499468
6590,0.5103004
6591,0.3152326
6592,0.3152326
6595,0.3152326
6596,0.37471893
6597,0.3152326
6598,0.34236518
6599,0.6528423
6600,0.5103004
6601,0.5103004
6602,0.37471893
6604,0.3152326
6605,0.6611148
6607,0.3152326
6608,0.5103004
6609,0.65208304
6610,0.3152326
6611,0.6611148
6613,0.5103004
6614,0.6611148
6615,0.5103004
6616,0.33444244
6617,0.37471893
6618,0.6473949
6619,0.3152326
662,0.6611148
6620,0.3152326
6621,0.37471893
6623,0.5103004
6624,0.3152326
6625,0.5103004
6626,0.3152326
6627,0.3152326
6628,0.3152326
6629,0.37471893
663,0.6611148
6630,0.5103004
6631,0.6611148
6632,0.3152326
6633,0.5103004
6634,0.3152326
6636,0.3152326
6638,0.37471893
6639,0.5103004
664,0.6236833
6640,0.6473949
6641,0.3152326
6642,0.3152326
6643,0.6236833
6644,0.3152326
6645,0.3152326
6646,0.3152326
6647,0.34236518
6648,0.5103004
6649,0.3152326
665,0.6611148
6651,0.5103004
6652,0.6528423
6653,0.5103004
6654,0.3152326
6655,0.3152326
6657,0.3152326
6658,0.3152326
666,0.6611148
6660,0.3152326
6661,0.3152326
6662,0.3152326
6663,0.3152326
6664,0.3152326
6665,0.37471893
6666,0.6611148
6667,0.3152326
6668,0.5103004
6669,0.3152326
667,0.6611148
6670,0.3152326
6671,0.3499468
6672,0.3152326
6673,0.3152326
6674,0.3152326
6675,0.3152326
6676,0.3499468
6677,0.3152326
6678,0.3152326
6679,0.3152326
6680,0.5103004
6681,0.3152326
6682,0.5103004
6683,0.40395117
6684,0.3152326
6685,0.3499468
6686,0.37471893
6687,0.5103004
6689,0.3152326
669,0.6611148
6690,0.3152326
6692,0.3152326
6693,0.3152326
6694,0.6611148
6695,0.56228715
6696,0.37471893
6697,0.5103004
6698,0.3499468
6699,0.5103004
67,0.6611148
670,0.6236833
6700,0.5103004
6701,0.5103004
6703,0.3152326
6704,0.3152326
6706,0.54095906
6708,0.5103004
671,0.6611148
6710,0.6473949
6711,0.3152326
6712,0.3152326
6713,0.3152326
6714,0.3152326
6715,0.3152326
6716,0.3499468
6717,0.3152326
6718,0.6236833
6719,0.5103004
672,0.6611148
6720,0.5103004
6721,0.37471893
6724,0.3152326
6726,0.3152326
6727,0.3499468
6728,0.6473949
6729,0.3152326
673,0.6611148
6730,0.3152326
6731,0.6235226
6732,0.37471893
6733,0.6236833
6734,0.3499468
6735,0.3152326
6737,0.3152326
6738,0.5103004
6739,0.3152326
674,0.6236833
6740,0.3152326
6741,0.3152326
6742,0.3499468
6743,0.6236833
6744,0.3152326
6745,0.3152326
6746,0.3152326
6747,0.54095906
6748,0.3152326
675,0.6611148
6750,0.3152326
6751,0.3499468
6752,0.37471893
6753,0.3152326
6755,0.37471893
6756,0.6236833
6757,0.34236518
6758,0.3152326
6759,0.3152326
676,0.6611148
6761,0.3499468
6762,0.6611148
6763,0.3152326
6764,0.3152326
6765,0.3152326
6766,0.5103004
6767,0.3152326
6769,0.33444244
677,0.6611148
6770,0.3152326
6772,0.3152326
6773,0.3152326
6774,0.37471893
6775,0.5103004
6776,0.3152326
6777,0.37471893
6778,0.3152326
6779,0.3152326
678,0.6611148
6780,0.5103004
6782,0.5103004
6783,0.3152326
6784,0.3152326
6785,0.3152326
6786,0.3152326
6787,0.3499468
6788,0.3152326
6789,0.3152326
679,0.5103004
6790,0.40395117
6791,0.6611148
6792,0.6236833
6793,0.3499468
6794,0.3152326
6796,0.3152326
6797,0.5103004
6799,0.37471893
68,0.6236833
680,0.6611148
6800,0.37471893
6801,0.3152326
6802,0.6236833
6803,0.3152326
6804,0.3152326
6805,0.37471893
6806,0.3499468
6807,0.3152326
6808,0.5103004
6809,0.3152326
681,0.6611148
6810,0.3499468
6812,0.6611148
6813,0.3499468
6814,0.5103004
6816,0.3152326
6817,0.37471893
6818,0.3152326
6819,0.3152326
682,0.6236833
6820,0.50112456
6822,0.3152326
6823,0.3152326
6824,0.68810236
6825,0.37471893
6827,0.5103004
6828,0.5103004
6829,0.5103004
683,0.5103004
6830,0.3499468
6832,0.3152326
6833,0.3152326
6834,0.3152326
6835,0.3152326
6836,0.3152326
6837,0.3152326
6838,0.5103004
6839,0.3152326
684,0.6611148
6840,0.3152326
6841,0.5103004
6842,0.3152326
6844,0.5103004
6845,0.5103004
6846,0.5103004
6847,0.6611148
6848,0.3499468
6849,0.5103004
685,0.6611148
6850,0.37471893
6851,0.37471893
6852,0.37471893
6853,0.3499468
6854,0.3152326
6855,0.6236833
6856,0.3499468
6857,0.5103004
6858,0.3152326
6859,0.37471893
686,0.6236833
6860,0.3152326
6861,0.6611148
6862,0.5103004
6863,0.5103004
6864,0.5103004
6865,0.37471893
6866,0.5103004
6867,0.3152326
6868,0.3152326
6869,0.6611148
687,0.6611148
6870,0.37471893
6871,0.3152326
6872,0.5103004
6873,0.3499468
6874,0.3152326
6875,0.3152326
6876,0.5103004
6877,0.3152326
6878,0.3152326
6879,0.3152326
688,0.6611148
6880,0.3152326
6881,0.3152326
6882,0.3152326
6883,0.37471893
6884,0.5103004
6886,0.5103004
6887,0.3152326
6888,0.37471893
6889,0.3499468
689,0.6611148
6890,0.3499468
6892,0.3152326
6893,0.3152326
6894,0.3152326
6895,0.5103004
6896,0.5103004
6897,0.56228715
6898,0.37471893
6899,0.3152326
69,0.6611148
690,0.6236833
6900,0.6611148
6901,0.5103004
6902,0.3499468
6904,0.3152326
6905,0.37471893
6906,0.6236833
6907,0.37471893
6908,0.6611148
6909,0.5103004
691,0.6611148
6911,0.6611148
6912,0.3152326
6913,0.3152326
6914,0.37471893
6915,0.3152326
6916,0.5103004
6917,0.37471893
6919,0.34236518
692,0.6611148
6920,0.3152326
6921,0.3152326
6922,0.3152326
6923,0.3152326
6924,0.6611148
6925,0.3152326
6926,0.3152326
6929,0.37471893
6930,0.3152326
6931,0.3152326
6932,0.5103004
6933,0.3152326
6934,0.5103004
6935,0.3152326
6937,0.4984655
6938,0.37471893
6939,0.3152326
694,0.6611148
6940,0.3152326
6941,0.37471893
6942,0.3152326
6943,0.37471893
6944,0.5103004
6945,0.3499468
6946,0.37471893
6947,0.5103004
6949,0.3152326
695,0.6611148
6951,0.6236833
6952,0.3152326
6953,0.3152326
6955,0.5103004
6956,0.5103004
6957,0.4984655
6958,0.3152326
6959,0.3152326
696,0.6236833
6960,0.3152326
6961,0.3152326
6962,0.3499468
6963,0.37471893
6964,0.34236518
6965,0.4984655
6966,0.5103004
6967,0.3152326
6968,0.37471893
6969,0.5103004
697,0.6611148
6970,0.3152326
6971,0.37471893
6972,0.3152326
6973,0.3152326
6974,0.6747553
6975,0.3152326
6976,0.3152326
6977,0.3152326
6978,0.5103004
6979,0.5103004
698,0.6611148
6981,0.3152326
6982,0.5103004
6983,0.3152326
6984,0.3152326
6986,0.5103004
6987,0.3499468
6989,0.3152326
699,0.6611148
6990,0.6236833
6991,0.3152326
6992,0.3499468
6993,0.3152326
6994,0.6236833
6996,0.3152326
6997,0.3499468
6998,0.3152326
6999,0.3152326
7,0.6611148
70,0.6611148
700,0.6611148
7001,0.3152326
7002,0.3499468
7003,0.3152326
7004,0.3152326
7005,0.5103004
7006,0.3152326
7007,0.40395117
7009,0.3152326
701,0.6611148
7010,0.3152326
7011,0.3152326
7012,0.3152326
7013,0.3499468
7014,0.3152326
7015,0.3152326
7016,0.34236518
7017,0.3499468
7018,0.6611148
7019,0.3152326
702,0.5103004
7020,0.3152326
7021,0.65208304
7022,0.5103004
7023,0.3499468
7025,0.5103004
7026,0.3152326
7027,0.37471893
7028,0.37471893
7029,0.3152326
703,0.6611148
7030,0.5103004
7031,0.5103004
7032,0.3152326
7033,0.3152326
7034,0.3152326
7035,0.3152326
7036,0.5103004
7037,0.37471893
7038,0.3152326
7039,0.37471893
7041,0.6236833
7042,0.3152326
7043,0.3152326
7044,0.3152326
7045,0.3152326
7046,0.5103004
7047,0.3152326
7048,0.5103004
7049,0.5103004
705,0.6236833
7050,0.3499468
7051,0.3152326
7052,0.3152326
7053,0.3152326
7054,0.3152326
7055,0.3152326
7056,0.3152326
7057,0.3152326
7058,0.54095906
7059,0.3152326
7060,0.3152326
7061,0.37471893
7062,0.34236518
7063,0.3152326
7064,0.3152326
7065,0.3152326
7066,0.5103004
7067,0.5103004
7068,0.3152326
7069,0.5103004
707,0.6611148
7070,0.3499468
7072,0.6236833
7073,0.6611148
7075,0.6611148
7076,0.5103004
7077,0.40395117
7079,0.3152326
708,0.6611148
7081,0.3152326
7082,0.5103004
7083,0.37471893
7084,0.5103004
7085,0.3152326
7086,0.3152326
7088,0.3152326
709,0.5103004
7090,0.3499468
7092,0.37471893
7094,0.5103004
7095,0.3152326
7096,0.6236833
7097,0.3152326
7098,0.3152326
7099,0.37471893
71,0.6611148
710,0.6611148
7100,0.5103004
7101,0.3152326
7102,0.6611148
7103,0.3152326
7104,0.5103004
7105,0.3499468
7106,0.6473949
7107,0.6236833
7108,0.3152326
7109,0.3152326
711,0.6236833
7111,0.3152326
7112,0.3152326
7113,0.5103004
7114,0.3152326
7115,0.37471893
7116,0.3152326
7117,0.6611148
7118,0.5103004
7119,0.37471893
712,0.6611148
7120,0.3499468
7122,0.4984655
7123,0.3152326
7124,0.3152326
7125,0.37471893
7126,0.6611148
7127,0.54095906
7128,0.3152326
7129,0.3152326
713,0.6611148
7130,0.6611148
7131,0.5103004
7132,0.3152326
7133,0.3152326
7134,0.6611148
7135,0.3152326
7138,0.5103004
7139,0.3152326
714,0.6611148
7140,0.50112456
7141,0.3152326
7142,0.7203396
7143,0.5103004
7144,0.3152326
7145,0.3499468
7146,0.3152326
7147,0.6611148
7148,0.3152326
7149,0.3152326
715,0.5103004
7150,0.3152326
7151,0.3152326
7153,0.6236833
7154,0.34236518
7155,0.3152326
7156,0.3152326
7157,0.37471893
716,0.6611148
7160,0.5103004
7161,0.3499468
7162,0.5103004
7163,0.3152326
7164,0.37471893
7165,0.3152326
7166,0.5103004
7167,0.3152326
7169,0.5103004
717,0.6236833
7170,0.3152326
7171,0.5103004
7172,0.6611148
7173,0.3499468
7175,0.5103004
7176,0.3152326
7177,0.3152326
7178,0.3152326
7179,0.5103004
718,0.3499468
7180,0.3152326
7181,0.5103004
7182,0.3152326
7183,0.3152326
7184,0.3152326
7185,0.3152326
7186,0.6236833
7187,0.3152326
7188,0.37471893
7189,0.3152326
719,0.6236833
7190,0.6611148
7191,0.5103004
7192,0.4984655
7193,0.3152326
7195,0.3152326
7196,0.5103004
7197,0.3499468
7198,0.6611148
7199,0.6611148
72,0.6611148
720,0.6611148
7200,0.5103004
7201,0.6611148
7202,0.3152326
7203,0.5103004
7204,0.3499468
7205,0.3152326
7206,0.6611148
7207,0.3499468
7208,0.3152326
7209,0.3152326
721,0.6236833
7210,0.3152326
7211,0.3152326
7212,0.5103004
7213,0.6611148
7214,0.3152326
7215,0.3152326
7216,0.3152326
7217,0.50112456
7219,0.37471893
722,0.6611148
7220,0.37471893
7222,0.5103004
7223,0.3152326
7224,0.37471893
7226,0.3152326
7227,0.3152326
7228,0.5103004
7229,0.3152326
723,0.6611148
7231,0.37471893
7232,0.5103004
7233,0.3152326
7234,0.34236518
7235,0.37471893
7236,0.6611148
7237,0.37471893
7238,0.3152326
7239,0.3152326
724,0.6236833
7241,0.37471893
7242,0.3152326
7243,0.6236833
7244,0.5103004
7245,0.54095906
7246,0.3152326
7248,0.6236833
7249,0.3499468
725,0.6611148
7250,0.40395117
7251,0.3152326
7253,0.37471893
7254,0.54095906
7255,0.37471893
7256,0.3152326
7257,0.3152326
7258,0.37471893
7259,0.3152326
726,0.6611148
7260,0.5103004
7262,0.3152326
7263,0.37471893
7264,0.37471893
7265,0.3152326
7266,0.3499468
7267,0.6236833
7268,0.37471893
7269,0.3152326
727,0.6611148
7270,0.5103004
7271,0.37471893
7273,0.3152326
7274,0.6236833
7275,0.6611148
7278,0.37471893
7279,0.3152326
728,0.6611148
7280,0.3152326
7281,0.3152326
7282,0.3152326
7283,0.54095906
7284,0.37471893
7285,0.3152326
7286,0.3152326
7287,0.6236833
7288,0.3152326
729,0.6611148
7291,0.3152326
7292,0.6236833
7293,0.6611148
7294,0.6611148
7295,0.3152326
7296,0.5103004
7298,0.5103004
7299,0.5103004
73,0.6611148
730,0.6611148
7300,0.3152326
7301,0.37471893
7302,0.37471893
7303,0.3152326
7305,0.3152326
7306,0.3499468
7307,0.3152326
7308,0.3152326
7309,0.3152326
731,0.6611148
7310,0.3499468
7311,0.6236833
7313,0.3152326
7314,0.3152326
7315,0.5103004
7316,0.3152326
7317,0.3152326
7318,0.37471893
7319,0.37471893
732,0.5103004
7320,0.3152326
7321,0.6236833
7323,0.6611148
7324,0.6236833
7325,0.5103004
7326,0.3499468
7327,0.3152326
7329,0.5103004
733,0.5103004
7330,0.3152326
7332,0.5103004
7333,0.3152326
7334,0.3152326
7335,0.3152326
7336,0.3152326
7337,0.3499468
7338,0.6473949
7339,0.3152326
734,0.6611148
7340,0.3152326
7341,0.3152326
7342,0.34236518
7343,0.5103004
7344,0.5103004
7345,0.3152326
7346,0.3152326
7347,0.6236833
735,0.6611148
7350,0.3499468
7351,0.3152326
7352,0.6236833
7353,0.5103004
7354,0.3499468
7355,0.3152326
7356,0.4984655
7357,0.5103004
7358,0.3499468
7359,0.5103004
7361,0.3499468
7362,0.5103004
7363,0.6611148
7364,0.68810236
7365,0.3152326
7366,0.34236518
7367,0.34236518
7368,0.3152326
7369,0.6236833
737,0.6611148
7370,0.5103004
7371,0.3152326
7372,0.34236518
7373,0.3499468
7374,0.3152326
7375,0.3152326
7378,0.3152326
7379,0.5103004
7380,0.6611148
7381,0.3152326
7382,0.34236518
7383,0.3152326
7384,0.3152326
7385,0.3152326
7386,0.3152326
7387,0.3499468
7388,0.37471893
7389,0.3152326
739,0.6611148
7390,0.3152326
7391,0.3152326
7392,0.3152326
7394,0.3499468
7395,0.3499468
7396,0.6236833
7397,0.3152326
7398,0.3152326
74,0.6611148
740,0.6611148
7400,0.37471893
7402,0.3152326
7403,0.5103004
7404,0.3152326
7405,0.3499468
7406,0.37471893
7407,0.5103004
7408,0.3152326
7409,0.37471893
7410,0.3152326
7411,0.3152326
7413,0.6611148
7415,0.3499468
7416,0.3152326
7417,0.6611148
7418,0.56228715
7419,0.5103004
742,0.6236833
7420,0.3152326
7421,0.3152326
7422,0.3152326
7423,0.6236833
7424,0.6747553
7425,0.3152326
7427,0.3152326
7428,0.3152326
7429,0.3152326
743,0.5103004
7430,0.37471893
7431,0.3499468
7432,0.37471893
7433,0.3152326
7434,0.3152326
7435,0.6236833
7436,0.3152326
7438,0.3152326
7439,0.37471893
744,0.6611148
7440,0.6611148
7441,0.3152326
7442,0.3152326
7443,0.5103004
7444,0.3152326
7445,0.3152326
7446,0.6236833
7447,0.3499468
7448,0.37471893
7449,0.3499468
745,0.6236833
7450,0.6611148
7451,0.5103004
7452,0.6611148
7453,0.5103004
7454,0.3152326
7455,0.37471893
7456,0.3499468
7457,0.3152326
7458,0.3152326
7459,0.3152326
746,0.6611148
7460,0.3499468
7461,0.3499468
7462,0.3152326
7463,0.3152326
7464,0.3152326
7465,0.37471893
7466,0.34236518
7467,0.3499468
7468,0.6611148
7469,0.3152326
747,0.6236833
7471,0.3152326
7472,0.37471893
7473,0.5103004
7474,0.3499468
7476,0.3152326
7477,0.3152326
7478,0.3152326
7479,0.3152326
748,0.6611148
7480,0.3152326
7481,0.3499468
7482,0.6611148
7483,0.5103004
7484,0.3499468
7485,0.3152326
7486,0.37471893
7487,0.37471893
7488,0.6236833
7489,0.3152326
749,0.6611148
7491,0.3152326
7492,0.3152326
7493,0.37471893
7494,0.3152326
7495,0.3152326
7497,0.54095906
7498,0.5103004
7499,0.3152326
750,0.5103004
7500,0.3152326
7501,0.37471893
7502,0.3152326
7503,0.3152326
7504,0.65208304
7505,0.3152326
7506,0.3152326
7507,0.3152326
7508,0.5103004
7509,0.5103004
751,0.6236833
7510,0.6236833
7511,0.3152326
7512,0.5103004
7514,0.50112456
7515,0.3152326
7516,0.5103004
7517,0.3499468
7518,0.5103004
752,0.6236833
7520,0.3152326
7521,0.6236833
7522,0.3152326
7523,0.3499468
7525,0.34236518
7528,0.3152326
7529,0.3152326
753,0.6611148
7530,0.5103004
7531,0.3152326
7532,0.37471893
7533,0.3152326
7534,0.6611148
7535,0.3152326
7536,0.3152326
7537,0.54095906
7538,0.3499468
7539,0.50112456
754,0.6236833
7541,0.3499468
7542,0.6611148
7543,0.3152326
7544,0.3499468
7545,0.5103004
7546,0.3152326
7548,0.5103004
7549,0.5103004
755,0.6611148
7550,0.3152326
7551,0.6236833
7552,0.37471893
7553,0.3152326
7554,0.3152326
7555,0.3152326
7556,0.3152326
7557,0.5103004
7558,0.3499468
7559,0.6611148
756,0.6611148
7560,0.3499468
7561,0.37471893
7562,0.3152326
7563,0.3499468
7565,0.5103004
7566,0.56228715
7567,0.3152326
7568,0.37471893
7569,0.5103004
757,0.6236833
7570,0.5103004
7571,0.3152326
7572,0.3152326
7573,0.5103004
7574,0.37471893
7575,0.6236833
7576,0.3152326
7577,0.54095906
7578,0.5103004
7579,0.6236833
758,0.6236833
7581,0.3152326
7582,0.3499468
7583,0.37471893
7584,0.3152326
7585,0.3499468
7586,0.3152326
7587,0.3152326
7588,0.3499468
7589,0.3499468
759,0.6611148
7590,0.3152326
7591,0.37471893
7592,0.5103004
7594,0.37471893
7597,0.3152326
7598,0.54095906
7599,0.5103004
76,0.6611148
760,0.6236833
7600,0.3152326
7601,0.3152326
7602,0.3499468
7603,0.3152326
7604,0.5103004
7606,0.3152326
7608,0.37471893
7609,0.3152326
761,0.6611148
7613,0.3152326
7614,0.3152326
7615,0.6611148
7617,0.56228715
7618,0.3499468
7619,0.3499468
762,0.6611148
7620,0.7203396
7621,0.3152326
7622,0.3152326
7623,0.3152326
7624,0.3152326
7625,0.3152326
7627,0.3499468
7628,0.3152326
763,0.6236833
7630,0.3152326
7631,0.37471893
7632,0.6473949
7633,0.5103004
7634,0.5103004
7636,0.3152326
7637,0.3152326
7638,0.5103004
7639,0.3152326
764,0.6611148
7640,0.3152326
7641,0.37471893
7642,0.3152326
7643,0.3499468
7644,0.3152326
7645,0.3152326
7646,0.6236833
7647,0.3152326
7648,0.5103004
7649,0.37471893
765,0.6611148
7651,0.3152326
7652,0.3152326
7653,0.37471893
7654,0.3499468
7655,0.5103004
7656,0.37471893
7657,0.37471893
7659,0.7079883
766,0.6611148
7660,0.5103004
7661,0.3152326
7662,0.3152326
7663,0.3152326
7664,0.3152326
7666,0.6236833
7667,0.37471893
7668,0.37471893
7669,0.37471893
767,0.6611148
7670,0.5103004
7671,0.3152326
7672,0.3152326
7673,0.33444244
7674,0.3152326
7675,0.3152326
7676,0.5103004
7678,0.6611148
7679,0.3152326
768,0.6611148
7680,0.3152326
7681,0.3152326
7682,0.3152326
7683,0.5103004
7684,0.5103004
7685,0.3152326
7686,0.37471893
7687,0.3152326
7688,0.3152326
7689,0.5103004
769,0.6611148
7690,0.6611148
7691,0.34236518
7692,0.3499468
7693,0.5103004
7694,0.3152326
7695,0.5103004
7696,0.3152326
7697,0.5103004
7698,0.3152326
7699,0.3152326
77,0.6611148
770,0.6611148
7701,0.5103004
7702,0.37471893
7703,0.3152326
7704,0.3499468
7705,0.5103004
7706,0.5103004
7707,0.5103004
7708,0.37471893
771,0.6611148
7710,0.3152326
7711,0.6611148
7712,0.3152326
7713,0.5103004
7714,0.3152326
7715,0.5103004
7716,0.3499468
7717,0.37471893
7718,0.3152326
7719,0.5103004
772,0.6236833
7720,0.3152326
7721,0.3152326
7722,0.6236833
7723,0.5103004
7724,0.3152326
7725,0.3152326
7726,0.3152326
7728,0.37471893
7729,0.5103004
773,0.6611148
7730,0.37471893
7732,0.3152326
7733,0.37471893
7734,0.3152326
7735,0.6611148
7736,0.3152326
7737,0.3499468
7738,0.5103004
7739,0.3152326
774,0.6611148
7740,0.3152326
7741,0.3152326
7742,0.5103004
7743,0.3152326
7744,0.5103004
7745,0.3152326
7747,0.3152326
7748,0.6611148
7749,0.50112456
775,0.6611148
7750,0.3152326
7751,0.3152326
7752,0.3152326
7753,0.3152326
7754,0.3499468
7755,0.6611148
7756,0.3152326
7757,0.3152326
7758,0.5103004
7759,0.3152326
7761,0.37471893
7762,0.3152326
7763,0.3152326
7764,0.5103004
7765,0.5103004
7768,0.3152326
7769,0.3152326
777,0.5103004
7770,0.37471893
7771,0.34236518
7772,0.3152326
7773,0.3152326
7774,0.6236833
7775,0.3152326
7777,0.3152326
7778,0.3152326
7779,0.3152326
778,0.6611148
7780,0.3499468
7781,0.3152326
7782,0.3152326
7783,0.37471893
7784,0.5103004
7785,0.3499468
7787,0.6611148
7789,0.3152326
779,0.6611148
7790,0.5103004
7791,0.3152326
7793,0.3152326
7794,0.37471893
7795,0.37471893
7796,0.3152326
7797,0.37471893
7798,0.37471893
7799,0.3152326
78,0.6611148
780,0.6611148
7800,0.37471893
7801,0.3152326
7802,0.3152326
7803,0.5103004
7804,0.3152326
7805,0.37471893
7806,0.37471893
7807,0.3152326
7808,0.3499468
7809,0.6236833
781,0.6611148
7810,0.6236833
7811,0.5103004
7812,0.6236833
7813,0.6611148
7814,0.3152326
7815,0.5103004
7816,0.3152326
7817,0.34236518
7818,0.5103004
7819,0.5103004
782,0.5103004
7820,0.6473949
7821,0.37471893
7824,0.3152326
7825,0.37471893
7826,0.3152326
7827,0.37471893
7828,0.34236518
783,0.6611148
7830,0.3152326
7831,0.3152326
7833,0.5103004
7834,0.37471893
7835,0.5103004
7836,0.54095906
7837,0.37471893
7838,0.5103004
7839,0.3152326
784,0.6611148
7841,0.6611148
7842,0.3152326
7843,0.3152326
7844,0.37471893
7845,0.3152326
7846,0.5103004
7847,0.5103004
7848,0.3152326
7849,0.6236833
785,0.6236833
7852,0.3152326
7853,0.5103004
7854,0.3152326
7855,0.37471893
7856,0.6611148
7857,0.3152326
7858,0.3499468
7859,0.5103004
786,0.6611148
7860,0.3152326
7861,0.37471893
7862,0.37471893
7863,0.6611148
7864,0.3499468
7865,0.3152326
7866,0.5103004
7867,0.6611148
7868,0.5103004
7869,0.3152326
787,0.6611148
7870,0.3499468
7871,0.6236833
7872,0.3152326
7873,0.3499468
7874,0.6473949
7875,0.5103004
7877,0.5103004
7878,0.3152326
7879,0.3499468
788,0.6611148
7880,0.37471893
7883,0.3152326
7884,0.3152326
7885,0.3152326
7886,0.3152326
7887,0.3499468
7888,0.3152326
7889,0.3499468
789,0.6611148
7890,0.5103004
7891,0.3152326
7892,0.3152326
7893,0.3152326
7895,0.3152326
7896,0.3152326
7897,0.37471893
7898,0.37471893
7899,0.3152326
79,0.6611148
790,0.6611148
7900,0.40395117
7901,0.3152326
7902,0.5103004
7903,0.56228715
7904,0.3152326
7905,0.3499468
7906,0.3152326
7907,0.3499468
7908,0.3152326
791,0.6236833
7910,0.5103004
7911,0.37471893
7912,0.3152326
7913,0.5103004
7914,0.3499468
7915,0.3152326
7916,0.3152326
7917,0.5103004
7918,0.37471893
7919,0.37471893
792,0.6611148
7920,0.3152326
7921,0.3152326
7922,0.3499468
7923,0.3152326
7924,0.5103004
7925,0.37471893
7926,0.3152326
7927,0.3152326
793,0.6236833
7930,0.3152326
7931,0.6611148
7932,0.3152326
7933,0.3152326
7934,0.5103004
7935,0.6611148
7937,0.37471893
7938,0.5103004
7939,0.5103004
794,0.6611148
7941,0.4984655
7942,0.6611148
7943,0.3499468
7944,0.3152326
7945,0.5103004
7946,0.5103004
7947,0.3152326
7948,0.5103004
7949,0.4984655
795,0.6611148
7950,0.3152326
7951,0.3152326
7952,0.3152326
7953,0.3152326
7954,0.3499468
7955,0.5103004
7956,0.3499468
7957,0.3152326
7958,0.3152326
7959,0.37471893
796,0.6611148
7960,0.37471893
7961,0.3152326
7962,0.5103004
7963,0.5103004
7964,0.37471893
7965,0.3152326
7966,0.3152326
7967,0.5103004
7968,0.6611148
7969,0.3152326
797,0.6611148
7970,0.3152326
7972,0.3152326
7973,0.3499468
7974,0.3152326
7976,0.3499468
7977,0.5103004
7979,0.3152326
798,0.6611148
7980,0.3499468
7981,0.3152326
7982,0.37471893
7983,0.3152326
7984,0.3152326
7985,0.5103004
7986,0.3499468
7987,0.34236518
7988,0.5103004
7989,0.5103004
799,0.6611148
7990,0.3152326
7993,0.3152326
7995,0.3152326
7996,0.3152326
7997,0.3152326
7998,0.3499468
8,0.6611148
80,0.6611148
8000,0.3152326
8002,0.5103004
8003,0.3152326
8004,0.6236833
8005,0.3152326
8006,0.3152326
8007,0.37471893
8008,0.3152326
801,0.6611148
8010,0.3152326
8011,0.37471893
8012,0.3152326
8013,0.3152326
8014,0.3152326
8015,0.5103004
8016,0.5103004
8018,0.3152326
8019,0.3499468
802,0.6611148
8021,0.6611148
8022,0.6611148
8023,0.5103004
8024,0.3499468
8025,0.3152326
8026,0.3152326
8028,0.5103004
8029,0.6611148
803,0.6611148
8030,0.3152326
8031,0.3499468
8032,0.5103004
8035,0.3152326
8036,0.3152326
8037,0.3499468
8039,0.5103004
8040,0.37471893
8041,0.5103004
8042,0.5103004
8043,0.3152326
8044,0.5103004
8045,0.3152326
8046,0.6611148
8047,0.54095906
8048,0.3152326
8049,0.3152326
805,0.6611148
8050,0.3152326
8051,0.3152326
8052,0.3152326
8053,0.3152326
8054,0.3152326
8055,0.3152326
8056,0.6236833
8058,0.3152326
8059,0.3152326
806,0.6611148
8060,0.3152326
8062,0.3152326
8063,0.3152326
8064,0.3152326
8065,0.3152326
8066,0.54095906
8067,0.5103004
8068,0.3499468
8069,0.5103004
807,0.6236833
8070,0.37471893
8071,0.68810236
8072,0.37471893
8073,0.3152326
8074,0.37471893
8075,0.37471893
8076,0.3152326
8077,0.3152326
8078,0.3152326
8079,0.3152326
8080,0.3152326
8081,0.37471893
8082,0.34236518
8083,0.37471893
8084,0.6236833
8085,0.3152326
8087,0.3499468
8088,0.3152326
8089,0.3152326
809,0.6236833
8090,0.3152326
8091,0.3499468
8092,0.3152326
8093,0.3152326
8094,0.5103004
8095,0.5103004
8096,0.6611148
8097,0.3152326
8098,0.3152326
8099,0.53183055
81,0.6611148
810,0.6236833
8101,0.37471893
8102,0.5103004
8103,0.5103004
8104,0.3152326
8105,0.3499468
8106,0.3152326
8107,0.6611148
8108,0.3152326
8109,0.3152326
811,0.6611148
8110,0.5103004
8111,0.37471893
8113,0.37471893
8114,0.37471893
8115,0.37471893
8116,0.3152326
8118,0.5103004
8119,0.3152326
812,0.6236833
8120,0.5103004
8121,0.3152326
8122,0.5103004
8123,0.3152326
8124,0.5103004
8125,0.5103004
8126,0.37471893
8127,0.5103004
8128,0.5103004
8129,0.3152326
813,0.6611148
8130,0.6236833
8131,0.3152326
8133,0.37471893
8134,0.37471893
8135,0.3152326
8137,0.3152326
8138,0.5103004
814,0.37471893
8140,0.5103004
8141,0.3499468
8142,0.3152326
8144,0.3152326
8145,0.40395117
8146,0.3152326
8147,0.5103004
8149,0.37471893
815,0.6611148
8150,0.3499468
8153,0.3152326
8154,0.3152326
8155,0.3152326
8156,0.3152326
8158,0.3152326
8159,0.6611148
816,0.6611148
8160,0.5103004
8161,0.37471893
8162,0.6236833
8163,0.37471893
8165,0.37471893
8166,0.6611148
8167,0.3152326
8169,0.3152326
817,0.6611148
8170,0.3152326
8171,0.34236518
8172,0.3152326
8173,0.5103004
8174,0.70947313
8175,0.5103004
8176,0.5103004
8177,0.3152326
8178,0.34236518
8179,0.3152326
818,0.6611148
8180,0.37471893
8181,0.3152326
8182,0.3152326
8183,0.3152326
8184,0.37471893
8185,0.3152326
8187,0.3152326
8188,0.3499468
8189,0.37471893
819,0.6611148
8190,0.3152326
8191,0.3499468
8192,0.6611148
8194,0.3152326
8196,0.3152326
8197,0.3152326
8198,0.3152326
8199,0.37471893
82,0.6611148
820,0.6236833
8201,0.6236833
8202,0.3152326
8203,0.3152326
8204,0.5103004
8206,0.5103004
8207,0.3152326
8208,0.3152326
8209,0.3152326
821,0.6611148
8210,0.37471893
8211,0.37471893
8213,0.3152326
8214,0.3152326
8215,0.3152326
8216,0.5103004
8217,0.5103004
8218,0.6611148
8219,0.3152326
822,0.6236833
8220,0.6236833
8221,0.6236833
8222,0.3152326
8223,0.5103004
8224,0.56228715
8225,0.3152326
8226,0.6611148
8227,0.6236833
8228,0.5103004
8229,0.3152326
823,0.6236833
8230,0.37471893
8231,0.3499468
8232,0.3152326
8234,0.3152326
8235,0.37471893
8236,0.3152326
8238,0.5103004
8239,0.37471893
824,0.6611148
8240,0.37471893
8243,0.3152326
8244,0.3152326
8245,0.6611148
8246,0.3152326
8247,0.6611148
8248,0.3152326
8249,0.3499468
825,0.6236833
8250,0.3152326
8251,0.6236833
8252,0.6611148
8253,0.3152326
8255,0.5103004
8256,0.5103004
8257,0.54095906
8258,0.3152326
8259,0.3152326
826,0.6611148
8260,0.6236833
8261,0.3152326
8263,0.40395117
8264,0.3152326
8265,0.37471893
8266,0.3152326
8267,0.3152326
8268,0.3152326
8269,0.6611148
827,0.6611148
8270,0.6611148
8271,0.6236833
8273,0.3152326
8274,0.5103004
8275,0.5103004
8277,0.3152326
8278,0.3152326
8279,0.5103004
828,0.6611148
8280,0.3152326
8281,0.3152326
8282,0.3152326
8283,0.3152326
8284,0.37471893
8285,0.3152326
8286,0.50112456
8287,0.5103004
8288,0.5103004
8289,0.6236833
829,0.6611148
8290,0.34236518
8291,0.3152326
8292,0.5103004
8293,0.3499468
8295,0.3152326
8296,0.3152326
8297,0.37471893
8298,0.3152326
8299,0.3152326
83,0.6611148
830,0.6611148
8300,0.6236833
8301,0.33444244
8302,0.5103004
8303,0.3152326
8304,0.3152326
8305,0.3152326
8306,0.3152326
8307,0.5103004
8309,0.5103004
831,0.6611148
8310,0.3152326
8311,0.5103004
8312,0.3152326
8313,0.3152326
8314,0.3152326
8315,0.3499468
8316,0.3152326
8318,0.3499468
8319,0.3152326
832,0.6611148
8320,0.5103004
8321,0.3152326
8322,0.3152326
8323,0.5103004
8324,0.5103004
8325,0.5103004
8326,0.6236833
8327,0.37471893
8329,0.6611148
833,0.6611148
8330,0.3499468
8331,0.3152326
8332,0.54095906
8333,0.65208304
8335,0.6236833
8336,0.3499468
8337,0.3152326
8338,0.3152326
8339,0.6236833
834,0.6611148
8340,0.5103004
8341,0.3152326
8343,0.3152326
8344,0.3152326
8345,0.3152326
8346,0.3499468
8347,0.3499468
8348,0.3152326
8349,0.3152326
835,0.6611148
8350,0.5291815
8351,0.37471893
8352,0.6473949
8353,0.6236833
8354,0.3152326
8356,0.3152326
8357,0.3152326
8358,0.6236833
8359,0.3152326
836,0.6611148
8361,0.37471893
8362,0.37471893
8363,0.3152326
8364,0.54095906
8365,0.3152326
8366,0.3152326
8367,0.3152326
8368,0.3152326
8369,0.5103004
837,0.6611148
8370,0.5103004
8371,0.37471893
8372,0.5103004
8374,0.5103004
8375,0.3499468
8376,0.37471893
8377,0.3152326
8378,0.6611148
838,0.3152326
8380,0.3152326
8381,0.3152326
8382,0.3152326
8383,0.5103004
8384,0.6611148
8385,0.6236833
8386,0.5103004
8387,0.3152326
8388,0.34236518
8389,0.3152326
839,0.6611148
8390,0.3152326
8391,0.5103004
8392,0.37471893
8393,0.3152326
8394,0.6611148
8395,0.3152326
8396,0.37471893
8398,0.5103004
8399,0.37471893
84,0.6611148
840,0.6611148
8400,0.3152326
8401,0.6611148
8402,0.3152326
8403,0.3152326
8404,0.5103004
8405,0.6236833
8406,0.3152326
8407,0.3152326
8408,0.3152326
8409,0.37471893
841,0.6236833
8410,0.3152326
8411,0.3499468
8412,0.5103004
8413,0.3152326
8415,0.3152326
8417,0.5103004
8418,0.5103004
8419,0.6236833
842,0.6236833
8420,0.3152326
8421,0.5103004
8422,0.3152326
8424,0.6611148
8425,0.3152326
8426,0.3499468
8427,0.3152326
8429,0.5103004
843,0.6236833
8431,0.37471893
8432,0.3499468
8433,0.3499468
8434,0.6236833
8435,0.3152326
8436,0.37471893
8438,0.5103004
844,0.6611148
8440,0.3152326
8441,0.3152326
8442,0.3499468
8444,0.3152326
8445,0.3152326
8446,0.5103004
8447,0.3152326
8448,0.6236833
8449,0.3152326
845,0.6236833
8451,0.3152326
8452,0.3152326
8453,0.5103004
8454,0.3499468
8455,0.3152326
8456,0.3152326
8457,0.3152326
8458,0.3152326
8459,0.3499468
8460,0.3499468
8462,0.3152326
8463,0.3152326
8465,0.3499468
8466,0.3152326
8467,0.6236833
8468,0.3499468
8469,0.5103004
847,0.6611148
8470,0.5103004
8471,0.5103004
8472,0.3152326
8473,0.3152326
8474,0.5103004
8475,0.3152326
8476,0.3152326
8477,0.37471893
8479,0.5103004
848,0.6611148
8480,0.34236518
8481,0.5103004
8482,0.3152326
8484,0.3152326
8485,0.3152326
8486,0.37471893
8487,0.5103004
8488,0.3499468
8489,0.3499468
849,0.6611148
8490,0.5103004
8491,0.4984655
8493,0.6747553
8494,0.37471893
8495,0.37471893
8496,0.5103004
8497,0.37471893
8498,0.3499468
8499,0.3152326
85,0.6611148
850,0.6611148
8500,0.40395117
8501,0.5103004
8502,0.3152326
8503,0.6236833
8504,0.3152326
8505,0.3152326
8506,0.3152326
8507,0.3152326
8508,0.3152326
8509,0.37471893
851,0.5103004
8510,0.3152326
8511,0.3499468
8512,0.37471893
8513,0.37471893
8514,0.3152326
8515,0.3152326
8516,0.34236518
8517,0.34236518
8518,0.3152326
852,0.6611148
8520,0.5103004
8522,0.3152326
8523,0.3152326
8524,0.5103004
8525,0.3499468
8526,0.3499468
8527,0.3152326
8528,0.3152326
8529,0.3152326
853,0.6236833
8530,0.3152326
8531,0.37471893
8532,0.3152326
8533,0.3152326
8534,0.6611148
8535,0.37471893
8536,0.6611148
8537,0.3152326
8538,0.6528423
8539,0.3499468
854,0.6611148
8541,0.3152326
8543,0.5103004
8544,0.3152326
8545,0.3152326
8546,0.3152326
8547,0.34236518
8548,0.3152326
8549,0.3152326
855,0.6611148
8550,0.3499468
8551,0.37471893
8552,0.6236833
8553,0.3152326
8554,0.3499468
8555,0.3152326
8557,0.3152326
8558,0.3152326
856,0.6236833
8560,0.3499468
8561,0.40395117
8562,0.3152326
8563,0.5103004
8564,0.5103004
8565,0.3152326
8566,0.5103004
8567,0.5103004
8568,0.37471893
8569,0.37471893
857,0.6611148
8570,0.65208304
8571,0.6611148
8572,0.3152326
8573,0.6611148
8574,0.3152326
8577,0.37471893
8578,0.3152326
8579,0.3152326
8581,0.3152326
8582,0.6747553
8584,0.34236518
8585,0.50112456
8586,0.3499468
8587,0.5103004
8588,0.37471893
859,0.6611148
8590,0.3152326
8591,0.37471893
8592,0.3152326
8593,0.6236833
8594,0.5103004
8595,0.6611148
8596,0.5103004
8597,0.3152326
86,0.6611148
860,0.5103004
8600,0.3152326
8601,0.3152326
8602,0.5103004
8603,0.37471893
8604,0.3152326
8605,0.3152326
8606,0.3152326
8607,0.5103004
8608,0.37471893
8609,0.3152326
8610,0.5103004
8611,0.3152326
8612,0.37471893
8613,0.37471893
8614,0.3152326
8615,0.3152326
8616,0.3499468
8618,0.3152326
8619,0.5103004
862,0.5103004
8621,0.3152326
8622,0.3152326
8623,0.5103004
8624,0.3499468
8625,0.3152326
8626,0.3152326
8627,0.37471893
8628,0.6611148
8629,0.6611148
863,0.6236833
8630,0.3152326
8631,0.6611148
8632,0.37471893
8633,0.3152326
8634,0.3152326
8635,0.3152326
8636,0.3152326
8637,0.6611148
8638,0.3499468
8639,0.3499468
864,0.6611148
8640,0.3152326
8641,0.3152326
8642,0.3152326
8643,0.3499468
8644,0.5103004
8645,0.5103004
8648,0.3152326
8650,0.37471893
8651,0.5103004
8652,0.5103004
8653,0.3152326
8654,0.5103004
8655,0.3152326
8656,0.6236833
8657,0.3499468
8658,0.3499468
8659,0.37471893
866,0.6611148
8660,0.5103004
8661,0.3152326
8662,0.3152326
8663,0.5103004
8664,0.37471893
8665,0.3152326
8667,0.3152326
8668,0.3152326
8669,0.3152326
867,0.6611148
8670,0.3152326
8671,0.37471893
8672,0.3152326
8674,0.3152326
8675,0.37471893
8676,0.3499468
8677,0.37471893
8678,0.5103004
8679,0.3152326
8680,0.3152326
8681,0.3152326
8682,0.5103004
8683,0.5103004
8684,0.3152326
8686,0.6236833
8687,0.3152326
8688,0.37471893
8689,0.3152326
869,0.6236833
8690,0.3152326
8691,0.3152326
8692,0.5103004
8693,0.6611148
8694,0.3152326
8695,0.3152326
8697,0.5103004
8698,0.3152326
8699,0.3152326
87,0.6611148
870,0.6611148
8700,0.5103004
8701,0.5103004
8702,0.3152326
8703,0.37471893
8704,0.37471893
8705,0.6611148
8706,0.3152326
8708,0.3152326
8709,0.37471893
8710,0.37471893
8711,0.5103004
8712,0.3152326
8713,0.65208304
8715,0.6473949
8716,0.3152326
8717,0.3152326
8718,0.3152326
8719,0.3152326
872,0.6236833
8720,0.37471893
8721,0.5103004
8722,0.40395117
8723,0.3152326
8724,0.3152326
8726,0.37471893
8727,0.3152326
8728,0.5103004
8729,0.3152326
873,0.6611148
8730,0.37471893
8731,0.3499468
8732,0.6236833
8733,0.54095906
8734,0.6611148
8735,0.37471893
8736,0.3152326
8737,0.6473949
8738,0.40395117
8739,0.6528423
874,0.6236833
8740,0.37471893
8741,0.3152326
8742,0.3152326
8743,0.3152326
8744,0.3499468
8745,0.5103004
8746,0.3152326
8747,0.3152326
8748,0.5103004
8749,0.3152326
875,0.6611148
8750,0.3499468
8751,0.5103004
8752,0.5103004
8753,0.3152326
8754,0.34236518
8755,0.3152326
8756,0.6611148
8757,0.3152326
8758,0.37471893
8759,0.54095906
876,0.6611148
8761,0.3499468
8762,0.37471893
8763,0.3152326
8764,0.3152326
8765,0.5103004
8766,0.5103004
8767,0.3152326
8768,0.3499468
8769,0.3152326
877,0.6611148
8770,0.5103004
8771,0.56228715
8772,0.5103004
8773,0.6236833
8774,0.3152326
8775,0.3152326
8778,0.3499468
8779,0.3152326
878,0.6611148
8781,0.3152326
8782,0.54095906
8783,0.37471893
8784,0.37471893
8786,0.3499468
8787,0.6611148
8788,0.3152326
8789,0.3152326
879,0.6611148
8790,0.5103004
8791,0.3152326
8792,0.3499468
8793,0.3152326
8794,0.3152326
8795,0.3152326
8796,0.3152326
8797,0.3152326
8798,0.3152326
8799,0.5103004
88,0.6611148
880,0.6611148
8800,0.3152326
8801,0.5103004
8802,0.3152326
8803,0.5103004
8804,0.37471893
8805,0.6611148
8806,0.3152326
8807,0.3152326
8809,0.34236518
881,0.5103004
8810,0.37471893
8811,0.37471893
8812,0.3152326
8814,0.37471893
8815,0.5103004
8816,0.3152326
8817,0.3152326
8818,0.3152326
8819,0.3152326
882,0.3499468
8820,0.3152326
8821,0.37471893
8822,0.34236518
8823,0.3152326
8824,0.3152326
8825,0.3152326
8826,0.3499468
8827,0.37471893
8828,0.37471893
8829,0.3152326
883,0.6611148
8830,0.3152326
8832,0.54095906
8833,0.3152326
8834,0.5103004
8835,0.3152326
8837,0.3152326
8838,0.34236518
8839,0.3152326
884,0.6236833
8840,0.3499468
8841,0.3152326
8842,0.3152326
8843,0.3152326
8844,0.5103004
8845,0.37471893
8846,0.3152326
8847,0.5103004
8849,0.3152326
885,0.4984655
8850,0.5103004
8852,0.5103004
8853,0.37471893
8854,0.37471893
8855,0.6236833
8856,0.3152326
8858,0.37471893
8859,0.3152326
886,0.3499468
8861,0.3152326
8862,0.3499468
8863,0.5103004
8864,0.5103004
8865,0.3499468
8867,0.3499468
8869,0.3152326
887,0.6611148
8870,0.3499468
8871,0.6236833
8872,0.3152326
8873,0.56228715
8874,0.6611148
8875,0.3152326
8876,0.37471893
8877,0.34236518
8878,0.37471893
8879,0.3499468
888,0.6611148
8880,0.37471893
8881,0.3152326
8882,0.3152326
8883,0.3499468
8884,0.3152326
8886,0.5103004
8887,0.6611148
8888,0.37471893
8889,0.3152326
889,0.3499468
8890,0.3152326
8891,0.5103004
8892,0.6236833
8893,0.5103004
8894,0.37471893
8897,0.3152326
8898,0.3152326
8899,0.6611148
89,0.6611148
890,0.65208304
8900,0.3152326
8901,0.6236833
8902,0.3152326
8903,0.3152326
8905,0.5103004
8906,0.6611148
8907,0.5103004
8908,0.6611148
8909,0.3152326
891,0.4984655
8910,0.3152326
8912,0.6611148
8913,0.3152326
8914,0.6236833
8915,0.37471893
8916,0.5103004
8917,0.3152326
8918,0.3499468
8919,0.37471893
892,0.37471893
8920,0.37471893
8921,0.3152326
8922,0.6611148
8924,0.37471893
8925,0.3152326
8926,0.3152326
8927,0.3499468
8928,0.3152326
8929,0.37471893
893,0.6611148
8930,0.6611148
8932,0.5103004
8933,0.3152326
8934,0.3152326
8935,0.3152326
8936,0.6236833
8938,0.3152326
894,0.4984655
8940,0.5103004
8942,0.5103004
8943,0.37471893
8944,0.3152326
8945,0.6236833
8946,0.3152326
8947,0.3152326
8948,0.3152326
8949,0.37471893
895,0.37471893
8950,0.3152326
8951,0.3152326
8952,0.3152326
8953,0.5103004
8954,0.34236518
8955,0.34236518
8956,0.6611148
8957,0.3152326
8958,0.37471893
896,0.5103004
8961,0.37471893
8963,0.3152326
8964,0.3152326
8965,0.6611148
8967,0.6236833
8968,0.56228715
8969,0.6611148
897,0.4984655
8970,0.3152326
8971,0.3499468
8972,0.6473949
8973,0.5103004
8974,0.3152326
8975,0.3152326
8977,0.3152326
8978,0.6611148
8979,0.34236518
898,0.4984655
8980,0.6611148
8981,0.3499468
8982,0.3152326
8983,0.6236833
8984,0.3152326
8985,0.6236833
8986,0.3152326
8987,0.3152326
8988,0.6611148
8989,0.54095906
899,0.6747553
8991,0.37471893
8992,0.3152326
8993,0.3152326
8994,0.5103004
8995,0.3152326
8996,0.3152326
8997,0.5103004
8998,0.3152326
8999,0.5103004
9,0.6611148
90,0.6611148
900,0.4984655
9000,0.5103004
9001,0.3152326
9002,0.3152326
9003,0.6611148
9005,0.34236518
9006,0.37471893
9007,0.3152326
9008,0.37471893
9009,0.5103004
901,0.4984655
9010,0.3152326
9011,0.37471893
9012,0.37471893
9013,0.3152326
9014,0.5103004
9015,0.68810236
9017,0.3152326
9018,0.6236833
9019,0.3152326
902,0.3499468
9020,0.3152326
9021,0.37471893
9022,0.68810236
9023,0.3152326
9024,0.3152326
9026,0.3152326
9028,0.3152326
9029,0.6236833
903,0.5103004
9030,0.37471893
9032,0.3152326
9033,0.37471893
9034,0.3499468
9035,0.3152326
9037,0.5103004
9038,0.6611148
9039,0.3152326
904,0.5103004
9040,0.5103004
9042,0.6236833
9043,0.3152326
9044,0.3152326
9046,0.5103004
9047,0.6611148
9048,0.3152326
905,0.4984655
9050,0.37471893
9051,0.3152326
9052,0.34236518
9053,0.3152326
9054,0.3152326
9055,0.3152326
9056,0.3152326
9057,0.3152326
9059,0.3152326
906,0.5103004
9060,0.3152326
9061,0.5103004
9062,0.6611148
9063,0.37471893
9064,0.5103004
9065,0.3152326
9067,0.3152326
9068,0.5103004
9069,0.6611148
907,0.4984655
9070,0.37471893
9071,0.3152326
9072,0.3152326
9073,0.3152326
9074,0.3499468
9075,0.3152326
9076,0.37471893
9077,0.3152326
9078,0.3152326
9079,0.3152326
908,0.4984655
9080,0.5103004
9081,0.37471893
9082,0.5103004
9083,0.3152326
9084,0.3152326
9085,0.3152326
9086,0.3152326
9087,0.3499468
9088,0.4984655
9089,0.6236833
909,0.6236833
9090,0.5103004
9091,0.3152326
9092,0.3152326
9093,0.3152326
9094,0.3152326
9095,0.3152326
9096,0.3152326
9097,0.3152326
9098,0.5103004
9099,0.3152326
91,0.6611148
9100,0.5103004
9101,0.5103004
9102,0.3152326
9103,0.3152326
9104,0.3152326
9105,0.3152326
9106,0.37471893
9107,0.3499468
9108,0.3152326
9109,0.6236833
911,0.33444244
9110,0.3152326
9111,0.37471893
9113,0.3499468
9114,0.3499468
9115,0.3152326
9117,0.3152326
9118,0.3152326
9119,0.3499468
912,0.3499468
9120,0.3152326
9121,0.6236833
9122,0.3152326
9123,0.3152326
9124,0.5103004
9125,0.6611148
9126,0.5103004
9127,0.3152326
9128,0.3152326
9129,0.3152326
913,0.3499468
9130,0.3152326
9132,0.3152326
9133,0.3152326
9134,0.5103004
9136,0.3499468
9137,0.3152326
9138,0.3152326
9139,0.3152326
914,0.4984655
9140,0.34236518
9141,0.37471893
9142,0.3152326
9143,0.3499468
9144,0.3499468
9145,0.3152326
9146,0.3499468
9147,0.3152326
9148,0.6236833
9149,0.3152326
9150,0.5103004
9152,0.6611148
9156,0.3499468
9157,0.3152326
9158,0.5103004
9159,0.3152326
916,0.4984655
9161,0.37471893
9162,0.3152326
9163,0.3152326
9164,0.3152326
9165,0.3152326
9166,0.6611148
9167,0.3152326
9169,0.3152326
917,0.5103004
9170,0.3152326
9171,0.54095906
9173,0.3152326
9174,0.5103004
9175,0.3152326
9176,0.3152326
9177,0.37471893
9178,0.6611148
9179,0.6236833
918,0.4984655
9180,0.3152326
9181,0.3152326
9182,0.5103004
9183,0.3152326
9185,0.3152326
9186,0.6236833
9187,0.37471893
9188,0.37471893
9189,0.34236518
919,0.6611148
9190,0.3152326
9191,0.37471893
9192,0.6611148
9193,0.3152326
9194,0.3152326
9195,0.5103004
9197,0.37471893
9198,0.3152326
9199,0.3499468
92,0.6611148
920,0.5103004
9200,0.3152326
9201,0.5103004
9202,0.3152326
9203,0.3152326
9204,0.3152326
9206,0.3152326
9207,0.5103004
9208,0.3499468
9209,0.3152326
921,0.6236833
9210,0.37471893
9211,0.4984655
9212,0.3499468
9213,0.3152326
9215,0.3152326
9217,0.3152326
9219,0.37471893
922,0.3499468
9221,0.3152326
9222,0.3152326
9223,0.3152326
9224,0.5103004
9226,0.3152326
9227,0.5103004
9228,0.3499468
923,0.5103004
9230,0.37471893
9231,0.37471893
9232,0.3499468
9233,0.37471893
9235,0.5103004
9236,0.5103004
9237,0.37471893
9239,0.6236833
924,0.6611148
9240,0.3152326
9241,0.3152326
9242,0.3152326
9243,0.3152326
9244,0.3499468
9245,0.3152326
9246,0.3152326
9247,0.6236833
9248,0.5103004
9249,0.37471893
925,0.5103004
9250,0.6236833
9251,0.3152326
9252,0.3152326
9253,0.6611148
9254,0.3152326
9256,0.6611148
9257,0.5103004
9258,0.5103004
9259,0.3152326
926,0.3152326
9260,0.3152326
9261,0.3152326
9262,0.37471893
9263,0.6236833
9265,0.3152326
9266,0.3499468
9267,0.6236833
9269,0.3152326
927,0.3152326
9270,0.5103004
9271,0.3152326
9272,0.5103004
9273,0.3499468
9275,0.37471893
9277,0.3152326
9279,0.3152326
928,0.3499468
9280,0.3152326
9282,0.3499468
9285,0.3152326
9286,0.3152326
9287,0.6236833
9288,0.5103004
9289,0.3499468
929,0.6236833
9290,0.3152326
9291,0.3499468
9292,0.6611148
9294,0.56228715
9295,0.5103004
9296,0.3152326
9298,0.3152326
9299,0.6611148
93,0.6611148
930,0.5103004
9300,0.65208304
9301,0.5103004
9302,0.6611148
9303,0.6236833
9304,0.5103004
9305,0.3152326
9306,0.3152326
9308,0.37471893
931,0.6236833
9310,0.3499468
9312,0.4984655
9313,0.5103004
9314,0.3152326
9315,0.37471893
9316,0.3152326
9317,0.37471893
9318,0.5103004
9319,0.3152326
932,0.3152326
9320,0.3499468
9321,0.37471893
9322,0.6236833
9323,0.3152326
9324,0.3152326
9325,0.5103004
9326,0.3152326
9327,0.6611148
9328,0.37471893
9329,0.5103004
933,0.3152326
9330,0.3152326
9331,0.3499468
9332,0.3499468
9333,0.5103004
9334,0.3499468
9336,0.5103004
9337,0.3152326
9338,0.6236833
9339,0.3152326
934,0.5103004
9340,0.3152326
9341,0.3152326
9342,0.3152326
9343,0.3152326
9344,0.3152326
9345,0.5103004
9346,0.5103004
9347,0.3499468
9348,0.3152326
9349,0.6611148
9351,0.3152326
9352,0.5103004
9353,0.5103004
9355,0.3499468
9356,0.3152326
9357,0.5103004
9359,0.5103004
936,0.3152326
9360,0.5103004
9361,0.6236833
9362,0.3152326
9364,0.6611148
9365,0.3499468
9366,0.3152326
9367,0.5103004
9368,0.37471893
9369,0.3152326
9371,0.5103004
9372,0.3499468
9373,0.3152326
9374,0.3152326
9375,0.3499468
9376,0.3152326
9378,0.3152326
9379,0.5103004
938,0.5103004
9380,0.3152326
9381,0.3499468
9382,0.3499468
9383,0.6236833
9384,0.5103004
9385,0.5103004
9386,0.5103004
9387,0.65208304
9388,0.3152326
939,0.37471893
9390,0.3152326
9391,0.3152326
9392,0.6611148
9393,0.6236833
9394,0.3152326
9395,0.3152326
9396,0.3499468
9398,0.3152326
9399,0.5103004
94,0.6236833
940,0.3152326
9400,0.3152326
9401,0.3152326
9402,0.3152326
9403,0.3499468
9404,0.5103004
9405,0.6611148
9406,0.3152326
9407,0.3152326
9408,0.3152326
9409,0.3499468
9410,0.3152326
9411,0.37471893
9412,0.3152326
9413,0.5103004
9414,0.3152326
9415,0.3499468
9416,0.3152326
9417,0.3499468
9418,0.3152326
9419,0.3152326
942,0.3152326
9420,0.37471893
9421,0.3499468
9423,0.6236833
9424,0.3152326
9425,0.37471893
9427,0.37471893
9428,0.3152326
9429,0.3152326
943,0.37471893
9430,0.6611148
9431,0.37471893
9432,0.34236518
9433,0.3499468
9434,0.3152326
9435,0.5103004
9436,0.37471893
9437,0.3152326
9438,0.3499468
9439,0.3152326
944,0.6611148
9440,0.6236833
9441,0.3152326
9442,0.3152326
9444,0.3152326
9445,0.3152326
9446,0.37471893
9447,0.37471893
9448,0.56228715
945,0.6611148
9450,0.3152326
9451,0.34236518
9452,0.3152326
9453,0.3152326
9454,0.6611148
9455,0.3152326
9456,0.3152326
9457,0.3152326
9458,0.3152326
9459,0.3499468
946,0.6236833
9460,0.5103004
9462,0.5103004
9463,0.3152326
9464,0.6236833
9465,0.3152326
9466,0.6528423
9467,0.5103004
9468,0.3152326
9469,0.3152326
947,0.6611148
9470,0.6611148
9471,0.5103004
9472,0.3499468
9473,0.3499468
9474,0.54095906
9475,0.3152326
9476,0.5103004
9477,0.3152326
9478,0.37471893
9479,0.3152326
948,0.6611148
9480,0.37471893
9481,0.3152326
9483,0.3152326
9484,0.6611148
9485,0.5103004
9486,0.5103004
9487,0.70947313
9488,0.5666612
9489,0.3152326
949,0.6611148
9490,0.3499468
9491,0.37471893
9492,0.34236518
9493,0.5103004
9494,0.6611148
9495,0.6611148
9496,0.3152326
9498,0.5103004
95,0.6611148
950,0.6236833
9500,0.3499468
9501,0.3152326
9502,0.3152326
9503,0.5103004
9504,0.3152326
9505,0.3152326
9506,0.3152326
9507,0.34236518
9508,0.37471893
951,0.70947313
9510,0.37471893
9511,0.5103004
9512,0.37471893
9513,0.3152326
9514,0.5103004
9515,0.5103004
9516,0.5103004
9517,0.3152326
9518,0.6611148
9519,0.3152326
952,0.6611148
9520,0.5103004
9521,0.3152326
9522,0.3152326
9523,0.3499468
9525,0.3152326
9526,0.3152326
9527,0.37471893
9528,0.5103004
9529,0.5103004
953,0.6611148
9530,0.5103004
9531,0.5103004
9532,0.3152326
9533,0.3152326
9534,0.3152326
9535,0.6236833
9536,0.6236833
9537,0.3152326
9538,0.6236833
9539,0.37471893
954,0.6236833
9540,0.6236833
9541,0.6236833
9542,0.33444244
9543,0.6236833
9544,0.5103004
9546,0.3152326
9547,0.3152326
9548,0.37471893
9549,0.3152326
955,0.6236833
9550,0.3152326
9551,0.40395117
9552,0.37471893
9553,0.3152326
9554,0.3152326
9555,0.5103004
9556,0.3152326
9557,0.3152326
9558,0.3152326
9559,0.3499468
956,0.6611148
9560,0.3152326
9561,0.5103004
9563,0.6236833
9564,0.3152326
9565,0.3499468
9566,0.3152326
9568,0.3152326
9569,0.3152326
957,0.6611148
9570,0.54095906
9571,0.5103004
9572,0.3152326
9573,0.6236833
9574,0.3152326
9575,0.6236833
9576,0.3152326
9577,0.3152326
9578,0.3152326
9579,0.3499468
958,0.6611148
9580,0.5103004
9581,0.37471893
9584,0.3152326
9585,0.3152326
9586,0.6611148
9587,0.37471893
9588,0.5103004
9589,0.6236833
959,0.6611148
9590,0.6236833
9591,0.5103004
9592,0.3152326
9593,0.3499468
9594,0.3152326
9595,0.37471893
9596,0.3152326
9597,0.5103004
9598,0.5103004
9599,0.3152326
96,0.6611148
960,0.6236833
9600,0.5103004
9601,0.68810236
9602,0.37471893
9603,0.3152326
9604,0.5103004
9605,0.5103004
9606,0.3152326
9607,0.6611148
9608,0.3152326
9609,0.37471893
961,0.68810236
9610,0.6611148
9611,0.37471893
9613,0.5103004
9614,0.5103004
9615,0.37471893
9616,0.3152326
9617,0.5103004
9618,0.3152326
9619,0.3499468
962,0.6611148
9620,0.3152326
9621,0.3152326
9622,0.37471893
9625,0.5103004
9626,0.6611148
9627,0.3152326
9628,0.6611148
9630,0.3499468
9631,0.37471893
9632,0.37471893
9633,0.3152326
9635,0.3152326
9636,0.3152326
9637,0.3152326
9638,0.3152326
9639,0.3152326
9641,0.40395117
9642,0.3152326
9643,0.54095906
9644,0.3499468
9646,0.37471893
9647,0.37471893
9648,0.5103004
9649,0.5103004
965,0.6611148
9650,0.3152326
9651,0.3152326
9652,0.3152326
9654,0.3152326
9655,0.3499468
9656,0.37471893
9657,0.3152326
9658,0.5103004
966,0.6236833
9660,0.6611148
9661,0.3152326
9662,0.5103004
9663,0.3499468
9665,0.3152326
9666,0.3152326
9667,0.3152326
9668,0.66238815
967,0.6611148
9670,0.37471893
9671,0.3152326
9672,0.34236518
9673,0.6236833
9674,0.3152326
9675,0.6236833
9676,0.3152326
9677,0.5103004
9678,0.3152326
9680,0.3499468
9681,0.37471893
9682,0.5103004
9683,0.3152326
9684,0.37471893
9685,0.3152326
9686,0.3152326
9687,0.6236833
9688,0.37471893
9689,0.3152326
969,0.6611148
9691,0.3152326
9692,0.3152326
9693,0.54095906
9694,0.5103004
9695,0.3152326
9696,0.3152326
9697,0.34236518
9698,0.5103004
9699,0.3499468
97,0.6236833
970,0.6236833
9700,0.5103004
9701,0.5103004
9702,0.6473949
9703,0.6611148
9704,0.3152326
9705,0.5103004
9708,0.6611148
9709,0.3152326
971,0.6611148
9710,0.3152326
9711,0.3152326
9712,0.6236833
9714,0.3152326
9715,0.68810236
9716,0.37471893
9718,0.6611148
9719,0.37471893
972,0.6611148
9721,0.3152326
9722,0.3152326
9723,0.6611148
9724,0.3152326
9725,0.3152326
9726,0.34236518
9727,0.5103004
9728,0.3499468
973,0.6236833
9730,0.34236518
9732,0.3152326
9733,0.37471893
9734,0.3152326
9735,0.3499468
9736,0.3152326
9737,0.37471893
9738,0.6611148
9739,0.34236518
974,0.6611148
9740,0.5103004
9741,0.3499468
9742,0.37471893
9743,0.3152326
9744,0.3152326
9745,0.3499468
9746,0.6236833
9747,0.3152326
9748,0.5103004
9750,0.3152326
9751,0.3152326
9752,0.37471893
9753,0.3152326
9755,0.5103004
9756,0.3152326
9757,0.3152326
9758,0.3152326
9759,0.3152326
976,0.6611148
9760,0.3152326
9761,0.3152326
9762,0.37471893
9763,0.5103004
9764,0.5103004
9765,0.5103004
9767,0.37471893
