uid2,predict
36943,0.5488107
27301,0.20875156
30061,0.24549836
38041,0.24549836
3328,0.20875156
1319,0.20875156
44080,0.32276765
19671,0.20875156
15671,0.20875156
43738,0.43309024
34142,0.24549836
4740,0.20875156
17697,0.49668834
28540,0.34972963
42453,0.43309024
22419,0.20875156
14732,0.20875156
26529,0.20875156
10533,0.20875156
29207,0.24549836
14847,0.20875156
24165,0.20875156
44377,0.43309024
13026,0.20875156
33794,0.24549836
33893,0.24549836
7980,0.20875156
3800,0.20875156
32339,0.34972963
16652,0.20875156
44205,0.5488107
15638,0.20875156
44307,0.43309024
8850,0.20875156
1318,0.20875156
12241,0.20875156
26769,0.49668834
22688,0.49668834
26585,0.20875156
26676,0.20875156
2804,0.20875156
26693,0.20875156
33833,0.24549836
35254,0.24549836
30017,0.24549836
34889,0.24549836
43009,0.43309024
1051,0.20875156
9125,0.20875156
41408,0.43309024
18840,0.20875156
33937,0.24549836
34647,0.24549836
40787,0.32276765
39676,0.24549836
16630,0.20875156
33796,0.24549836
8621,0.20875156
2311,0.20875156
40666,0.24549836
28010,0.24549836
18131,0.20875156
18849,0.34972963
25154,0.20875156
14809,0.20875156
32162,0.49668834
39965,0.24549836
22493,0.20875156
11281,0.20875156
35265,0.49668834
28387,0.24549836
29333,0.24549836
1257,0.20875156
24636,0.20875156
39480,0.24549836
28640,0.24549836
41387,0.32276765
44775,0.32276765
15133,0.20875156
1453,0.20875156
6597,0.20875156
37736,0.24549836
11487,0.34972963
21745,0.20875156
35541,0.24549836
13678,0.20875156
17350,0.20875156
43725,0.32276765
13538,0.20875156
23455,0.20875156
23842,0.20875156
36809,0.24549836
4605,0.20875156
44405,0.43309024
41120,0.32276765
1417,0.49668834
29671,0.34972963
21302,0.20875156
13823,0.20875156
19212,0.20875156
39497,0.24549836
37814,0.24549836
4700,0.49668834
29980,0.49668834
8762,0.20875156
5694,0.20875156
15704,0.49668834
36094,0.24549836
7781,0.20875156
30206,0.24549836
19947,0.20875156
15094,0.49668834
2566,0.20875156
23167,0.20875156
17371,0.34972963
8091,0.20875156
19318,0.49668834
18119,0.20875156
32095,0.24549836
17698,0.20875156
27118,0.20875156
32818,0.49668834
33730,0.24549836
13257,0.20875156
26350,0.20875156
3718,0.20875156
20815,0.34972963
18047,0.49668834
38708,0.24549836
10433,0.20875156
18369,0.20875156
9648,0.20875156
12421,0.20875156
1602,0.20875156
1861,0.49668834
19603,0.20875156
7947,0.20875156
2557,0.20875156
16854,0.20875156
6542,0.20875156
11935,0.20875156
20381,0.20875156
2727,0.20875156
12178,0.34972963
8401,0.49668834
22085,0.20875156
20139,0.20875156
44961,0.43309024
17990,0.20875156
35082,0.24549836
185,0.20875156
17960,0.20875156
45065,0.32276765
29917,0.24549836
19962,0.20875156
4988,0.49668834
33974,0.24549836
27355,0.34972963
27586,0.24549836
21204,0.49668834
13873,0.20875156
12723,0.20875156
31018,0.24549836
38495,0.5488107
33055,0.49668834
22030,0.34972963
18900,0.20875156
8634,0.20875156
23354,0.20875156
7269,0.49668834
33038,0.34972963
40984,0.32276765
20075,0.20875156
39937,0.24549836
27849,0.24549836
37753,0.24549836
8955,0.20875156
91,0.20875156
34945,0.24549836
5098,0.20875156
4685,0.20875156
8991,0.20875156
13791,0.34972963
19097,0.20875156
14274,0.20875156
24612,0.20875156
24356,0.20875156
31182,0.24549836
10207,0.20875156
41959,0.43309024
5340,0.20875156
17268,0.20875156
14616,0.20875156
7897,0.20875156
37450,0.48314685
16361,0.20875156
19397,0.20875156
28295,0.24549836
43126,0.32276765
12082,0.20875156
39857,0.24549836
8771,0.20875156
9823,0.49668834
12816,0.20875156
1353,0.20875156
42369,0.43309024
3283,0.20875156
15411,0.20875156
30111,0.24549836
37658,0.24549836
22776,0.20875156
39651,0.24549836
17688,0.20875156
289,0.20875156
44182,0.32276765
17563,0.20875156
34601,0.24549836
13004,0.20875156
31783,0.24549836
23857,0.20875156
22004,0.20875156
17331,0.20875156
36382,0.24549836
23516,0.20875156
34994,0.24549836
13132,0.20875156
3617,0.20875156
20804,0.20875156
8990,0.20875156
38500,0.24549836
21143,0.20875156
24628,0.20875156
18827,0.20875156
42137,0.43309024
16768,0.20875156
39906,0.24549836
43364,0.43309024
23048,0.20875156
5292,0.20875156
16206,0.34972963
1085,0.20875156
40608,0.24549836
40824,0.32276765
41142,0.32276765
38005,0.24549836
30892,0.24549836
32219,0.24549836
5828,0.20875156
9765,0.20875156
11325,0.20875156
5481,0.20875156
19502,0.20875156
30459,0.24549836
28898,0.49668834
83,0.20875156
39571,0.24549836
35519,0.24549836
1781,0.20875156
24525,0.34972963
15969,0.34972963
43937,0.5488107
33805,0.24549836
5070,0.20875156
8912,0.20875156
23616,0.20875156
20369,0.49668834
13396,0.34972963
36215,0.24549836
34580,0.24549836
37334,0.24549836
34379,0.24549836
29859,0.24549836
33132,0.24549836
35540,0.24549836
40018,0.24549836
825,0.20875156
23639,0.20875156
31152,0.24549836
34783,0.24549836
869,0.20875156
31367,0.24549836
29443,0.24549836
1870,0.20875156
8296,0.20875156
44338,0.43309024
214,0.20875156
44640,0.43309024
16613,0.20875156
17516,0.20875156
11519,0.20875156
22907,0.20875156
17500,0.20875156
12956,0.20875156
2603,0.20875156
40440,0.24549836
35391,0.24549836
7867,0.20875156
14705,0.20875156
34822,0.24549836
20508,0.20875156
40609,0.24549836
10712,0.20875156
25828,0.20875156
32580,0.24549836
18427,0.20875156
33195,0.24549836
8994,0.34972963
10683,0.20875156
31062,0.24549836
17696,0.20875156
198,0.20875156
14873,0.20875156
25078,0.20875156
30266,0.24549836
36838,0.24549836
13710,0.20875156
29338,0.24549836
38028,0.24549836
9753,0.20875156
31833,0.24549836
27053,0.20875156
40826,0.43309024
5988,0.20875156
29230,0.34972963
7888,0.20875156
8317,0.20875156
19485,0.34972963
2778,0.20875156
26221,0.20875156
4060,0.20875156
29271,0.24549836
22145,0.20875156
39738,0.24549836
28230,0.24549836
14073,0.20875156
26993,0.20875156
11056,0.20875156
35848,0.24549836
40239,0.24549836
18995,0.20875156
6696,0.20875156
3268,0.20875156
39336,0.24549836
27164,0.20875156
37430,0.24549836
12981,0.20875156
44995,0.43309024
32060,0.24549836
5870,0.20875156
31235,0.24549836
14560,0.20875156
34573,0.24549836
12304,0.20875156
10010,0.20875156
9363,0.20875156
17400,0.34972963
423,0.20875156
10060,0.20875156
22834,0.20875156
32655,0.34972963
37861,0.24549836
4950,0.20875156
12658,0.20875156
21342,0.20875156
40971,0.43309024
45006,0.43309024
15991,0.20875156
31011,0.24549836
25291,0.20875156
621,0.20875156
29780,0.24549836
4981,0.34972963
13002,0.20875156
5938,0.34972963
2624,0.20875156
29585,0.24549836
3971,0.20875156
32050,0.24549836
6894,0.20875156
19369,0.20875156
33135,0.24549836
24015,0.20875156
26869,0.20875156
12420,0.20875156
562,0.20875156
6008,0.20875156
34432,0.34972963
21620,0.20875156
23176,0.20875156
39577,0.24549836
21027,0.20875156
6644,0.20875156
9933,0.20875156
19518,0.20875156
6171,0.20875156
15690,0.20875156
11238,0.20875156
15283,0.20875156
39149,0.24549836
21238,0.20875156
44628,0.32276765
32353,0.24549836
24399,0.34972963
14292,0.20875156
43084,0.32276765
45131,0.32276765
38613,0.24549836
32363,0.24549836
23419,0.34972963
38650,0.24549836
19951,0.20875156
31283,0.24549836
43869,0.43309024
34123,0.24549836
20784,0.20875156
31284,0.24549836
39270,0.24549836
26016,0.34972963
1422,0.34972963
21412,0.20875156
9262,0.34972963
29822,0.24549836
38614,0.24549836
11264,0.20875156
20357,0.20875156
6902,0.20875156
14080,0.20875156
39916,0.5488107
16028,0.20875156
11914,0.20875156
17814,0.34972963
15914,0.20875156
18589,0.20875156
19724,0.20875156
14064,0.20875156
42306,0.43309024
30627,0.24549836
40357,0.24549836
40214,0.24549836
13588,0.20875156
22550,0.20875156
21025,0.20875156
32029,0.34972963
23295,0.20875156
18423,0.20875156
9169,0.20875156
21918,0.20875156
32598,0.24549836
43952,0.43309024
21808,0.20875156
6170,0.20875156
18388,0.20875156
33218,0.24549836
31409,0.24549836
3537,0.20875156
28504,0.24549836
43344,0.43309024
33601,0.24549836
13609,0.20875156
10614,0.20875156
28697,0.49668834
24208,0.20875156
2135,0.20875156
32171,0.24549836
15747,0.20875156
29089,0.24549836
2835,0.20875156
26132,0.20875156
29815,0.24549836
6085,0.20875156
12167,0.20875156
33746,0.24549836
17598,0.20875156
38241,0.24549836
19664,0.20875156
38932,0.24549836
17569,0.20875156
2167,0.20875156
4011,0.20875156
32791,0.24549836
3142,0.20875156
31930,0.24549836
13514,0.20875156
25480,0.34972963
12121,0.20875156
30375,0.24549836
25281,0.20875156
17695,0.20875156
9663,0.20875156
37613,0.24549836
41762,0.32276765
24211,0.20875156
5905,0.20875156
22268,0.34972963
9879,0.20875156
36751,0.47860748
22040,0.20875156
35516,0.49668834
68,0.20875156
28103,0.24549836
23008,0.20875156
40914,0.43309024
15209,0.20875156
42710,0.43309024
5038,0.20875156
16278,0.20875156
14979,0.20875156
36350,0.34972963
10648,0.20875156
5570,0.20875156
2153,0.20875156
22611,0.20875156
36152,0.34972963
27479,0.34972963
12551,0.20875156
8481,0.20875156
14259,0.20875156
19622,0.20875156
7912,0.20875156
18033,0.20875156
36908,0.47860748
29474,0.24549836
12330,0.20875156
934,0.20875156
25094,0.20875156
7340,0.20875156
24022,0.34972963
31454,0.24549836
44714,0.5488107
15947,0.20875156
25138,0.20875156
17589,0.34972963
33144,0.24549836
11870,0.34972963
33349,0.24549836
11616,0.20875156
38107,0.24549836
835,0.20875156
4555,0.20875156
15416,0.34972963
42329,0.43309024
5703,0.20875156
9165,0.20875156
17174,0.20875156
2942,0.34972963
9284,0.20875156
7589,0.20875156
8214,0.34972963
42668,0.32276765
40933,0.5488107
9571,0.20875156
34762,0.24549836
40009,0.47860748
9836,0.20875156
28153,0.24549836
28886,0.24549836
41045,0.32276765
38758,0.24549836
27573,0.24549836
31221,0.24549836
3249,0.20875156
17492,0.20875156
17255,0.20875156
26408,0.20875156
27964,0.24549836
21032,0.20875156
12016,0.20875156
13196,0.20875156
36147,0.24549836
28162,0.24549836
39977,0.24549836
1703,0.20875156
12459,0.34972963
42835,0.5488107
34107,0.24549836
24915,0.20875156
19545,0.20875156
9181,0.49668834
21782,0.34972963
21945,0.49668834
39366,0.48314685
923,0.20875156
5157,0.20875156
43452,0.43309024
6280,0.20875156
8624,0.20875156
35914,0.24549836
37792,0.24549836
8286,0.34972963
44656,0.43309024
28901,0.24549836
6874,0.20875156
17252,0.20875156
5806,0.20875156
15802,0.20875156
43509,0.43309024
31884,0.34972963
30203,0.24549836
37042,0.24549836
13345,0.20875156
24708,0.20875156
36249,0.24549836
33839,0.24549836
18371,0.20875156
22379,0.20875156
12554,0.20875156
3394,0.20875156
2419,0.34972963
29928,0.24549836
38670,0.24549836
32833,0.24549836
6861,0.20875156
10334,0.20875156
23186,0.20875156
16953,0.20875156
24735,0.20875156
8505,0.20875156
26031,0.20875156
16863,0.20875156
20589,0.20875156
5001,0.20875156
25313,0.20875156
28636,0.34972963
32873,0.24549836
28207,0.24549836
7120,0.20875156
3230,0.20875156
39396,0.24549836
32289,0.49668834
10221,0.20875156
2519,0.20875156
22203,0.34972963
7333,0.20875156
28815,0.24549836
15887,0.20875156
43659,0.43309024
8512,0.20875156
5823,0.20875156
40930,0.5488107
13537,0.20875156
44517,0.47860748
11214,0.34972963
28365,0.24549836
41326,0.43309024
40095,0.24549836
37420,0.24549836
24317,0.20875156
4283,0.20875156
36285,0.24549836
36388,0.24549836
15475,0.20875156
25328,0.20875156
16392,0.20875156
31709,0.24549836
23285,0.20875156
2377,0.20875156
35535,0.24549836
21149,0.34972963
14387,0.20875156
329,0.20875156
23706,0.20875156
10331,0.20875156
9560,0.20875156
24549,0.20875156
25030,0.20875156
7970,0.20875156
19416,0.34972963
4941,0.20875156
8559,0.20875156
7639,0.20875156
15786,0.20875156
5804,0.34972963
22110,0.20875156
36252,0.24549836
40623,0.24549836
29725,0.24549836
36466,0.34972963
39858,0.24549836
41686,0.43309024
11672,0.20875156
43954,0.32276765
29729,0.24549836
41523,0.43309024
14843,0.20875156
4872,0.20875156
7325,0.49668834
4572,0.20875156
6354,0.20875156
6275,0.20875156
26987,0.20875156
598,0.34972963
13896,0.20875156
9195,0.34972963
3913,0.34972963
19830,0.20875156
30184,0.24549836
6922,0.20875156
42972,0.43309024
8970,0.20875156
45201,0.5488107
180,0.34972963
37108,0.5488107
4136,0.20875156
7561,0.20875156
37696,0.41364262
39500,0.24549836
41856,0.32276765
11602,0.20875156
29344,0.24549836
10719,0.20875156
8443,0.49668834
38628,0.24549836
26450,0.20875156
34156,0.24549836
23582,0.20875156
32763,0.24549836
15548,0.20875156
3511,0.20875156
11410,0.20875156
28465,0.24549836
41949,0.43309024
41665,0.43309024
19980,0.20875156
18701,0.20875156
36697,0.24549836
15542,0.20875156
4573,0.49668834
31316,0.24549836
21337,0.20875156
19649,0.20875156
15402,0.20875156
39313,0.24549836
39597,0.24549836
3630,0.20875156
11905,0.20875156
16753,0.20875156
30564,0.24549836
5590,0.34972963
5948,0.20875156
23106,0.20875156
32064,0.24549836
44747,0.5488107
20136,0.20875156
26788,0.20875156
36972,0.24549836
2781,0.20875156
44295,0.32276765
25651,0.20875156
18473,0.20875156
34804,0.24549836
6760,0.20875156
15229,0.20875156
45012,0.5488107
12337,0.20875156
34996,0.24549836
40691,0.24549836
41348,0.32276765
36020,0.24549836
11744,0.20875156
43069,0.32276765
29066,0.24549836
13552,0.20875156
44607,0.32276765
18735,0.20875156
35259,0.24549836
41040,0.43309024
10370,0.20875156
25943,0.20875156
27681,0.24549836
41945,0.43309024
9595,0.20875156
28451,0.24549836
4275,0.20875156
6995,0.20875156
19895,0.20875156
44240,0.43309024
303,0.20875156
34445,0.24549836
12791,0.20875156
1888,0.20875156
782,0.20875156
18282,0.20875156
35764,0.24549836
1145,0.20875156
11645,0.20875156
7210,0.20875156
35375,0.24549836
23000,0.34972963
17388,0.20875156
38663,0.24549836
20360,0.20875156
5667,0.20875156
44255,0.43309024
26267,0.20875156
37976,0.47860748
28397,0.24549836
18436,0.20875156
10839,0.20875156
11596,0.20875156
20901,0.20875156
43845,0.43309024
42992,0.32276765
26026,0.34972963
42299,0.43309024
20971,0.20875156
875,0.20875156
11451,0.20875156
20437,0.20875156
38545,0.47860748
14337,0.20875156
17239,0.20875156
18375,0.20875156
15011,0.20875156
27692,0.24549836
1151,0.20875156
34422,0.24549836
43782,0.5488107
5333,0.20875156
33198,0.34972963
9950,0.20875156
34905,0.24549836
15134,0.20875156
39087,0.5488107
22874,0.20875156
11838,0.20875156
12387,0.20875156
7136,0.20875156
20290,0.20875156
19848,0.20875156
38387,0.24549836
14537,0.20875156
41607,0.43309024
11379,0.20875156
1079,0.20875156
26555,0.20875156
13533,0.34972963
7642,0.20875156
38242,0.24549836
36624,0.24549836
37615,0.24549836
14413,0.20875156
9741,0.20875156
30037,0.24549836
3381,0.20875156
4899,0.20875156
32594,0.24549836
4997,0.20875156
21526,0.20875156
43217,0.43309024
13211,0.20875156
27131,0.20875156
30870,0.24549836
16200,0.34972963
40957,0.43309024
9915,0.20875156
77,0.20875156
2033,0.20875156
13835,0.34972963
36920,0.24549836
31296,0.24549836
26472,0.20875156
32131,0.24549836
30620,0.24549836
5371,0.20875156
12476,0.20875156
21941,0.20875156
29523,0.49668834
41931,0.43309024
17701,0.20875156
20450,0.20875156
38333,0.24549836
31212,0.24549836
9731,0.20875156
3870,0.20875156
1231,0.20875156
4037,0.20875156
41574,0.32276765
17558,0.49668834
18008,0.20875156
38262,0.24549836
15127,0.20875156
14882,0.20875156
42005,0.43309024
8964,0.20875156
26855,0.20875156
24741,0.20875156
27293,0.20875156
24572,0.20875156
17692,0.20875156
5677,0.20875156
10775,0.20875156
2198,0.20875156
21968,0.20875156
9826,0.34972963
17847,0.20875156
20403,0.20875156
27571,0.24549836
17393,0.20875156
19358,0.20875156
12986,0.20875156
10162,0.20875156
821,0.20875156
19934,0.34972963
20811,0.20875156
34104,0.24549836
108,0.20875156
1937,0.20875156
6827,0.20875156
25890,0.20875156
15848,0.49668834
27874,0.24549836
10245,0.20875156
3114,0.20875156
2691,0.20875156
35695,0.24549836
4446,0.20875156
13562,0.20875156
9813,0.20875156
9721,0.20875156
29927,0.24549836
27193,0.20875156
1034,0.20875156
6746,0.20875156
20346,0.20875156
25354,0.20875156
24798,0.20875156
32519,0.24549836
35759,0.24549836
27600,0.24549836
7207,0.20875156
5068,0.20875156
22588,0.20875156
7728,0.20875156
28309,0.24549836
11641,0.20875156
17936,0.20875156
1254,0.20875156
24939,0.20875156
36100,0.24549836
40956,0.43309024
34047,0.49668834
42948,0.43309024
32439,0.24549836
27552,0.34972963
31323,0.24549836
9994,0.49668834
14858,0.20875156
20695,0.20875156
8125,0.20875156
2956,0.49668834
12651,0.49668834
31090,0.24549836
11719,0.20875156
43342,0.43309024
9805,0.34972963
3015,0.34972963
18266,0.20875156
31192,0.24549836
22036,0.20875156
24167,0.20875156
35329,0.24549836
15662,0.20875156
1381,0.20875156
8236,0.20875156
7968,0.20875156
37353,0.24549836
22106,0.20875156
39119,0.24549836
25650,0.20875156
17199,0.20875156
8096,0.20875156
12336,0.20875156
32525,0.24549836
39985,0.24549836
38015,0.24549836
16990,0.20875156
25274,0.20875156
15427,0.20875156
31660,0.24549836
7935,0.20875156
39227,0.24549836
19981,0.20875156
18445,0.20875156
28828,0.24549836
11790,0.20875156
4728,0.20875156
8043,0.20875156
2320,0.20875156
21908,0.20875156
7298,0.20875156
30642,0.24549836
7588,0.20875156
4315,0.20875156
3234,0.20875156
679,0.20875156
39250,0.24549836
24853,0.20875156
30999,0.24549836
29180,0.24549836
23410,0.20875156
40233,0.24549836
31770,0.24549836
10658,0.20875156
24383,0.20875156
39012,0.24549836
25783,0.20875156
25124,0.20875156
13386,0.20875156
11972,0.20875156
10267,0.20875156
26782,0.20875156
15168,0.20875156
43696,0.43309024
37221,0.24549836
7785,0.34972963
7789,0.20875156
41852,0.32276765
34028,0.24549836
10970,0.20875156
7451,0.20875156
22163,0.20875156
40919,0.32276765
14376,0.20875156
9502,0.20875156
36182,0.24549836
13761,0.20875156
15186,0.20875156
33900,0.24549836
22230,0.20875156
36042,0.24549836
7020,0.34972963
13869,0.20875156
25614,0.20875156
40090,0.24549836
31860,0.24549836
11114,0.20875156
14268,0.20875156
44308,0.43309024
18856,0.20875156
39109,0.24549836
20608,0.20875156
18151,0.20875156
28853,0.24549836
43141,0.43309024
18971,0.20875156
22742,0.20875156
37173,0.41364262
11582,0.20875156
9297,0.20875156
18189,0.49668834
23373,0.20875156
14176,0.34972963
44880,0.43309024
31682,0.34972963
24872,0.20875156
39240,0.24549836
4714,0.20875156
4061,0.20875156
35169,0.24549836
2190,0.20875156
25733,0.49668834
8653,0.20875156
38385,0.24549836
10352,0.20875156
41594,0.43309024
31026,0.24549836
19805,0.20875156
22790,0.20875156
27179,0.20875156
15404,0.20875156
32416,0.24549836
11824,0.20875156
35618,0.24549836
36905,0.24549836
34215,0.24549836
13926,0.34972963
17204,0.20875156
33932,0.24549836
43867,0.32276765
16528,0.20875156
36937,0.24549836
1136,0.20875156
21853,0.20875156
23442,0.20875156
24382,0.34972963
31345,0.24549836
18257,0.20875156
11526,0.20875156
2395,0.20875156
4653,0.20875156
43237,0.32276765
4066,0.20875156
43172,0.32276765
29915,0.24549836
44515,0.32276765
12384,0.20875156
41227,0.43309024
26570,0.20875156
5377,0.20875156
42244,0.32276765
8390,0.20875156
44388,0.43309024
6466,0.20875156
33652,0.24549836
21339,0.20875156
7909,0.20875156
658,0.20875156
41674,0.32276765
18305,0.20875156
13194,0.20875156
27523,0.24549836
36274,0.24549836
44966,0.32276765
28429,0.24549836
2925,0.20875156
8832,0.20875156
32627,0.24549836
1052,0.20875156
29955,0.24549836
1653,0.20875156
3794,0.20875156
15989,0.20875156
28831,0.24549836
38284,0.24549836
18409,0.20875156
4662,0.20875156
19259,0.20875156
36306,0.24549836
11871,0.20875156
21058,0.20875156
45179,0.43309024
8860,0.20875156
3356,0.20875156
27970,0.24549836
9889,0.20875156
16947,0.20875156
25598,0.20875156
36362,0.34972963
1813,0.20875156
2325,0.20875156
35239,0.24549836
5475,0.20875156
43970,0.43309024
21756,0.20875156
1269,0.20875156
31998,0.24549836
12229,0.20875156
13361,0.20875156
5582,0.20875156
24518,0.20875156
20217,0.20875156
24316,0.20875156
42940,0.43309024
32298,0.24549836
20864,0.20875156
17339,0.20875156
32385,0.24549836
7891,0.34972963
6006,0.34972963
36120,0.24549836
9619,0.20875156
27556,0.34972963
13276,0.20875156
26327,0.20875156
18287,0.20875156
2319,0.20875156
39436,0.24549836
11573,0.20875156
27639,0.24549836
33238,0.24549836
42171,0.43309024
44670,0.43309024
11359,0.20875156
19809,0.20875156
43176,0.43309024
39058,0.24549836
3009,0.20875156
35318,0.24549836
41252,0.43309024
29893,0.24549836
9459,0.20875156
23838,0.20875156
28175,0.24549836
44121,0.43309024
45187,0.43309024
44999,0.43309024
7055,0.20875156
30530,0.24549836
35978,0.24549836
25384,0.20875156
7965,0.20875156
27386,0.20875156
25306,0.20875156
6493,0.20875156
10535,0.20875156
8314,0.20875156
26309,0.20875156
30877,0.24549836
42396,0.43309024
28503,0.24549836
7075,0.20875156
2019,0.20875156
39242,0.24549836
42129,0.32276765
10808,0.20875156
5522,0.20875156
41229,0.5488107
13433,0.20875156
251,0.20875156
44582,0.32276765
26037,0.20875156
21447,0.34972963
17709,0.20875156
17235,0.20875156
10696,0.20875156
17080,0.20875156
35967,0.24549836
14891,0.20875156
10113,0.20875156
15917,0.20875156
40303,0.24549836
13745,0.20875156
12755,0.20875156
24978,0.20875156
41544,0.32276765
3555,0.20875156
24582,0.34972963
40355,0.24549836
11253,0.34972963
7353,0.20875156
21170,0.20875156
31098,0.24549836
40086,0.24549836
16792,0.20875156
25761,0.20875156
30898,0.24549836
16138,0.20875156
44678,0.43309024
35370,0.24549836
43586,0.43309024
10073,0.20875156
37971,0.24549836
23769,0.20875156
35974,0.24549836
2896,0.20875156
5704,0.20875156
14491,0.20875156
37834,0.24549836
9100,0.20875156
6181,0.20875156
22443,0.20875156
4351,0.20875156
44972,0.43309024
30328,0.24549836
28847,0.24549836
36476,0.5488107
35022,0.24549836
5235,0.20875156
37463,0.24549836
25936,0.20875156
22080,0.20875156
43415,0.32276765
17390,0.20875156
7730,0.20875156
4058,0.20875156
8695,0.20875156
34736,0.24549836
1491,0.20875156
34403,0.24549836
7181,0.34972963
31939,0.24549836
35243,0.24549836
29884,0.24549836
33498,0.24549836
35248,0.24549836
38416,0.24549836
11204,0.20875156
43270,0.32276765
19285,0.20875156
1696,0.20875156
35184,0.24549836
9997,0.20875156
21220,0.20875156
43838,0.32276765
21847,0.20875156
37261,0.5488107
33345,0.34972963
42083,0.43309024
33290,0.24549836
1841,0.20875156
37309,0.24549836
21507,0.20875156
16439,0.20875156
3478,0.20875156
1317,0.34972963
43272,0.32276765
35889,0.24549836
43554,0.32276765
26479,0.20875156
28354,0.34972963
34487,0.24549836
29763,0.24549836
39188,0.24549836
16186,0.20875156
43821,0.43309024
28297,0.24549836
41196,0.32276765
2824,0.20875156
42191,0.43309024
36892,0.24549836
4694,0.20875156
37058,0.24549836
32368,0.24549836
24670,0.20875156
22775,0.20875156
41638,0.43309024
13555,0.20875156
12282,0.20875156
18157,0.20875156
18026,0.20875156
31979,0.24549836
36014,0.24549836
12586,0.20875156
40904,0.43309024
14094,0.20875156
33532,0.24549836
16063,0.20875156
24916,0.20875156
7001,0.34972963
4569,0.34972963
21232,0.20875156
12361,0.20875156
38050,0.24549836
27318,0.20875156
36613,0.24549836
7342,0.34972963
30339,0.24549836
20512,0.20875156
41,0.20875156
43856,0.32276765
8592,0.20875156
1370,0.20875156
2420,0.20875156
20803,0.20875156
22355,0.20875156
26395,0.20875156
8834,0.20875156
284,0.20875156
8889,0.20875156
5343,0.49668834
10317,0.20875156
21770,0.20875156
33032,0.24549836
11165,0.20875156
14405,0.20875156
12396,0.20875156
29599,0.24549836
15645,0.20875156
9596,0.20875156
10840,0.20875156
962,0.20875156
18276,0.20875156
16831,0.20875156
31918,0.24549836
39925,0.24549836
230,0.20875156
9006,0.20875156
21103,0.20875156
34296,0.24549836
24731,0.20875156
8139,0.20875156
31680,0.24549836
2200,0.20875156
19856,0.20875156
26091,0.20875156
38356,0.24549836
41333,0.43309024
2388,0.49668834
14060,0.20875156
32866,0.34972963
36847,0.24549836
15981,0.49668834
5604,0.20875156
18387,0.20875156
26692,0.20875156
44913,0.5488107
3757,0.20875156
35656,0.24549836
6152,0.20875156
28912,0.24549836
11999,0.20875156
45111,0.43309024
23543,0.20875156
36331,0.24549836
21081,0.20875156
2278,0.20875156
7632,0.20875156
2213,0.20875156
19360,0.20875156
22229,0.20875156
12206,0.20875156
43843,0.43309024
17643,0.49668834
891,0.20875156
41330,0.32276765
13567,0.20875156
3153,0.20875156
24049,0.20875156
20427,0.20875156
41778,0.43309024
23941,0.20875156
12436,0.20875156
45018,0.43309024
21310,0.20875156
12638,0.20875156
4188,0.20875156
24323,0.20875156
24599,0.20875156
42533,0.43309024
2251,0.20875156
44621,0.5488107
43202,0.5488107
16440,0.20875156
13136,0.20875156
37169,0.24549836
39138,0.5488107
2938,0.20875156
43144,0.32276765
31408,0.24549836
8316,0.20875156
8803,0.20875156
1738,0.20875156
44271,0.32276765
40212,0.24549836
23807,0.20875156
25585,0.20875156
12408,0.20875156
44203,0.32276765
9495,0.49668834
32987,0.49668834
38737,0.24549836
9244,0.20875156
12037,0.20875156
5923,0.20875156
13984,0.49668834
18709,0.20875156
9385,0.20875156
7164,0.20875156
17720,0.20875156
44853,0.43309024
27290,0.34972963
16038,0.20875156
2104,0.20875156
26489,0.20875156
2094,0.20875156
39407,0.24549836
16678,0.20875156
9697,0.20875156
20787,0.20875156
35221,0.24549836
34338,0.24549836
39186,0.24549836
14794,0.34972963
33420,0.24549836
40136,0.24549836
3036,0.20875156
32185,0.24549836
35886,0.24549836
13469,0.20875156
24310,0.20875156
43403,0.5488107
5692,0.20875156
22350,0.20875156
15630,0.20875156
36069,0.24549836
28568,0.24549836
149,0.20875156
16482,0.20875156
27650,0.24549836
17049,0.20875156
4225,0.20875156
35003,0.24549836
41822,0.43309024
6549,0.20875156
31368,0.24549836
30937,0.24549836
27340,0.49668834
30912,0.24549836
22227,0.20875156
43704,0.43309024
254,0.20875156
43799,0.43309024
43123,0.43309024
28845,0.24549836
18224,0.20875156
19022,0.20875156
25891,0.20875156
39302,0.24549836
41355,0.43309024
2214,0.20875156
38243,0.24549836
29199,0.24549836
13973,0.34972963
31927,0.24549836
21313,0.20875156
2613,0.20875156
1780,0.20875156
25782,0.34972963
2353,0.20875156
7124,0.34972963
29399,0.24549836
33036,0.49668834
31517,0.34972963
14,0.20875156
19152,0.20875156
31154,0.24549836
21714,0.34972963
6500,0.20875156
41262,0.32276765
38561,0.48314685
15602,0.20875156
30946,0.24549836
2091,0.20875156
10548,0.20875156
20088,0.20875156
13384,0.20875156
44659,0.32276765
16550,0.20875156
12065,0.20875156
10766,0.20875156
377,0.20875156
42592,0.32276765
27133,0.20875156
33207,0.24549836
33374,0.24549836
21593,0.20875156
29256,0.24549836
632,0.20875156
11099,0.20875156
26937,0.20875156
19899,0.20875156
38202,0.24549836
20875,0.20875156
30448,0.34972963
9405,0.20875156
12246,0.34972963
34125,0.24549836
21184,0.20875156
30819,0.24549836
43253,0.43309024
25168,0.49668834
14177,0.20875156
30466,0.24549836
27011,0.20875156
44481,0.43309024
6627,0.49668834
34225,0.24549836
30765,0.34972963
34948,0.24549836
10185,0.20875156
22648,0.20875156
43899,0.5488107
7203,0.20875156
5228,0.20875156
43698,0.43309024
24432,0.34972963
20168,0.20875156
16673,0.20875156
8714,0.20875156
35379,0.34972963
12461,0.20875156
28216,0.24549836
25668,0.20875156
7308,0.34972963
38008,0.24549836
35887,0.24549836
11600,0.20875156
6279,0.20875156
16208,0.20875156
44460,0.32276765
40371,0.5488107
44435,0.43309024
33300,0.24549836
28299,0.24549836
37683,0.24549836
2730,0.20875156
39632,0.24549836
10770,0.20875156
39820,0.24549836
5393,0.20875156
1100,0.20875156
39947,0.24549836
36618,0.48314685
24584,0.20875156
37981,0.24549836
24736,0.20875156
20221,0.20875156
8230,0.20875156
39067,0.24549836
40449,0.24549836
5875,0.20875156
26003,0.20875156
27443,0.24549836
7104,0.20875156
14154,0.49668834
6790,0.20875156
2685,0.34972963
14453,0.20875156
25621,0.20875156
28038,0.49668834
34791,0.24549836
17461,0.20875156
23503,0.20875156
20004,0.20875156
23052,0.20875156
39458,0.24549836
5896,0.20875156
25276,0.20875156
36318,0.24549836
42099,0.32276765
17152,0.20875156
27697,0.24549836
21749,0.20875156
32755,0.24549836
27563,0.24549836
28488,0.24549836
12345,0.20875156
41256,0.32276765
35682,0.24549836
3070,0.20875156
35487,0.24549836
15589,0.20875156
31898,0.24549836
9683,0.20875156
6061,0.34972963
5014,0.20875156
1790,0.20875156
30601,0.24549836
32048,0.34972963
40479,0.24549836
31897,0.24549836
33876,0.24549836
27258,0.20875156
35102,0.24549836
14747,0.20875156
432,0.34972963
23280,0.20875156
41789,0.43309024
27764,0.49668834
39865,0.24549836
42215,0.43309024
40204,0.24549836
29286,0.24549836
13620,0.20875156
9510,0.20875156
44955,0.43309024
18557,0.20875156
23213,0.20875156
34425,0.24549836
22115,0.34972963
6777,0.20875156
34641,0.24549836
445,0.20875156
40498,0.24549836
37086,0.24549836
19421,0.20875156
30117,0.24549836
34143,0.34972963
23075,0.20875156
16137,0.20875156
7177,0.34972963
15208,0.20875156
12428,0.20875156
22909,0.20875156
32481,0.24549836
42265,0.32276765
29800,0.24549836
153,0.49668834
22896,0.20875156
627,0.34972963
12505,0.20875156
35146,0.24549836
41199,0.43309024
31096,0.24549836
43835,0.5488107
13635,0.20875156
41611,0.5488107
42821,0.43309024
40722,0.24549836
12955,0.20875156
20481,0.34972963
12462,0.20875156
19920,0.20875156
39264,0.24549836
44375,0.32276765
17303,0.20875156
16264,0.20875156
36456,0.24549836
10645,0.20875156
4543,0.20875156
43234,0.43309024
25023,0.20875156
1610,0.20875156
9924,0.20875156
15793,0.20875156
12244,0.20875156
34252,0.24549836
33873,0.24549836
39102,0.24549836
3018,0.20875156
13519,0.20875156
32475,0.24549836
24903,0.20875156
41563,0.43309024
35137,0.24549836
14355,0.34972963
7009,0.20875156
11271,0.20875156
3832,0.20875156
2599,0.20875156
35650,0.34972963
1399,0.20875156
25502,0.20875156
24960,0.20875156
39203,0.24549836
41596,0.43309024
28225,0.24549836
3881,0.20875156
13174,0.20875156
25338,0.20875156
42687,0.32276765
28494,0.34972963
35130,0.34972963
1272,0.20875156
31991,0.24549836
33172,0.24549836
23104,0.20875156
2424,0.20875156
36202,0.24549836
33360,0.24549836
15261,0.34972963
17426,0.20875156
10896,0.20875156
21121,0.20875156
44434,0.43309024
18676,0.20875156
28395,0.24549836
14114,0.20875156
30390,0.24549836
16713,0.34972963
21781,0.20875156
33938,0.24549836
15749,0.34972963
5134,0.34972963
1747,0.20875156
3710,0.34972963
32625,0.34972963
2877,0.20875156
310,0.20875156
29152,0.24549836
38783,0.24549836
5761,0.20875156
3027,0.20875156
23906,0.20875156
27107,0.20875156
19424,0.20875156
8371,0.20875156
22363,0.20875156
33758,0.24549836
690,0.20875156
32498,0.24549836
10806,0.20875156
28483,0.34972963
23439,0.20875156
33696,0.24549836
9712,0.20875156
872,0.20875156
24446,0.20875156
14585,0.49668834
33712,0.24549836
28331,0.24549836
41894,0.5488107
10273,0.20875156
18993,0.20875156
14870,0.20875156
5891,0.20875156
42391,0.43309024
44241,0.32276765
34531,0.24549836
33633,0.24549836
9283,0.20875156
31437,0.24549836
20038,0.20875156
28064,0.24549836
42126,0.43309024
19626,0.20875156
17851,0.20875156
12188,0.20875156
14957,0.20875156
16078,0.20875156
26505,0.34972963
14488,0.20875156
38896,0.24549836
40625,0.24549836
38745,0.24549836
5568,0.20875156
14609,0.20875156
23567,0.20875156
38029,0.24549836
36712,0.24549836
27672,0.24549836
27313,0.34972963
32808,0.24549836
26258,0.20875156
37754,0.24549836
15612,0.20875156
5239,0.20875156
4086,0.20875156
38558,0.24549836
10721,0.20875156
25041,0.20875156
19107,0.34972963
8002,0.20875156
42522,0.43309024
41744,0.43309024
38218,0.24549836
24882,0.20875156
35304,0.24549836
9449,0.20875156
21312,0.20875156
19780,0.20875156
9658,0.20875156
13938,0.20875156
45013,0.43309024
34604,0.24549836
31501,0.49668834
125,0.20875156
21572,0.20875156
35058,0.34972963
37594,0.24549836
10275,0.20875156
7436,0.20875156
35199,0.24549836
29354,0.24549836
41265,0.43309024
5696,0.20875156
351,0.20875156
6523,0.20875156
42254,0.5488107
36433,0.49668834
15628,0.20875156
31009,0.24549836
10714,0.20875156
40128,0.24549836
18342,0.20875156
27862,0.24549836
15048,0.20875156
20133,0.20875156
12767,0.20875156
16169,0.20875156
37857,0.24549836
26765,0.20875156
44180,0.43309024
14076,0.20875156
35231,0.34972963
5618,0.20875156
32220,0.24549836
2736,0.20875156
37300,0.24549836
39585,0.24549836
38454,0.24549836
4888,0.20875156
30030,0.24549836
9935,0.20875156
20284,0.20875156
28678,0.24549836
15206,0.20875156
20277,0.20875156
10704,0.20875156
25173,0.20875156
31330,0.24549836
23689,0.20875156
23645,0.20875156
41590,0.32276765
16435,0.20875156
13011,0.34972963
2247,0.20875156
40583,0.24549836
25200,0.20875156
13101,0.20875156
20377,0.20875156
8602,0.20875156
28597,0.24549836
28158,0.24549836
12565,0.34972963
1287,0.20875156
18384,0.20875156
15677,0.20875156
41981,0.43309024
22408,0.20875156
36631,0.24549836
22009,0.20875156
39474,0.24549836
34815,0.24549836
3627,0.20875156
39424,0.24549836
4951,0.20875156
13935,0.34972963
14885,0.20875156
42237,0.43309024
10298,0.20875156
27285,0.20875156
28699,0.24549836
31374,0.24549836
34795,0.34972963
41751,0.43309024
2615,0.20875156
14232,0.20875156
20827,0.20875156
21210,0.34972963
7228,0.20875156
29572,0.24549836
7270,0.20875156
11675,0.20875156
5680,0.20875156
10231,0.20875156
25259,0.34972963
13607,0.20875156
11007,0.20875156
43295,0.43309024
25507,0.34972963
6521,0.34972963
26432,0.20875156
36127,0.24549836
15992,0.20875156
3628,0.20875156
4868,0.20875156
28252,0.24549836
27390,0.20875156
36188,0.24549836
36880,0.24549836
32920,0.34972963
11018,0.20875156
12827,0.34972963
41506,0.43309024
26683,0.34972963
40066,0.24549836
23453,0.20875156
3366,0.20875156
24298,0.20875156
16009,0.20875156
1895,0.34972963
1828,0.20875156
30320,0.24549836
21360,0.20875156
15294,0.20875156
20851,0.20875156
7553,0.20875156
31888,0.24549836
16681,0.34972963
26824,0.20875156
41561,0.5488107
10371,0.20875156
1977,0.20875156
20143,0.34972963
27075,0.20875156
5180,0.20875156
20621,0.20875156
31264,0.24549836
23117,0.34972963
5441,0.20875156
22521,0.20875156
10098,0.34972963
33740,0.24549836
23674,0.20875156
1714,0.20875156
12159,0.20875156
39052,0.24549836
28972,0.34972963
10660,0.20875156
33313,0.24549836
25406,0.20875156
36915,0.24549836
30973,0.24549836
32010,0.34972963
18660,0.34972963
10281,0.20875156
22372,0.20875156
22849,0.20875156
38959,0.24549836
38278,0.24549836
3067,0.20875156
43332,0.43309024
40541,0.24549836
25506,0.20875156
4704,0.20875156
15264,0.49668834
7323,0.20875156
39353,0.5488107
4793,0.20875156
15587,0.20875156
34805,0.24549836
33113,0.24549836
10783,0.20875156
18124,0.20875156
33297,0.24549836
24103,0.20875156
31482,0.24549836
33921,0.24549836
21252,0.20875156
6951,0.20875156
21168,0.20875156
22070,0.20875156
44191,0.43309024
33492,0.24549836
27608,0.24549836
10647,0.20875156
28848,0.24549836
996,0.20875156
19226,0.20875156
35198,0.24549836
36181,0.24549836
27017,0.20875156
19692,0.20875156
30456,0.49668834
13421,0.20875156
22594,0.20875156
27989,0.24549836
23232,0.20875156
279,0.20875156
26925,0.20875156
13641,0.20875156
19677,0.20875156
16353,0.20875156
23385,0.20875156
11227,0.20875156
43849,0.32276765
18004,0.20875156
12982,0.20875156
1072,0.20875156
11124,0.20875156
33212,0.24549836
7030,0.20875156
35757,0.24549836
41858,0.43309024
3769,0.20875156
8242,0.20875156
8462,0.20875156
40007,0.24549836
37102,0.5488107
28419,0.24549836
41171,0.43309024
16985,0.20875156
9323,0.20875156
5212,0.20875156
30044,0.24549836
40996,0.32276765
6261,0.20875156
15433,0.34972963
35255,0.24549836
26444,0.34972963
36489,0.24549836
12002,0.20875156
41653,0.43309024
13632,0.20875156
17117,0.20875156
11017,0.20875156
5779,0.20875156
11439,0.20875156
5010,0.20875156
29746,0.24549836
39725,0.24549836
40758,0.43309024
16142,0.20875156
20402,0.20875156
43236,0.32276765
18629,0.20875156
45067,0.32276765
17699,0.20875156
21702,0.20875156
31562,0.24549836
33643,0.24549836
22635,0.20875156
539,0.20875156
42759,0.32276765
18454,0.20875156
22113,0.20875156
28662,0.24549836
10729,0.20875156
4866,0.20875156
44611,0.43309024
36263,0.34972963
39975,0.24549836
4310,0.20875156
27271,0.20875156
10385,0.20875156
27532,0.24549836
19747,0.20875156
18108,0.20875156
16134,0.20875156
28285,0.34972963
43413,0.43309024
41066,0.32276765
24138,0.20875156
4243,0.20875156
13336,0.20875156
29196,0.24549836
11391,0.20875156
41202,0.43309024
16804,0.20875156
3568,0.20875156
23894,0.20875156
42760,0.43309024
37848,0.24549836
28765,0.24549836
34385,0.24549836
16532,0.34972963
37000,0.24549836
1426,0.20875156
28601,0.49668834
5848,0.20875156
9274,0.20875156
39159,0.24549836
23435,0.20875156
15372,0.20875156
36738,0.24549836
31740,0.24549836
17346,0.20875156
16797,0.49668834
39143,0.24549836
33432,0.24549836
25765,0.20875156
35538,0.24549836
10971,0.34972963
6212,0.20875156
11122,0.34972963
3382,0.20875156
15289,0.20875156
14625,0.20875156
14549,0.20875156
8310,0.20875156
25992,0.20875156
111,0.20875156
36419,0.24549836
24307,0.20875156
35666,0.24549836
38303,0.24549836
15040,0.20875156
45133,0.43309024
4757,0.20875156
3915,0.20875156
31257,0.24549836
23804,0.20875156
2188,0.20875156
14964,0.20875156
38563,0.24549836
18508,0.20875156
31156,0.24549836
1089,0.20875156
7688,0.20875156
8323,0.34972963
1785,0.20875156
4316,0.20875156
30515,0.24549836
25113,0.20875156
31279,0.24549836
38096,0.24549836
43043,0.32276765
3753,0.20875156
13661,0.20875156
7842,0.20875156
21484,0.20875156
39032,0.24549836
24794,0.20875156
42993,0.32276765
5463,0.20875156
43089,0.5488107
35896,0.24549836
42348,0.43309024
39476,0.24549836
13895,0.20875156
20798,0.20875156
29006,0.24549836
40752,0.32276765
27728,0.24549836
28180,0.24549836
32231,0.24549836
44707,0.32276765
39790,0.24549836
25214,0.20875156
6933,0.20875156
5753,0.49668834
21603,0.20875156
32922,0.24549836
24129,0.20875156
18838,0.20875156
24508,0.20875156
43278,0.32276765
19458,0.20875156
11146,0.20875156
21950,0.20875156
43861,0.5488107
35062,0.24549836
1501,0.20875156
41205,0.32276765
23554,0.20875156
31086,0.24549836
13261,0.34972963
28362,0.24549836
5963,0.20875156
31402,0.24549836
28163,0.24549836
25696,0.20875156
40029,0.24549836
19309,0.20875156
8787,0.34972963
21736,0.20875156
19093,0.20875156
15556,0.20875156
39498,0.24549836
38961,0.24549836
328,0.20875156
25827,0.20875156
6335,0.20875156
3708,0.20875156
26485,0.20875156
41718,0.43309024
38235,0.24549836
21694,0.34972963
21607,0.20875156
1741,0.20875156
24987,0.20875156
18637,0.20875156
1377,0.20875156
8165,0.20875156
15315,0.20875156
34784,0.24549836
19272,0.20875156
31490,0.24549836
31717,0.24549836
36701,0.24549836
20245,0.20875156
21872,0.20875156
17513,0.34972963
20581,0.20875156
11693,0.34972963
44107,0.43309024
40573,0.24549836
25712,0.20875156
27810,0.24549836
10572,0.20875156
20968,0.20875156
17106,0.20875156
13993,0.20875156
272,0.49668834
16991,0.20875156
25693,0.34972963
33905,0.24549836
35192,0.24549836
29228,0.24549836
28099,0.49668834
36512,0.24549836
1078,0.20875156
26006,0.20875156
33607,0.24549836
38816,0.24549836
25931,0.20875156
13845,0.20875156
22863,0.20875156
8868,0.20875156
32488,0.24549836
30761,0.24549836
37153,0.24549836
15188,0.20875156
35007,0.24549836
25482,0.20875156
38978,0.24549836
5855,0.20875156
21564,0.20875156
22459,0.20875156
9711,0.20875156
19067,0.20875156
34828,0.24549836
10047,0.20875156
37555,0.24549836
22160,0.20875156
38633,0.24549836
19246,0.20875156
16674,0.34972963
5801,0.20875156
39787,0.5488107
16899,0.20875156
37399,0.24549836
8172,0.20875156
3377,0.20875156
4032,0.20875156
21577,0.20875156
20740,0.20875156
10918,0.20875156
26440,0.20875156
9882,0.20875156
43113,0.43309024
10056,0.20875156
30035,0.24549836
22496,0.20875156
42326,0.5488107
21831,0.20875156
40135,0.24549836
34111,0.24549836
22467,0.20875156
36951,0.24549836
33982,0.24549836
16585,0.20875156
14436,0.20875156
26858,0.20875156
24319,0.20875156
24827,0.20875156
9863,0.20875156
38032,0.24549836
28537,0.24549836
28189,0.24549836
1007,0.20875156
1220,0.20875156
36194,0.24549836
3818,0.20875156
24251,0.20875156
22640,0.34972963
27359,0.20875156
23860,0.20875156
4544,0.20875156
20706,0.20875156
21054,0.34972963
10341,0.20875156
27002,0.20875156
22582,0.20875156
15320,0.20875156
16226,0.20875156
7676,0.20875156
2484,0.49668834
39677,0.24549836
22174,0.20875156
25694,0.20875156
40832,0.43309024
38292,0.24549836
14010,0.20875156
31237,0.24549836
40434,0.48314685
15200,0.34972963
13546,0.34972963
15116,0.20875156
12881,0.34972963
22444,0.20875156
14443,0.20875156
30554,0.24549836
44619,0.43309024
42690,0.32276765
37611,0.24549836
908,0.20875156
43099,0.43309024
9295,0.20875156
26420,0.20875156
20293,0.20875156
23808,0.20875156
43447,0.43309024
1815,0.20875156
36407,0.24549836
22086,0.20875156
10710,0.20875156
22689,0.20875156
37568,0.24549836
28669,0.24549836
16441,0.20875156
41920,0.5488107
26417,0.20875156
21902,0.20875156
17790,0.20875156
9455,0.20875156
16997,0.20875156
6525,0.20875156
16007,0.20875156
10978,0.20875156
23624,0.20875156
36423,0.24549836
2331,0.34972963
6332,0.20875156
12347,0.20875156
39945,0.24549836
16574,0.20875156
16599,0.49668834
13626,0.34972963
14822,0.20875156
28672,0.24549836
36401,0.24549836
32456,0.34972963
23935,0.20875156
36463,0.24549836
163,0.20875156
2425,0.20875156
10428,0.34972963
45154,0.43309024
37734,0.24549836
29728,0.24549836
5363,0.20875156
18678,0.20875156
23247,0.20875156
34964,0.24549836
22053,0.20875156
33140,0.24549836
40123,0.24549836
41452,0.5488107
34049,0.24549836
31225,0.24549836
18440,0.20875156
10911,0.20875156
34621,0.24549836
26361,0.20875156
39521,0.24549836
28070,0.24549836
24506,0.34972963
38033,0.24549836
11796,0.20875156
29353,0.24549836
38337,0.24549836
40779,0.32276765
21262,0.20875156
28777,0.24549836
44940,0.43309024
13756,0.20875156
22762,0.20875156
1601,0.20875156
40322,0.24549836
2261,0.49668834
25460,0.20875156
3649,0.20875156
26737,0.20875156
37211,0.24549836
24431,0.20875156
7815,0.20875156
21556,0.20875156
23655,0.20875156
38289,0.24549836
14198,0.20875156
25084,0.20875156
24177,0.20875156
19143,0.20875156
30141,0.49668834
12402,0.20875156
3938,0.20875156
20561,0.20875156
22682,0.20875156
5125,0.20875156
24044,0.20875156
2976,0.20875156
32988,0.24549836
3925,0.20875156
9838,0.20875156
2595,0.20875156
381,0.20875156
194,0.20875156
2459,0.20875156
17493,0.20875156
32445,0.24549836
25314,0.20875156
22429,0.20875156
37833,0.24549836
28482,0.24549836
29336,0.24549836
42508,0.43309024
22406,0.20875156
27527,0.24549836
39513,0.24549836
34193,0.24549836
26434,0.20875156
4206,0.20875156
43687,0.43309024
24675,0.20875156
39543,0.24549836
10058,0.20875156
26442,0.20875156
13060,0.20875156
10597,0.20875156
10103,0.20875156
31461,0.24549836
38018,0.24549836
12014,0.20875156
27460,0.24549836
18658,0.20875156
15559,0.20875156
12053,0.20875156
28137,0.24549836
19786,0.20875156
43689,0.43309024
33844,0.24549836
19414,0.20875156
43173,0.32276765
42682,0.5488107
12942,0.20875156
1826,0.34972963
27158,0.20875156
19278,0.34972963
22119,0.20875156
27247,0.20875156
24375,0.20875156
16622,0.20875156
36987,0.24549836
2871,0.34972963
22092,0.20875156
1915,0.20875156
36678,0.24549836
18458,0.20875156
39390,0.24549836
10624,0.20875156
40093,0.24549836
19377,0.20875156
19668,0.20875156
19187,0.20875156
20507,0.20875156
27583,0.24549836
23303,0.34972963
20177,0.20875156
37967,0.24549836
2704,0.49668834
33831,0.24549836
42149,0.32276765
28770,0.34972963
23136,0.20875156
14612,0.20875156
43458,0.43309024
9218,0.20875156
8641,0.20875156
19180,0.34972963
37049,0.24549836
27889,0.24549836
28653,0.24549836
12761,0.20875156
34631,0.24549836
12547,0.20875156
44051,0.43309024
24958,0.20875156
25186,0.20875156
22804,0.34972963
8293,0.20875156
33590,0.24549836
5204,0.20875156
43120,0.32276765
6458,0.20875156
2840,0.20875156
17045,0.20875156
42063,0.43309024
5195,0.20875156
40894,0.5488107
13311,0.20875156
31434,0.24549836
21383,0.20875156
34260,0.24549836
28433,0.24549836
8369,0.20875156
33029,0.24549836
23038,0.20875156
9801,0.20875156
181,0.20875156
27303,0.20875156
5249,0.49668834
41748,0.43309024
43673,0.43309024
1260,0.20875156
34803,0.24549836
1015,0.20875156
4957,0.20875156
28468,0.24549836
4731,0.34972963
41365,0.32276765
38901,0.24549836
18620,0.20875156
22104,0.20875156
2518,0.20875156
34433,0.24549836
16282,0.20875156
6643,0.20875156
39066,0.24549836
13933,0.34972963
43228,0.5488107
16368,0.34972963
12468,0.20875156
10557,0.20875156
9710,0.20875156
22886,0.20875156
40438,0.24549836
3970,0.20875156
8,0.20875156
13306,0.20875156
532,0.34972963
28896,0.24549836
38380,0.47860748
27423,0.24549836
31373,0.24549836
27478,0.49668834
34814,0.24549836
43744,0.43309024
36744,0.24549836
34290,0.24549836
19799,0.20875156
30075,0.49668834
14821,0.34972963
979,0.20875156
28223,0.24549836
19313,0.20875156
22846,0.20875156
36989,0.24549836
12238,0.20875156
14358,0.20875156
276,0.20875156
35025,0.24549836
1628,0.20875156
42308,0.32276765
3565,0.34972963
17476,0.20875156
25122,0.20875156
31865,0.24549836
23016,0.20875156
34409,0.24549836
23436,0.20875156
33489,0.24549836
488,0.20875156
35572,0.24549836
10224,0.20875156
7474,0.20875156
3415,0.20875156
28950,0.24549836
37850,0.24549836
37635,0.24549836
15408,0.20875156
31877,0.24549836
5613,0.20875156
20541,0.20875156
20300,0.20875156
25771,0.20875156
39341,0.5488107
34177,0.34972963
25979,0.20875156
40952,0.32276765
27028,0.20875156
41667,0.43309024
44216,0.5488107
43763,0.43309024
37214,0.24549836
6326,0.34972963
18017,0.20875156
15835,0.20875156
12385,0.20875156
5490,0.20875156
21167,0.20875156
7955,0.20875156
3175,0.20875156
8647,0.49668834
35064,0.24549836
12349,0.20875156
7880,0.20875156
29959,0.24549836
12158,0.20875156
27398,0.24549836
11533,0.20875156
5193,0.20875156
31791,0.24549836
39628,0.24549836
23890,0.20875156
11345,0.20875156
39141,0.24549836
19872,0.20875156
21281,0.20875156
2354,0.20875156
5820,0.20875156
4721,0.20875156
5541,0.20875156
3545,0.20875156
18169,0.20875156
9092,0.20875156
8037,0.20875156
34557,0.24549836
39175,0.24549836
16107,0.20875156
13438,0.20875156
43035,0.43309024
21614,0.20875156
28233,0.24549836
26055,0.20875156
8874,0.20875156
10605,0.20875156
36254,0.24549836
774,0.20875156
27738,0.24549836
35084,0.24549836
9857,0.20875156
18887,0.20875156
8174,0.20875156
27972,0.24549836
14297,0.20875156
32166,0.24549836
30602,0.24549836
10751,0.20875156
9167,0.20875156
23892,0.20875156
24686,0.20875156
6031,0.20875156
12923,0.20875156
15374,0.34972963
18794,0.20875156
28904,0.34972963
14789,0.20875156
22793,0.20875156
12438,0.20875156
18691,0.20875156
31716,0.24549836
19907,0.20875156
3260,0.20875156
25842,0.20875156
34006,0.24549836
1538,0.20875156
4554,0.20875156
11262,0.20875156
34849,0.24549836
16058,0.49668834
23125,0.20875156
30522,0.24549836
4623,0.20875156
40911,0.32276765
18770,0.20875156
14323,0.20875156
7693,0.20875156
16665,0.20875156
29706,0.24549836
6052,0.20875156
18112,0.20875156
38552,0.24549836
37580,0.24549836
6980,0.20875156
17663,0.20875156
27299,0.20875156
21008,0.20875156
36369,0.24549836
44262,0.43309024
34165,0.24549836
23466,0.20875156
26604,0.20875156
34416,0.24549836
17761,0.20875156
3539,0.20875156
4339,0.20875156
35760,0.24549836
37070,0.5488107
38946,0.24549836
11298,0.20875156
6834,0.20875156
5915,0.20875156
31288,0.24549836
41313,0.43309024
384,0.20875156
20796,0.20875156
7193,0.20875156
17023,0.20875156
1036,0.20875156
35232,0.24549836
27763,0.24549836
14601,0.20875156
3734,0.20875156
32679,0.24549836
44605,0.32276765
18214,0.20875156
6464,0.20875156
22677,0.20875156
22246,0.20875156
30856,0.24549836
43471,0.43309024
695,0.49668834
12929,0.20875156
7470,0.20875156
8408,0.34972963
13161,0.20875156
6999,0.20875156
38283,0.24549836
6903,0.20875156
23251,0.20875156
31003,0.24549836
2839,0.20875156
40673,0.48314685
45182,0.32276765
24854,0.20875156
33819,0.24549836
13007,0.34972963
8590,0.20875156
36298,0.24549836
45,0.34972963
1608,0.20875156
22731,0.20875156
6896,0.20875156
15424,0.20875156
20030,0.20875156
34703,0.24549836
39176,0.24549836
9640,0.20875156
38679,0.24549836
25074,0.20875156
6658,0.20875156
14929,0.20875156
13071,0.20875156
25987,0.20875156
14697,0.20875156
15746,0.20875156
4574,0.20875156
16024,0.34972963
35971,0.24549836
19707,0.20875156
36711,0.24549836
31970,0.24549836
26394,0.34972963
21221,0.20875156
6388,0.20875156
42466,0.43309024
20259,0.20875156
13759,0.20875156
27792,0.24549836
14273,0.20875156
8304,0.20875156
20173,0.20875156
37570,0.24549836
7981,0.20875156
43491,0.43309024
10496,0.20875156
42239,0.5488107
31375,0.24549836
369,0.20875156
25149,0.20875156
34926,0.24549836
14348,0.20875156
15413,0.20875156
29243,0.24549836
767,0.20875156
35462,0.34972963
11628,0.20875156
6392,0.34972963
21290,0.20875156
13787,0.20875156
13172,0.20875156
43109,0.32276765
13422,0.20875156
34879,0.24549836
41417,0.5488107
37037,0.24549836
38620,0.24549836
11534,0.34972963
13401,0.20875156
35416,0.24549836
18327,0.20875156
8468,0.20875156
44115,0.43309024
43096,0.43309024
16463,0.34972963
31201,0.24549836
30863,0.24549836
40145,0.24549836
42068,0.43309024
14086,0.20875156
10129,0.20875156
19174,0.34972963
560,0.20875156
10797,0.20875156
41587,0.32276765
8327,0.20875156
29560,0.24549836
4505,0.20875156
43473,0.43309024
7869,0.20875156
29226,0.24549836
9443,0.34972963
3661,0.20875156
27332,0.20875156
35962,0.24549836
26667,0.20875156
18646,0.20875156
5208,0.20875156
10959,0.20875156
42882,0.32276765
31696,0.24549836
6852,0.20875156
20872,0.20875156
36377,0.24549836
18762,0.20875156
11365,0.34972963
35777,0.24549836
37801,0.24549836
9636,0.20875156
37739,0.24549836
33493,0.24549836
29758,0.24549836
24996,0.20875156
43390,0.32276765
31643,0.24549836
19968,0.20875156
29378,0.24549836
43989,0.43309024
3883,0.20875156
15076,0.20875156
20609,0.20875156
17187,0.20875156
2230,0.20875156
22618,0.20875156
27797,0.24549836
9720,0.20875156
8603,0.20875156
29584,0.24549836
35086,0.24549836
4667,0.20875156
10190,0.20875156
13166,0.20875156
35908,0.24549836
19625,0.20875156
44340,0.43309024
19492,0.20875156
32455,0.34972963
32467,0.24549836
3281,0.20875156
13015,0.20875156
37926,0.24549836
43816,0.43309024
24852,0.20875156
35481,0.24549836
31143,0.24549836
2485,0.20875156
19790,0.20875156
15363,0.20875156
20204,0.34972963
5186,0.34972963
16261,0.20875156
19023,0.34972963
18624,0.20875156
16121,0.20875156
29840,0.24549836
6320,0.20875156
35679,0.24549836
37511,0.24549836
29771,0.24549836
27291,0.20875156
4612,0.20875156
34435,0.24549836
38453,0.5488107
40405,0.24549836
16538,0.20875156
19283,0.34972963
25059,0.20875156
13078,0.20875156
26412,0.20875156
39984,0.24549836
20887,0.20875156
4539,0.20875156
2411,0.20875156
22461,0.20875156
11892,0.20875156
40738,0.24549836
44721,0.32276765
14486,0.20875156
12117,0.20875156
99,0.20875156
10168,0.20875156
40806,0.32276765
35246,0.24549836
594,0.20875156
44184,0.43309024
34694,0.24549836
33285,0.24549836
34616,0.24549836
12219,0.20875156
7719,0.34972963
609,0.20875156
17839,0.20875156
28481,0.24549836
17876,0.20875156
8657,0.20875156
40352,0.24549836
40591,0.47860748
27884,0.24549836
31944,0.24549836
23786,0.20875156
21961,0.20875156
22323,0.20875156
25209,0.20875156
12724,0.20875156
32839,0.24549836
6090,0.20875156
25617,0.20875156
22700,0.20875156
22628,0.20875156
1674,0.20875156
13706,0.20875156
40331,0.24549836
10692,0.20875156
32881,0.24549836
9891,0.20875156
2583,0.20875156
19719,0.20875156
32369,0.24549836
29420,0.24549836
3935,0.20875156
7464,0.20875156
6161,0.20875156
29664,0.24549836
20329,0.20875156
22485,0.20875156
5943,0.20875156
19770,0.20875156
20469,0.20875156
11836,0.20875156
1416,0.20875156
44834,0.32276765
36983,0.24549836
40543,0.24549836
18,0.20875156
32440,0.24549836
30154,0.24549836
30440,0.24549836
9899,0.20875156
11703,0.49668834
10054,0.34972963
41955,0.43309024
41373,0.32276765
12561,0.20875156
34760,0.24549836
11108,0.20875156
36499,0.24549836
19574,0.20875156
17943,0.20875156
29136,0.24549836
3653,0.20875156
8501,0.20875156
3696,0.20875156
8239,0.20875156
3656,0.20875156
35229,0.24549836
44998,0.32276765
36863,0.24549836
37231,0.24549836
20443,0.20875156
6139,0.49668834
17883,0.20875156
39292,0.24549836
30405,0.24549836
37182,0.24549836
6688,0.20875156
505,0.20875156
1434,0.20875156
42775,0.32276765
11207,0.20875156
2166,0.20875156
8280,0.20875156
11705,0.20875156
1791,0.20875156
3950,0.20875156
16049,0.20875156
24720,0.20875156
9759,0.20875156
44509,0.43309024
40616,0.5488107
118,0.20875156
14125,0.20875156
12453,0.20875156
43432,0.43309024
1103,0.20875156
16525,0.20875156
19427,0.20875156
42970,0.32276765
37376,0.24549836
40075,0.24549836
20423,0.20875156
26543,0.49668834
31204,0.24549836
17459,0.20875156
9352,0.20875156
20775,0.20875156
9980,0.20875156
5810,0.20875156
24032,0.20875156
30392,0.24549836
27114,0.20875156
37006,0.24549836
25189,0.20875156
8835,0.49668834
2580,0.20875156
29775,0.24549836
23112,0.20875156
14988,0.20875156
35092,0.24549836
26733,0.20875156
27157,0.20875156
42320,0.43309024
39367,0.24549836
40818,0.32276765
32806,0.24549836
41000,0.32276765
24529,0.34972963
35580,0.34972963
33282,0.24549836
25945,0.20875156
23243,0.20875156
6963,0.20875156
31670,0.24549836
12559,0.20875156
40836,0.43309024
4949,0.34972963
23756,0.20875156
25326,0.20875156
225,0.49668834
3003,0.20875156
8444,0.20875156
11958,0.20875156
31012,0.24549836
36192,0.24549836
20260,0.20875156
15864,0.20875156
11721,0.20875156
12530,0.20875156
15654,0.34972963
8394,0.20875156
5525,0.20875156
7709,0.20875156
36882,0.24549836
31109,0.24549836
39716,0.24549836
5167,0.20875156
31274,0.24549836
22836,0.20875156
21925,0.34972963
26484,0.20875156
9689,0.20875156
16682,0.20875156
28143,0.24549836
37702,0.47860748
10509,0.49668834
5589,0.20875156
23216,0.20875156
32005,0.24549836
36538,0.24549836
36630,0.24549836
32113,0.24549836
13335,0.20875156
20225,0.20875156
17635,0.20875156
10578,0.20875156
25900,0.34972963
25207,0.20875156
13362,0.20875156
24355,0.34972963
5455,0.20875156
16216,0.20875156
22262,0.20875156
4491,0.20875156
36876,0.24549836
25088,0.20875156
7065,0.20875156
5813,0.20875156
30936,0.24549836
7087,0.20875156
10537,0.20875156
27525,0.24549836
41597,0.43309024
22480,0.20875156
15051,0.34972963
5173,0.20875156
15744,0.20875156
25365,0.20875156
21243,0.20875156
32927,0.24549836
5240,0.20875156
34218,0.24549836
43545,0.5488107
18203,0.20875156
30066,0.24549836
51,0.20875156
15834,0.34972963
43024,0.43309024
8965,0.20875156
4239,0.20875156
23071,0.20875156
16567,0.20875156
44844,0.43309024
2322,0.20875156
35932,0.24549836
39071,0.24549836
7452,0.20875156
37769,0.24549836
20853,0.20875156
8302,0.20875156
2560,0.20875156
6288,0.20875156
19386,0.34972963
37445,0.24549836
31537,0.24549836
30894,0.24549836
33177,0.24549836
7378,0.20875156
11100,0.20875156
41319,0.32276765
22954,0.20875156
9014,0.20875156
39705,0.24549836
44000,0.32276765
6386,0.20875156
35138,0.24549836
15867,0.20875156
7943,0.20875156
21233,0.20875156
21935,0.20875156
17142,0.34972963
5818,0.20875156
38705,0.24549836
37822,0.24549836
8355,0.20875156
41450,0.43309024
20022,0.34972963
10893,0.20875156
35465,0.24549836
36474,0.24549836
37294,0.24549836
37678,0.24549836
14828,0.20875156
43036,0.32276765
9168,0.20875156
13040,0.20875156
42909,0.32276765
8185,0.49668834
4375,0.20875156
21849,0.20875156
31953,0.24549836
18304,0.20875156
40929,0.32276765
7253,0.49668834
36846,0.47860748
16471,0.49668834
28100,0.24549836
35507,0.24549836
44278,0.32276765
7236,0.20875156
21356,0.20875156
36,0.20875156
23120,0.20875156
20265,0.20875156
17547,0.34972963
13392,0.20875156
21676,0.20875156
715,0.20875156
5775,0.20875156
9179,0.20875156
34932,0.24549836
4153,0.20875156
8488,0.20875156
15931,0.20875156
12134,0.20875156
6338,0.34972963
15649,0.20875156
26391,0.20875156
14479,0.20875156
31782,0.24549836
33683,0.24549836
1616,0.20875156
23737,0.20875156
29978,0.24549836
5337,0.20875156
5052,0.20875156
394,0.20875156
2710,0.49668834
21691,0.20875156
2548,0.20875156
40232,0.24549836
37972,0.24549836
33557,0.24549836
13524,0.49668834
29844,0.24549836
34819,0.24549836
17758,0.20875156
13062,0.20875156
16062,0.20875156
19741,0.20875156
16752,0.20875156
38845,0.24549836
37764,0.24549836
18618,0.20875156
42733,0.43309024
2219,0.20875156
13144,0.20875156
4583,0.20875156
21987,0.20875156
26077,0.20875156
37434,0.24549836
22805,0.20875156
6947,0.34972963
30786,0.24549836
6537,0.20875156
36861,0.24549836
2070,0.20875156
7458,0.34972963
10434,0.20875156
28614,0.24549836
7681,0.20875156
34962,0.24549836
11184,0.20875156
42459,0.43309024
31560,0.34972963
29383,0.24549836
4615,0.20875156
28860,0.34972963
21915,0.20875156
14235,0.20875156
6101,0.20875156
21476,0.20875156
27707,0.24549836
28246,0.24549836
2818,0.34972963
3207,0.20875156
9020,0.20875156
10356,0.20875156
43564,0.43309024
24975,0.20875156
2314,0.20875156
5965,0.20875156
15160,0.20875156
9701,0.20875156
13943,0.20875156
10392,0.20875156
23099,0.20875156
34292,0.24549836
5587,0.20875156
45206,0.43309024
25238,0.20875156
2525,0.34972963
8027,0.20875156
26401,0.20875156
21581,0.20875156
2637,0.20875156
29165,0.24549836
2633,0.20875156
6636,0.34972963
42571,0.32276765
29631,0.24549836
961,0.49668834
30177,0.24549836
19383,0.20875156
17058,0.20875156
27966,0.24549836
39574,0.24549836
20741,0.20875156
19178,0.20875156
36675,0.24549836
5520,0.20875156
31582,0.24549836
7233,0.34972963
20587,0.20875156
37313,0.24549836
32312,0.24549836
29288,0.24549836
34642,0.34972963
36284,0.24549836
11118,0.20875156
37023,0.24549836
39004,0.24549836
43770,0.32276765
27998,0.49668834
30187,0.24549836
16698,0.20875156
35303,0.24549836
10852,0.34972963
4390,0.20875156
28409,0.24549836
22453,0.34972963
3531,0.20875156
39841,0.24549836
12544,0.20875156
34452,0.24549836
4,0.20875156
12272,0.20875156
16286,0.20875156
10881,0.20875156
10311,0.20875156
2718,0.20875156
30447,0.24549836
32956,0.24549836
26343,0.20875156
25441,0.34972963
11900,0.20875156
8387,0.20875156
45076,0.5488107
34957,0.34972963
44263,0.5488107
27248,0.20875156
649,0.34972963
3894,0.20875156
13653,0.20875156
1777,0.20875156
39183,0.24549836
22786,0.20875156
38229,0.5488107
25289,0.20875156
6952,0.20875156
7755,0.20875156
3801,0.20875156
45043,0.5488107
19636,0.20875156
18068,0.20875156
29434,0.24549836
10015,0.20875156
20322,0.20875156
33293,0.24549836
645,0.20875156
16506,0.20875156
39086,0.24549836
39475,0.5488107
28676,0.24549836
35156,0.24549836
17766,0.20875156
12830,0.20875156
24983,0.20875156
20657,0.20875156
21731,0.20875156
970,0.20875156
1116,0.20875156
18102,0.20875156
23402,0.20875156
20233,0.20875156
43448,0.32276765
7599,0.20875156
17648,0.20875156
2034,0.34972963
24261,0.20875156
32083,0.24549836
23244,0.20875156
4579,0.20875156
35133,0.24549836
44629,0.43309024
14079,0.20875156
10226,0.20875156
34341,0.24549836
36465,0.24549836
44969,0.32276765
30630,0.24549836
5765,0.20875156
10794,0.20875156
18235,0.20875156
6993,0.20875156
35340,0.24549836
13017,0.20875156
42006,0.32276765
31632,0.24549836
34732,0.24549836
26882,0.20875156
5725,0.20875156
2506,0.20875156
8524,0.20875156
36455,0.24549836
8904,0.20875156
44119,0.47860748
13283,0.20875156
22149,0.20875156
26750,0.20875156
29825,0.24549836
15552,0.20875156
25468,0.34972963
37873,0.24549836
31848,0.24549836
5433,0.34972963
21035,0.20875156
20955,0.20875156
11158,0.20875156
15348,0.20875156
17114,0.20875156
26761,0.20875156
17919,0.20875156
27926,0.24549836
4563,0.20875156
38736,0.24549836
20011,0.20875156
18069,0.49668834
24301,0.20875156
19122,0.20875156
15326,0.20875156
42844,0.43309024
9109,0.20875156
9362,0.20875156
12305,0.20875156
37174,0.24549836
24454,0.20875156
21948,0.20875156
11392,0.34972963
42866,0.32276765
14608,0.34972963
27712,0.24549836
16491,0.20875156
43800,0.43309024
9676,0.20875156
20291,0.20875156
41676,0.32276765
24254,0.20875156
16578,0.20875156
27975,0.24549836
42800,0.43309024
42512,0.43309024
33210,0.24549836
33603,0.24549836
7578,0.20875156
11343,0.20875156
16147,0.20875156
37890,0.24549836
26506,0.20875156
37781,0.24549836
25388,0.20875156
42484,0.43309024
22048,0.20875156
12500,0.20875156
39487,0.24549836
2927,0.20875156
12075,0.20875156
40379,0.24549836
2610,0.20875156
36065,0.24549836
40189,0.24549836
4639,0.20875156
9470,0.20875156
11918,0.20875156
10522,0.20875156
43891,0.32276765
29576,0.24549836
41627,0.32276765
39384,0.24549836
15986,0.20875156
12621,0.20875156
3529,0.20875156
38132,0.24549836
1114,0.20875156
7984,0.20875156
3265,0.20875156
44960,0.32276765
23968,0.20875156
33897,0.24549836
25162,0.20875156
28835,0.24549836
16355,0.20875156
9908,0.20875156
18212,0.20875156
238,0.20875156
42060,0.32276765
31331,0.24549836
7930,0.20875156
3021,0.34972963
1486,0.20875156
12449,0.20875156
30250,0.24549836
19801,0.20875156
20592,0.34972963
43880,0.43309024
31400,0.24549836
1881,0.20875156
31163,0.24549836
35371,0.24549836
41770,0.32276765
25350,0.20875156
32268,0.24549836
43601,0.5488107
31223,0.49668834
20949,0.20875156
38255,0.24549836
31639,0.24549836
3079,0.20875156
45049,0.43309024
17925,0.20875156
45023,0.32276765
2670,0.20875156
24486,0.20875156
43988,0.32276765
24286,0.20875156
23428,0.20875156
44683,0.32276765
24652,0.49668834
43563,0.32276765
25986,0.20875156
7137,0.20875156
8011,0.20875156
5309,0.20875156
3852,0.34972963
41539,0.32276765
28159,0.24549836
39781,0.24549836
28552,0.49668834
14408,0.20875156
27036,0.20875156
26069,0.20875156
1700,0.20875156
126,0.20875156
33425,0.24549836
15970,0.20875156
24384,0.20875156
28525,0.24549836
16250,0.20875156
40482,0.24549836
10782,0.20875156
41176,0.43309024
27311,0.20875156
5147,0.20875156
1959,0.20875156
26071,0.20875156
38392,0.24549836
15594,0.20875156
32384,0.49668834
36113,0.24549836
37933,0.24549836
33088,0.49668834
22699,0.20875156
20951,0.20875156
27283,0.20875156
39372,0.24549836
30904,0.24549836
24527,0.20875156
28906,0.24549836
24464,0.20875156
16934,0.20875156
29174,0.24549836
14124,0.20875156
15137,0.20875156
22368,0.20875156
7798,0.20875156
3974,0.20875156
33816,0.24549836
13304,0.20875156
19504,0.20875156
3469,0.49668834
33115,0.24549836
14193,0.20875156
32199,0.24549836
39232,0.24549836
33882,0.34972963
12036,0.20875156
37695,0.24549836
8445,0.20875156
32247,0.34972963
15577,0.20875156
5334,0.20875156
31965,0.49668834
29285,0.24549836
42845,0.43309024
34144,0.24549836
7394,0.20875156
1864,0.34972963
34581,0.24549836
37050,0.24549836
11827,0.34972963
42460,0.43309024
9635,0.34972963
20271,0.20875156
32118,0.24549836
21099,0.20875156
24113,0.20875156
271,0.34972963
34686,0.24549836
37290,0.24549836
3692,0.20875156
2315,0.20875156
2543,0.20875156
44058,0.43309024
8259,0.20875156
24521,0.20875156
13041,0.20875156
20297,0.49668834
28272,0.24549836
20635,0.20875156
27232,0.20875156
44005,0.5488107
44251,0.43309024
9967,0.20875156
29860,0.24549836
12976,0.20875156
10876,0.20875156
21007,0.20875156
481,0.20875156
16187,0.20875156
32004,0.24549836
10982,0.20875156
6925,0.20875156
22535,0.20875156
11886,0.20875156
5164,0.20875156
6149,0.20875156
12252,0.20875156
37163,0.24549836
32924,0.24549836
12943,0.20875156
30785,0.24549836
26491,0.34972963
3311,0.20875156
38332,0.24549836
7674,0.20875156
11357,0.20875156
3300,0.20875156
29852,0.24549836
6205,0.20875156
11874,0.20875156
42964,0.43309024
27180,0.20875156
33699,0.49668834
14516,0.20875156
36754,0.24549836
24051,0.20875156
22420,0.20875156
25230,0.20875156
30949,0.24549836
18010,0.20875156
18061,0.20875156
19911,0.20875156
15198,0.20875156
8357,0.20875156
32206,0.24549836
44453,0.32276765
42706,0.43309024
29731,0.24549836
29832,0.24549836
32965,0.24549836
19308,0.20875156
26247,0.34972963
15410,0.20875156
2503,0.20875156
25101,0.20875156
8862,0.20875156
6489,0.20875156
33611,0.24549836
35929,0.24549836
7016,0.20875156
26953,0.20875156
31612,0.24549836
29382,0.24549836
24318,0.20875156
34777,0.24549836
26124,0.20875156
32609,0.24549836
6768,0.20875156
10813,0.20875156
32463,0.49668834
18449,0.34972963
44213,0.32276765
29360,0.24549836
35397,0.24549836
20241,0.20875156
20745,0.20875156
37527,0.24549836
41787,0.5488107
1392,0.34972963
43375,0.43309024
27235,0.49668834
6859,0.20875156
23051,0.20875156
33650,0.24549836
2766,0.20875156
30351,0.34972963
44273,0.43309024
34135,0.24549836
13223,0.20875156
2964,0.20875156
31239,0.24549836
4009,0.20875156
32043,0.24549836
28767,0.24549836
38721,0.24549836
32338,0.24549836
19525,0.34972963
13181,0.20875156
37541,0.24549836
32227,0.24549836
34241,0.24549836
14352,0.20875156
21727,0.20875156
31917,0.24549836
41647,0.32276765
24069,0.20875156
15472,0.20875156
13044,0.20875156
43682,0.32276765
8265,0.20875156
5096,0.20875156
42489,0.32276765
18273,0.20875156
26559,0.20875156
12193,0.20875156
25028,0.20875156
3986,0.20875156
20071,0.20875156
19515,0.20875156
44235,0.32276765
40033,0.24549836
12087,0.20875156
21426,0.20875156
37469,0.24549836
204,0.34972963
42671,0.32276765
19798,0.20875156
9409,0.20875156
34053,0.24549836
13800,0.34972963
26835,0.20875156
22528,0.34972963
14027,0.20875156
34318,0.34972963
28192,0.24549836
12379,0.34972963
26373,0.20875156
24951,0.20875156
43817,0.43309024
32606,0.24549836
24058,0.20875156
2357,0.20875156
12912,0.20875156
12617,0.20875156
27458,0.24549836
24245,0.34972963
16940,0.20875156
25633,0.20875156
44280,0.43309024
11769,0.20875156
20638,0.20875156
6722,0.20875156
10489,0.20875156
33693,0.24549836
2461,0.20875156
10235,0.34972963
23199,0.20875156
20312,0.20875156
9427,0.20875156
13559,0.20875156
16272,0.20875156
40923,0.32276765
10412,0.20875156
38694,0.24549836
3454,0.20875156
35185,0.24549836
40565,0.24549836
34625,0.24549836
36982,0.24549836
262,0.20875156
42983,0.32276765
40853,0.5488107
11743,0.20875156
39974,0.24549836
35350,0.24549836
1574,0.20875156
10968,0.20875156
15705,0.20875156
11366,0.34972963
3293,0.20875156
13320,0.20875156
6661,0.20875156
40290,0.24549836
33885,0.24549836
7811,0.20875156
45158,0.43309024
27173,0.20875156
286,0.20875156
5080,0.20875156
43031,0.32276765
38647,0.5488107
32620,0.24549836
39734,0.5488107
17194,0.34972963
3567,0.20875156
27477,0.24549836
9966,0.20875156
44062,0.32276765
36010,0.24549836
16306,0.20875156
15446,0.34972963
37607,0.24549836
17978,0.20875156
11174,0.20875156
35034,0.24549836
36607,0.24549836
5276,0.20875156
11828,0.20875156
31023,0.24549836
31817,0.24549836
42766,0.43309024
27507,0.24549836
34124,0.24549836
79,0.20875156
3634,0.20875156
13729,0.20875156
14200,0.20875156
25892,0.20875156
11014,0.20875156
20174,0.20875156
6563,0.20875156
7625,0.20875156
6165,0.20875156
3632,0.20875156
37506,0.24549836
38837,0.24549836
3075,0.20875156
29200,0.24549836
42176,0.32276765
1875,0.20875156
30011,0.24549836
23224,0.20875156
34742,0.24549836
38122,0.24549836
31530,0.49668834
41693,0.32276765
15541,0.20875156
38480,0.24549836
43663,0.32276765
191,0.20875156
1847,0.20875156
38955,0.24549836
43850,0.32276765
6387,0.20875156
24972,0.20875156
40414,0.24549836
23015,0.20875156
4686,0.20875156
8875,0.20875156
16587,0.20875156
15942,0.20875156
7204,0.20875156
37540,0.24549836
21187,0.20875156
10144,0.20875156
26535,0.20875156
28517,0.24549836
19241,0.20875156
31671,0.34972963
44318,0.43309024
35422,0.24549836
19466,0.20875156
26245,0.20875156
30942,0.24549836
43108,0.32276765
38993,0.24549836
27938,0.24549836
17842,0.34972963
40727,0.24549836
43656,0.43309024
3595,0.20875156
20319,0.20875156
24742,0.20875156
35004,0.24549836
17849,0.20875156
11445,0.20875156
21070,0.20875156
26421,0.20875156
32725,0.24549836
30837,0.24549836
38457,0.24549836
15,0.20875156
32969,0.24549836
383,0.20875156
3376,0.20875156
40868,0.32276765
10980,0.20875156
21951,0.20875156
2796,0.20875156
36347,0.24549836
7724,0.20875156
13925,0.20875156
4329,0.20875156
16235,0.20875156
33039,0.24549836
4496,0.20875156
43145,0.43309024
43933,0.43309024
28164,0.24549836
21122,0.20875156
11180,0.20875156
41411,0.43309024
12447,0.20875156
21444,0.20875156
9220,0.20875156
14774,0.20875156
33157,0.24549836
30732,0.24549836
20576,0.34972963
8130,0.20875156
32273,0.24549836
23267,0.20875156
12488,0.20875156
9535,0.20875156
1958,0.20875156
39003,0.24549836
186,0.20875156
6924,0.20875156
32347,0.24549836
29202,0.24549836
18558,0.20875156
29327,0.24549836
13757,0.20875156
1855,0.20875156
37841,0.24549836
14411,0.20875156
156,0.20875156
18621,0.20875156
10064,0.49668834
36939,0.24549836
44574,0.32276765
21118,0.49668834
37860,0.24549836
1200,0.20875156
16404,0.20875156
4987,0.20875156
19109,0.20875156
7,0.20875156
20060,0.20875156
3726,0.20875156
22271,0.20875156
21142,0.20875156
11336,0.49668834
5653,0.20875156
34279,0.24549836
38655,0.24549836
43418,0.43309024
19051,0.20875156
37813,0.24549836
36670,0.24549836
42867,0.43309024
5422,0.20875156
1522,0.20875156
3614,0.20875156
38199,0.24549836
19263,0.20875156
5314,0.20875156
46,0.20875156
22303,0.20875156
797,0.20875156
18277,0.20875156
25027,0.20875156
9730,0.20875156
44331,0.43309024
37441,0.41364262
38357,0.24549836
42730,0.43309024
32635,0.24549836
31913,0.24549836
10888,0.20875156
22338,0.20875156
15151,0.34972963
36472,0.24549836
7769,0.20875156
38326,0.24549836
28830,0.24549836
26032,0.20875156
40555,0.24549836
24367,0.20875156
1028,0.20875156
34509,0.34972963
30648,0.24549836
6724,0.20875156
10831,0.20875156
26975,0.20875156
15352,0.20875156
38570,0.24549836
15564,0.20875156
4196,0.20875156
3006,0.20875156
40400,0.24549836
7099,0.20875156
18506,0.20875156
32619,0.24549836
22285,0.20875156
11589,0.20875156
6373,0.20875156
10562,0.20875156
29738,0.24549836
31708,0.24549836
44560,0.32276765
33680,0.24549836
10307,0.20875156
12199,0.20875156
18432,0.20875156
33192,0.24549836
14572,0.20875156
23423,0.20875156
6266,0.20875156
36797,0.24549836
42824,0.43309024
29601,0.24549836
21675,0.20875156
32847,0.24549836
6971,0.20875156
39594,0.24549836
31816,0.24549836
6210,0.20875156
21288,0.20875156
43079,0.5488107
41677,0.32276765
38128,0.24549836
28553,0.24549836
24401,0.20875156
25491,0.20875156
21420,0.20875156
35998,0.24549836
43106,0.43309024
44272,0.32276765
31808,0.24549836
32595,0.24549836
24877,0.34972963
2912,0.20875156
23549,0.20875156
27539,0.24549836
11350,0.20875156
6977,0.20875156
13699,0.20875156
42746,0.43309024
102,0.20875156
12843,0.20875156
45104,0.43309024
6331,0.20875156
7637,0.20875156
38048,0.24549836
4499,0.20875156
41225,0.32276765
12949,0.20875156
26107,0.20875156
20600,0.20875156
18552,0.20875156
37171,0.24549836
38040,0.24549836
42067,0.32276765
23846,0.20875156
26578,0.20875156
22051,0.20875156
9995,0.20875156
34293,0.24549836
15824,0.49668834
15373,0.20875156
32030,0.24549836
34820,0.24549836
16731,0.20875156
6569,0.20875156
36082,0.34972963
14152,0.20875156
28253,0.24549836
13542,0.34972963
12293,0.20875156
26311,0.20875156
32512,0.24549836
36364,0.24549836
19774,0.20875156
10215,0.20875156
38938,0.24549836
25004,0.20875156
25914,0.20875156
27069,0.49668834
29301,0.24549836
5560,0.20875156
30276,0.24549836
7093,0.20875156
795,0.20875156
40698,0.5488107
21092,0.20875156
25863,0.20875156
12744,0.20875156
32980,0.24549836
31484,0.24549836
1247,0.20875156
6825,0.20875156
8743,0.20875156
22395,0.20875156
24505,0.20875156
22987,0.20875156
39715,0.24549836
22547,0.20875156
13811,0.20875156
20444,0.20875156
41648,0.32276765
35608,0.24549836
5686,0.20875156
33076,0.24549836
1354,0.20875156
17208,0.20875156
30792,0.24549836
38661,0.24549836
22478,0.20875156
42120,0.32276765
14713,0.20875156
24257,0.20875156
12891,0.49668834
3978,0.20875156
34033,0.24549836
40061,0.24549836
42125,0.32276765
2037,0.49668834
9232,0.20875156
20493,0.20875156
13143,0.20875156
19029,0.20875156
36947,0.24549836
32061,0.24549836
2249,0.20875156
11398,0.20875156
30695,0.24549836
31033,0.24549836
42513,0.43309024
6419,0.20875156
14522,0.20875156
22394,0.20875156
42161,0.32276765
41299,0.32276765
16478,0.20875156
3183,0.20875156
11960,0.20875156
33480,0.49668834
6089,0.20875156
18029,0.20875156
3292,0.20875156
36195,0.24549836
45135,0.43309024
37495,0.24549836
41663,0.32276765
17604,0.20875156
6910,0.20875156
10427,0.20875156
20454,0.20875156
21305,0.20875156
42379,0.5488107
39447,0.24549836
33726,0.24549836
24303,0.20875156
41324,0.32276765
35897,0.24549836
25280,0.20875156
39718,0.24549836
24095,0.20875156
42754,0.43309024
15883,0.20875156
686,0.20875156
36964,0.24549836
13051,0.20875156
41454,0.43309024
12899,0.20875156
25282,0.20875156
3433,0.34972963
33142,0.24549836
39592,0.24549836
44484,0.43309024
7631,0.20875156
6482,0.20875156
15388,0.20875156
1906,0.20875156
6299,0.20875156
14401,0.20875156
27209,0.20875156
6232,0.20875156
17012,0.20875156
28130,0.24549836
1843,0.20875156
32444,0.24549836
10663,0.20875156
1207,0.20875156
13355,0.20875156
16079,0.20875156
30697,0.24549836
30394,0.24549836
22216,0.49668834
21100,0.20875156
25301,0.20875156
34020,0.24549836
1567,0.20875156
41734,0.43309024
10436,0.20875156
37022,0.24549836
14167,0.20875156
40361,0.24549836
4150,0.20875156
31798,0.24549836
172,0.20875156
42897,0.32276765
23985,0.20875156
40895,0.32276765
12245,0.20875156
10000,0.49668834
39108,0.41364262
32236,0.24549836
23712,0.20875156
24451,0.20875156
6618,0.34972963
9496,0.20875156
11666,0.20875156
9768,0.20875156
41314,0.32276765
19284,0.20875156
579,0.20875156
477,0.20875156
21848,0.20875156
19342,0.20875156
3848,0.20875156
34659,0.24549836
5602,0.20875156
11511,0.49668834
4284,0.20875156
26111,0.49668834
1858,0.20875156
28581,0.24549836
25934,0.20875156
35167,0.24549836
9057,0.20875156
21366,0.34972963
23301,0.20875156
40978,0.32276765
32106,0.24549836
31676,0.24549836
18852,0.20875156
21628,0.34972963
35996,0.24549836
9404,0.20875156
36471,0.24549836
29038,0.24549836
1604,0.20875156
4915,0.20875156
16092,0.20875156
44581,0.5488107
41612,0.32276765
22637,0.20875156
26732,0.20875156
38369,0.24549836
43927,0.5488107
22189,0.34972963
3962,0.20875156
32979,0.24549836
17933,0.20875156
41836,0.43309024
10873,0.20875156
10004,0.20875156
25750,0.20875156
38143,0.5488107
29064,0.24549836
9978,0.20875156
36800,0.24549836
18761,0.20875156
20904,0.20875156
36029,0.24549836
36642,0.24549836
18187,0.20875156
39273,0.24549836
43476,0.32276765
21612,0.20875156
32330,0.24549836
42636,0.43309024
2534,0.20875156
33497,0.24549836
22777,0.20875156
35827,0.24549836
6328,0.20875156
42294,0.5488107
35696,0.24549836
34187,0.24549836
9070,0.49668834
37628,0.24549836
9268,0.20875156
14646,0.49668834
5489,0.20875156
44057,0.47860748
32296,0.34972963
4811,0.20875156
15772,0.20875156
18011,0.20875156
38776,0.24549836
21967,0.20875156
40497,0.24549836
27569,0.34972963
33631,0.24549836
37273,0.24549836
8717,0.20875156
40419,0.24549836
34168,0.24549836
42284,0.43309024
40305,0.24549836
8201,0.20875156
31948,0.24549836
30286,0.24549836
5990,0.34972963
33859,0.24549836
6255,0.20875156
31675,0.24549836
5136,0.20875156
43185,0.5488107
29649,0.24549836
16391,0.49668834
15284,0.20875156
6911,0.20875156
14782,0.20875156
32002,0.24549836
25811,0.34972963
13875,0.20875156
39423,0.24549836
24910,0.20875156
43790,0.43309024
9347,0.20875156
34449,0.24549836
10786,0.20875156
44917,0.32276765
20866,0.34972963
13470,0.20875156
6743,0.20875156
41736,0.32276765
14498,0.20875156
38306,0.24549836
23211,0.34972963
6148,0.20875156
1390,0.20875156
22263,0.20875156
18797,0.20875156
6771,0.20875156
14007,0.20875156
14555,0.20875156
24487,0.20875156
21309,0.20875156
5844,0.20875156
15673,0.20875156
938,0.20875156
18192,0.20875156
40056,0.24549836
9173,0.20875156
278,0.20875156
3082,0.34972963
37381,0.24549836
36643,0.24549836
32859,0.49668834
10536,0.20875156
3711,0.20875156
11351,0.20875156
2997,0.20875156
16710,0.20875156
34592,0.24549836
22380,0.20875156
17740,0.20875156
44698,0.43309024
20249,0.20875156
32750,0.24549836
27755,0.24549836
9056,0.20875156
5594,0.20875156
29592,0.24549836
35383,0.24549836
41072,0.5488107
38148,0.24549836
38683,0.24549836
29121,0.24549836
41096,0.43309024
41113,0.32276765
20191,0.20875156
18622,0.20875156
42693,0.32276765
37020,0.24549836
39794,0.24549836
3553,0.20875156
38587,0.24549836
23379,0.20875156
17228,0.20875156
44046,0.32276765
12352,0.20875156
26322,0.20875156
10187,0.20875156
7103,0.20875156
18860,0.20875156
29365,0.24549836
16277,0.20875156
41119,0.43309024
44284,0.32276765
29529,0.24549836
37255,0.24549836
38950,0.47860748
8250,0.20875156
25160,0.20875156
24132,0.20875156
3402,0.20875156
38760,0.47860748
2528,0.20875156
10622,0.20875156
21710,0.20875156
43380,0.43309024
41962,0.43309024
21147,0.49668834
39472,0.24549836
14680,0.20875156
25542,0.20875156
37906,0.24549836
16477,0.20875156
33936,0.24549836
34072,0.34972963
22240,0.34972963
11902,0.20875156
12973,0.20875156
24073,0.20875156
19177,0.20875156
17016,0.20875156
25613,0.20875156
5728,0.20875156
9353,0.20875156
12515,0.20875156
5287,0.20875156
5079,0.20875156
21162,0.20875156
4571,0.20875156
9340,0.20875156
42124,0.32276765
33767,0.24549836
6747,0.20875156
18475,0.20875156
7973,0.20875156
30660,0.24549836
9460,0.20875156
39444,0.24549836
44399,0.43309024
16604,0.20875156
42455,0.32276765
34037,0.24549836
39745,0.24549836
392,0.20875156
9848,0.20875156
26642,0.20875156
31506,0.24549836
1990,0.20875156
3577,0.20875156
35435,0.24549836
44438,0.43309024
39354,0.24549836
37537,0.24549836
247,0.20875156
25198,0.20875156
33820,0.24549836
42359,0.32276765
34633,0.24549836
9783,0.34972963
15573,0.20875156
543,0.20875156
19155,0.20875156
6855,0.34972963
12604,0.20875156
25013,0.20875156
9337,0.20875156
41284,0.32276765
34147,0.49668834
1541,0.20875156
2064,0.20875156
42281,0.43309024
32146,0.24549836
35099,0.24549836
4324,0.20875156
23640,0.20875156
32349,0.24549836
7854,0.20875156
42630,0.5488107
675,0.20875156
32351,0.24549836
25473,0.20875156
26599,0.49668834
20201,0.20875156
8982,0.34972963
32758,0.24549836
42030,0.43309024
39019,0.24549836
30368,0.24549836
7321,0.34972963
5545,0.20875156
3143,0.20875156
12494,0.20875156
39455,0.24549836
30381,0.49668834
7846,0.20875156
12582,0.20875156
37315,0.5488107
37277,0.24549836
14969,0.20875156
27604,0.24549836
12097,0.20875156
2731,0.49668834
34301,0.24549836
4155,0.20875156
40047,0.24549836
20855,0.20875156
28798,0.24549836
21110,0.20875156
29707,0.24549836
10739,0.20875156
346,0.20875156
25265,0.20875156
28471,0.24549836
5403,0.20875156
21867,0.20875156
15616,0.20875156
26381,0.20875156
7659,0.20875156
3760,0.20875156
36691,0.24549836
31390,0.24549836
6647,0.20875156
41439,0.43309024
14104,0.20875156
42825,0.43309024
40073,0.24549836
33807,0.24549836
25187,0.20875156
33477,0.24549836
31790,0.24549836
6986,0.34972963
28642,0.24549836
38967,0.24549836
30633,0.24549836
3805,0.34972963
6379,0.20875156
8442,0.20875156
19583,0.20875156
39515,0.24549836
11988,0.20875156
19820,0.20875156
34917,0.24549836
2088,0.20875156
9091,0.20875156
41528,0.43309024
37061,0.24549836
24964,0.20875156
3802,0.20875156
44127,0.32276765
19823,0.20875156
32827,0.24549836
3556,0.20875156
43777,0.43309024
40192,0.24549836
3697,0.20875156
1313,0.20875156
17884,0.20875156
36561,0.24549836
27951,0.24549836
38795,0.24549836
30527,0.24549836
40867,0.43309024
299,0.20875156
1173,0.49668834
37960,0.24549836
3226,0.34972963
1592,0.20875156
24823,0.20875156
34745,0.24549836
20101,0.34972963
31399,0.24549836
6244,0.20875156
3768,0.20875156
1184,0.20875156
35120,0.24549836
25810,0.20875156
32144,0.24549836
39123,0.5488107
34949,0.24549836
34873,0.24549836
31894,0.24549836
15311,0.20875156
4879,0.34972963
38797,0.24549836
37647,0.24549836
20354,0.20875156
41904,0.43309024
18219,0.20875156
38526,0.24549836
1487,0.20875156
23525,0.20875156
37448,0.24549836
5090,0.20875156
23490,0.20875156
31342,0.24549836
19292,0.34972963
15243,0.20875156
8149,0.20875156
41853,0.32276765
11334,0.20875156
27228,0.20875156
14937,0.20875156
40626,0.24549836
1744,0.20875156
29282,0.24549836
11385,0.20875156
18135,0.20875156
3758,0.20875156
35634,0.24549836
42050,0.43309024
3435,0.20875156
37779,0.24549836
34524,0.24549836
4767,0.20875156
32563,0.24549836
5327,0.20875156
22192,0.20875156
9777,0.20875156
25192,0.20875156
39107,0.24549836
3465,0.20875156
41116,0.43309024
10308,0.20875156
23714,0.20875156
5632,0.20875156
28368,0.34972963
43299,0.32276765
21075,0.20875156
16974,0.20875156
14111,0.20875156
16283,0.20875156
24075,0.20875156
14983,0.34972963
7700,0.20875156
19011,0.34972963
28910,0.24549836
29120,0.24549836
1335,0.20875156
371,0.20875156
577,0.20875156
44201,0.43309024
21416,0.49668834
3593,0.20875156
4441,0.20875156
18772,0.49668834
29807,0.24549836
31594,0.24549836
27568,0.49668834
25679,0.20875156
27817,0.24549836
14757,0.20875156
4072,0.20875156
20862,0.34972963
29894,0.24549836
27758,0.24549836
23173,0.20875156
26605,0.20875156
32388,0.24549836
10280,0.20875156
13314,0.20875156
36097,0.24549836
35242,0.24549836
30560,0.34972963
17725,0.20875156
28136,0.24549836
22707,0.20875156
1454,0.34972963
28446,0.24549836
3572,0.34972963
21534,0.20875156
32561,0.24549836
15955,0.20875156
42160,0.43309024
42179,0.5488107
33653,0.24549836
8183,0.20875156
31166,0.24549836
3174,0.20875156
6418,0.20875156
4178,0.20875156
36089,0.24549836
41952,0.43309024
25324,0.20875156
11170,0.20875156
26906,0.20875156
13960,0.20875156
35125,0.24549836
33041,0.24549836
40920,0.32276765
35286,0.24549836
36150,0.24549836
27868,0.24549836
25047,0.20875156
27418,0.24549836
38345,0.24549836
41593,0.43309024
17617,0.20875156
22835,0.20875156
39365,0.24549836
42822,0.5488107
22286,0.20875156
26780,0.20875156
17192,0.20875156
22061,0.20875156
24656,0.20875156
20432,0.20875156
6311,0.20875156
29541,0.24549836
17421,0.20875156
35825,0.24549836
42313,0.43309024
30178,0.34972963
3025,0.20875156
26931,0.34972963
7368,0.20875156
14266,0.20875156
2356,0.20875156
943,0.20875156
16217,0.20875156
14903,0.49668834
37940,0.24549836
24202,0.20875156
19037,0.20875156
33630,0.49668834
23339,0.20875156
26008,0.20875156
26973,0.20875156
12779,0.20875156
31724,0.24549836
13305,0.20875156
37516,0.24549836
14736,0.20875156
20129,0.20875156
37054,0.24549836
37962,0.24549836
2032,0.20875156
13281,0.20875156
24994,0.20875156
33995,0.24549836
24797,0.20875156
25905,0.20875156
22082,0.20875156
12984,0.20875156
10848,0.20875156
12227,0.20875156
12710,0.20875156
28527,0.24549836
11637,0.20875156
44603,0.5488107
25724,0.34972963
30000,0.24549836
1550,0.20875156
42180,0.43309024
10241,0.20875156
30260,0.24549836
28001,0.24549836
32223,0.24549836
33721,0.24549836
6503,0.20875156
18056,0.34972963
8410,0.20875156
44804,0.43309024
7780,0.20875156
9390,0.20875156
2754,0.20875156
25662,0.49668834
22947,0.20875156
42291,0.32276765
19476,0.20875156
33082,0.24549836
495,0.20875156
1367,0.20875156
18973,0.20875156
2674,0.20875156
34468,0.34972963
20822,0.20875156
12719,0.34972963
41893,0.32276765
35975,0.24549836
39036,0.24549836
34268,0.24549836
6535,0.20875156
44160,0.43309024
42717,0.43309024
43783,0.43309024
28510,0.24549836
40012,0.24549836
25284,0.20875156
21851,0.20875156
21696,0.20875156
26157,0.20875156
39907,0.24549836
35400,0.24549836
32329,0.24549836
21024,0.20875156
42731,0.5488107
18193,0.20875156
18087,0.20875156
42768,0.43309024
32161,0.24549836
10175,0.20875156
26653,0.20875156
3392,0.20875156
13881,0.20875156
18431,0.34972963
41418,0.32276765
32340,0.24549836
1552,0.20875156
10837,0.20875156
31657,0.49668834
8780,0.20875156
12933,0.20875156
8897,0.20875156
4752,0.20875156
12256,0.34972963
37623,0.5488107
45188,0.43309024
38593,0.24549836
17251,0.34972963
37112,0.24549836
810,0.20875156
13663,0.20875156
13672,0.20875156
38709,0.24549836
18462,0.20875156
15199,0.49668834
40991,0.32276765
21648,0.20875156
4322,0.20875156
40280,0.24549836
3928,0.34972963
42609,0.43309024
41344,0.43309024
31834,0.24549836
11159,0.20875156
31750,0.24549836
31559,0.24549836
2299,0.20875156
18615,0.20875156
20283,0.20875156
12797,0.34972963
34872,0.24549836
6900,0.20875156
38774,0.24549836
30979,0.24549836
12543,0.20875156
17900,0.34972963
2044,0.20875156
26764,0.20875156
37726,0.24549836
14966,0.49668834
5877,0.34972963
25164,0.20875156
5908,0.20875156
399,0.20875156
27903,0.24549836
42248,0.32276765
4181,0.20875156
32192,0.24549836
16669,0.20875156
30571,0.24549836
28138,0.24549836
34869,0.24549836
20598,0.20875156
5774,0.20875156
36862,0.24549836
35050,0.24549836
24770,0.20875156
7761,0.20875156
35382,0.24549836
38753,0.5488107
39061,0.5488107
14212,0.20875156
36341,0.24549836
8616,0.20875156
6890,0.20875156
30110,0.24549836
33735,0.24549836
18086,0.20875156
37446,0.24549836
8916,0.20875156
42593,0.32276765
30591,0.24549836
7760,0.20875156
15263,0.20875156
38411,0.24549836
26968,0.34972963
16729,0.34972963
8569,0.20875156
1290,0.20875156
6831,0.34972963
21135,0.20875156
21134,0.20875156
31529,0.24549836
2665,0.20875156
14731,0.34972963
22186,0.20875156
44122,0.32276765
6414,0.20875156
44863,0.43309024
24660,0.20875156
30578,0.24549836
12509,0.20875156
21984,0.49668834
34392,0.34972963
29749,0.24549836
44641,0.32276765
27091,0.20875156
44742,0.32276765
34489,0.24549836
16944,0.20875156
40057,0.24549836
10333,0.20875156
14748,0.20875156
15832,0.20875156
33560,0.34972963
25389,0.49668834
36469,0.24549836
17521,0.20875156
10609,0.20875156
8799,0.20875156
35749,0.34972963
44454,0.43309024
744,0.20875156
21469,0.20875156
30482,0.49668834
22324,0.20875156
496,0.20875156
36000,0.34972963
433,0.20875156
40247,0.24549836
18909,0.20875156
30793,0.24549836
5638,0.20875156
27602,0.24549836
27362,0.20875156
35351,0.24549836
14475,0.20875156
21995,0.20875156
44290,0.43309024
9817,0.20875156
31129,0.24549836
37406,0.24549836
26966,0.34972963
10271,0.20875156
38838,0.24549836
12261,0.34972963
29483,0.24549836
1292,0.20875156
344,0.20875156
33310,0.24549836
4057,0.20875156
10156,0.20875156
9426,0.20875156
22132,0.20875156
38111,0.24549836
18910,0.20875156
1472,0.20875156
9849,0.34972963
14802,0.20875156
28284,0.24549836
34094,0.24549836
19505,0.20875156
18306,0.20875156
2643,0.20875156
29076,0.24549836
45114,0.43309024
5993,0.20875156
31658,0.24549836
29718,0.24549836
9315,0.20875156
36537,0.5488107
20620,0.20875156
25411,0.20875156
27545,0.24549836
9063,0.20875156
28287,0.24549836
31205,0.24549836
15775,0.20875156
9516,0.49668834
42878,0.43309024
24499,0.20875156
11466,0.20875156
31384,0.24549836
7772,0.20875156
28619,0.24549836
3991,0.20875156
9930,0.20875156
18601,0.20875156
11130,0.20875156
10693,0.20875156
38834,0.24549836
22758,0.20875156
14771,0.20875156
5041,0.20875156
43394,0.43309024
38232,0.24549836
14102,0.49668834
37944,0.24549836
44283,0.32276765
13344,0.20875156
17392,0.20875156
18588,0.20875156
35075,0.24549836
8689,0.20875156
2004,0.20875156
10327,0.20875156
16879,0.34972963
32393,0.24549836
10351,0.20875156
32704,0.24549836
41975,0.32276765
25823,0.20875156
27049,0.20875156
32554,0.34972963
45015,0.43309024
24817,0.20875156
17267,0.20875156
20343,0.20875156
12464,0.20875156
27922,0.24549836
4529,0.20875156
40455,0.24549836
42345,0.43309024
3699,0.20875156
10879,0.20875156
13939,0.20875156
5767,0.20875156
21212,0.20875156
11292,0.20875156
27865,0.24549836
34230,0.24549836
26064,0.20875156
29289,0.24549836
2616,0.20875156
29275,0.24549836
29805,0.24549836
21649,0.20875156
36768,0.5488107
17450,0.20875156
27334,0.20875156
26093,0.34972963
15153,0.20875156
38929,0.5488107
8030,0.20875156
18882,0.20875156
2939,0.20875156
23138,0.20875156
35568,0.24549836
26367,0.49668834
25534,0.20875156
13625,0.20875156
14462,0.20875156
23130,0.20875156
33913,0.24549836
15236,0.20875156
32143,0.24549836
3332,0.34972963
44110,0.43309024
6001,0.20875156
2020,0.20875156
45163,0.43309024
13289,0.20875156
25195,0.20875156
17044,0.20875156
12580,0.20875156
35979,0.24549836
34774,0.24549836
41698,0.32276765
9076,0.34972963
43362,0.43309024
43658,0.32276765
41429,0.5488107
33073,0.24549836
38636,0.24549836
23579,0.20875156
12233,0.20875156
7843,0.20875156
34700,0.24549836
17209,0.20875156
30822,0.24549836
16161,0.20875156
36104,0.24549836
8058,0.34972963
15323,0.20875156
7139,0.20875156
44242,0.43309024
14981,0.20875156
30906,0.24549836
32793,0.24549836
35443,0.24549836
36721,0.24549836
3931,0.20875156
1213,0.20875156
19861,0.20875156
42833,0.43309024
41441,0.5488107
31794,0.24549836
4084,0.20875156
832,0.20875156
27531,0.24549836
458,0.34972963
40676,0.5488107
14397,0.34972963
27798,0.24549836
11362,0.20875156
35534,0.34972963
13655,0.20875156
1167,0.20875156
7775,0.20875156
42679,0.43309024
42185,0.43309024
9171,0.20875156
21717,0.20875156
26767,0.20875156
23687,0.20875156
19665,0.20875156
34969,0.24549836
28437,0.24549836
28135,0.24549836
18385,0.20875156
15563,0.20875156
31149,0.24549836
7348,0.20875156
5552,0.20875156
38174,0.24549836
7926,0.20875156
42334,0.5488107
39469,0.24549836
29714,0.24549836
33127,0.24549836
13006,0.20875156
36817,0.24549836
1983,0.20875156
23235,0.20875156
8322,0.20875156
34722,0.24549836
41741,0.32276765
24630,0.20875156
30586,0.24549836
22190,0.20875156
646,0.20875156
33446,0.24549836
27102,0.49668834
12766,0.20875156
42072,0.43309024
26197,0.20875156
39664,0.24549836
565,0.20875156
6598,0.20875156
5900,0.20875156
40578,0.24549836
23356,0.20875156
2355,0.20875156
19060,0.20875156
2471,0.20875156
34951,0.24549836
39949,0.24549836
9441,0.20875156
26236,0.20875156
30028,0.24549836
15479,0.20875156
26728,0.20875156
11820,0.49668834
21404,0.20875156
23621,0.20875156
19428,0.20875156
35675,0.24549836
9707,0.20875156
19365,0.20875156
25740,0.49668834
11627,0.20875156
24522,0.20875156
32571,0.24549836
24419,0.20875156
7860,0.20875156
9031,0.20875156
22889,0.20875156
8522,0.20875156
38001,0.24549836
5059,0.20875156
30779,0.49668834
35920,0.24549836
45096,0.32276765
504,0.20875156
41598,0.32276765
39807,0.5488107
23477,0.20875156
6516,0.20875156
13262,0.34972963
6955,0.20875156
27170,0.20875156
15757,0.20875156
37151,0.24549836
3849,0.20875156
36329,0.24549836
17518,0.20875156
18782,0.20875156
16312,0.20875156
30031,0.24549836
11738,0.20875156
6849,0.20875156
45052,0.32276765
20674,0.20875156
16156,0.20875156
38885,0.24549836
33991,0.24549836
39085,0.24549836
18382,0.20875156
4195,0.34972963
9782,0.20875156
24713,0.20875156
26579,0.20875156
5085,0.20875156
2221,0.20875156
32868,0.24549836
16774,0.20875156
32359,0.24549836
20984,0.20875156
2178,0.20875156
30559,0.24549836
31992,0.24549836
1814,0.20875156
39968,0.24549836
41817,0.43309024
21215,0.34972963
17417,0.20875156
5842,0.20875156
17098,0.20875156
13820,0.20875156
23318,0.20875156
24973,0.20875156
42591,0.5488107
34756,0.34972963
4100,0.20875156
403,0.20875156
2600,0.20875156
39309,0.24549836
30083,0.24549836
6027,0.20875156
30089,0.24549836
16281,0.20875156
16364,0.20875156
21574,0.20875156
27312,0.20875156
4829,0.20875156
16424,0.20875156
1050,0.20875156
43387,0.43309024
8411,0.20875156
32529,0.24549836
17081,0.20875156
158,0.20875156
31207,0.24549836
30074,0.34972963
18899,0.20875156
22652,0.20875156
8035,0.49668834
31510,0.24549836
43550,0.43309024
34668,0.24549836
29149,0.24549836
13091,0.20875156
24600,0.20875156
17634,0.20875156
38854,0.24549836
29930,0.24549836
42935,0.43309024
22732,0.20875156
38301,0.47860748
11574,0.20875156
15276,0.20875156
4676,0.49668834
34702,0.24549836
3967,0.20875156
17559,0.20875156
21871,0.20875156
43924,0.43309024
28292,0.24549836
35530,0.24549836
457,0.20875156
44667,0.43309024
4561,0.20875156
29945,0.24549836
6323,0.20875156
33234,0.24549836
2699,0.20875156
34792,0.49668834
27996,0.24549836
13323,0.20875156
20349,0.20875156
3476,0.20875156
19900,0.20875156
13075,0.20875156
42086,0.43309024
29890,0.24549836
18408,0.20875156
25372,0.20875156
20737,0.34972963
27044,0.20875156
11650,0.20875156
27230,0.20875156
2723,0.20875156
42431,0.43309024
14738,0.20875156
20958,0.20875156
16862,0.20875156
40393,0.24549836
17577,0.20875156
31162,0.24549836
24284,0.20875156
42937,0.43309024
32874,0.24549836
7515,0.20875156
24806,0.20875156
1035,0.49668834
31803,0.24549836
14476,0.20875156
45102,0.43309024
32407,0.34972963
27327,0.20875156
33253,0.24549836
32699,0.49668834
70,0.20875156
28746,0.24549836
31480,0.24549836
11718,0.20875156
13898,0.20875156
2127,0.20875156
14419,0.20875156
43165,0.43309024
37177,0.24549836
25786,0.20875156
16307,0.20875156
35063,0.24549836
12406,0.20875156
36593,0.24549836
3351,0.20875156
1809,0.20875156
729,0.49668834
20965,0.20875156
23026,0.20875156
39448,0.24549836
41206,0.32276765
31103,0.24549836
26589,0.34972963
28976,0.24549836
2744,0.20875156
1477,0.20875156
13991,0.20875156
29692,0.24549836
43181,0.32276765
6619,0.20875156
17369,0.49668834
2826,0.20875156
11812,0.20875156
38019,0.24549836
14424,0.49668834
11005,0.20875156
13329,0.20875156
11212,0.34972963
12333,0.20875156
28114,0.24549836
44300,0.43309024
11075,0.20875156
37893,0.24549836
30165,0.24549836
40589,0.24549836
31312,0.34972963
11776,0.20875156
379,0.20875156
34726,0.24549836
28474,0.24549836
44519,0.43309024
28899,0.24549836
17462,0.20875156
6704,0.20875156
8967,0.20875156
4661,0.20875156
38268,0.24549836
28660,0.24549836
7189,0.49668834
4562,0.49668834
35606,0.24549836
2634,0.20875156
42565,0.43309024
3053,0.20875156
22170,0.20875156
42151,0.32276765
28244,0.49668834
31405,0.24549836
10017,0.20875156
42802,0.43309024
33246,0.24549836
35586,0.24549836
919,0.20875156
27455,0.24549836
43721,0.5488107
33997,0.24549836
285,0.20875156
8667,0.20875156
43223,0.32276765
2476,0.20875156
34254,0.24549836
24403,0.20875156
22837,0.20875156
28101,0.24549836
4161,0.20875156
7718,0.20875156
18441,0.20875156
21291,0.20875156
30820,0.24549836
6235,0.20875156
7267,0.20875156
38645,0.24549836
43494,0.32276765
38269,0.24549836
9825,0.20875156
36225,0.24549836
10072,0.20875156
19077,0.20875156
39443,0.24549836
22951,0.20875156
41379,0.32276765
5141,0.20875156
42998,0.43309024
4835,0.20875156
6409,0.20875156
4131,0.20875156
8198,0.20875156
45038,0.43309024
21068,0.20875156
24457,0.20875156
32128,0.24549836
12291,0.20875156
38894,0.24549836
20089,0.20875156
28918,0.24549836
34655,0.24549836
12894,0.20875156
33518,0.24549836
24909,0.20875156
1979,0.20875156
43614,0.43309024
39741,0.24549836
14852,0.20875156
20583,0.20875156
28323,0.24549836
43705,0.43309024
42842,0.43309024
28498,0.24549836
9371,0.20875156
40194,0.24549836
9927,0.20875156
20625,0.20875156
30119,0.24549836
16468,0.20875156
23122,0.20875156
27146,0.20875156
9090,0.20875156
29953,0.24549836
30924,0.24549836
26588,0.20875156
44700,0.32276765
20353,0.20875156
6562,0.20875156
22221,0.20875156
44277,0.32276765
38931,0.24549836
35114,0.49668834
16795,0.34972963
37887,0.24549836
6868,0.20875156
1152,0.20875156
5101,0.20875156
44291,0.32276765
12730,0.20875156
26017,0.20875156
41654,0.43309024
34359,0.24549836
3386,0.20875156
20367,0.20875156
36018,0.24549836
28529,0.24549836
7393,0.49668834
42857,0.32276765
26648,0.20875156
20392,0.20875156
21224,0.20875156
30252,0.24549836
16527,0.20875156
38751,0.24549836
37327,0.24549836
6699,0.20875156
43724,0.43309024
39836,0.24549836
26624,0.20875156
44871,0.43309024
27192,0.34972963
9210,0.34972963
16743,0.49668834
14082,0.20875156
19783,0.20875156
16973,0.20875156
27054,0.20875156
3147,0.20875156
31857,0.24549836
33629,0.24549836
23810,0.20875156
475,0.49668834
42434,0.43309024
15871,0.20875156
38734,0.24549836
33139,0.24549836
28247,0.24549836
11558,0.20875156
6057,0.20875156
23682,0.20875156
24151,0.20875156
36588,0.24549836
18605,0.20875156
17807,0.20875156
22244,0.20875156
39675,0.24549836
35752,0.24549836
20735,0.34972963
42979,0.43309024
28867,0.24549836
23684,0.20875156
32264,0.24549836
20333,0.20875156
23342,0.20875156
22650,0.20875156
29903,0.24549836
5430,0.20875156
30643,0.24549836
41614,0.43309024
44974,0.43309024
11586,0.20875156
265,0.20875156
6584,0.20875156
16143,0.20875156
2574,0.20875156
222,0.20875156
35414,0.24549836
30605,0.24549836
19675,0.20875156
16728,0.20875156
37871,0.5488107
25395,0.20875156
26607,0.20875156
4968,0.20875156
12783,0.20875156
23546,0.20875156
17792,0.20875156
4761,0.20875156
37676,0.24549836
39216,0.5488107
21275,0.20875156
31452,0.34972963
39809,0.24549836
16984,0.20875156
3803,0.20875156
32700,0.24549836
7215,0.20875156
6628,0.20875156
8815,0.20875156
19073,0.20875156
21740,0.20875156
22517,0.20875156
15354,0.20875156
26085,0.20875156
39844,0.24549836
2259,0.20875156
17274,0.20875156
12007,0.20875156
6508,0.20875156
9769,0.20875156
41261,0.32276765
8937,0.20875156
43446,0.32276765
4146,0.20875156
29240,0.24549836
13337,0.20875156
34967,0.24549836
41108,0.43309024
29078,0.24549836
17762,0.20875156
8467,0.20875156
40039,0.24549836
29319,0.24549836
13817,0.20875156
1030,0.20875156
11591,0.20875156
36102,0.24549836
17141,0.20875156
33678,0.49668834
21133,0.20875156
28422,0.24549836
5607,0.20875156
14908,0.20875156
23161,0.20875156
18481,0.20875156
33251,0.24549836
33083,0.24549836
622,0.20875156
32995,0.24549836
20006,0.20875156
22343,0.20875156
42795,0.43309024
18218,0.20875156
15634,0.20875156
25163,0.20875156
31753,0.34972963
6297,0.20875156
38067,0.24549836
9253,0.20875156
32991,0.24549836
16723,0.20875156
43732,0.5488107
24844,0.20875156
14626,0.20875156
22058,0.20875156
23986,0.20875156
25273,0.20875156
30869,0.24549836
12064,0.20875156
8873,0.20875156
21436,0.20875156
42062,0.5488107
15918,0.20875156
5109,0.34972963
18977,0.20875156
14663,0.20875156
29958,0.24549836
15307,0.20875156
39656,0.24549836
6917,0.20875156
41916,0.32276765
32417,0.24549836
30247,0.24549836
18584,0.20875156
28016,0.24549836
27393,0.20875156
39685,0.24549836
44971,0.43309024
27348,0.20875156
29678,0.24549836
31566,0.24549836
1105,0.20875156
14438,0.20875156
13595,0.20875156
43513,0.43309024
11789,0.20875156
2078,0.20875156
31414,0.24549836
20642,0.20875156
22284,0.20875156
42097,0.32276765
30088,0.24549836
40464,0.24549836
9582,0.20875156
40999,0.43309024
7026,0.20875156
5148,0.34972963
43712,0.5488107
4870,0.20875156
2385,0.20875156
33126,0.24549836
2646,0.20875156
23523,0.20875156
11920,0.20875156
33103,0.24549836
26380,0.20875156
8575,0.20875156
39980,0.5488107
30287,0.24549836
22969,0.20875156
35804,0.24549836
22904,0.20875156
12566,0.20875156
42590,0.32276765
14941,0.20875156
16300,0.20875156
19858,0.20875156
43760,0.43309024
34157,0.24549836
18000,0.20875156
516,0.20875156
32235,0.24549836
6638,0.20875156
19666,0.20875156
15179,0.20875156
3765,0.20875156
30891,0.24549836
6506,0.20875156
15277,0.20875156
8145,0.20875156
24955,0.20875156
41498,0.32276765
17198,0.20875156
9133,0.20875156
16164,0.20875156
12512,0.20875156
29802,0.24549836
5543,0.34972963
17757,0.20875156
4791,0.20875156
38791,0.24549836
22219,0.20875156
19958,0.20875156
7959,0.20875156
2508,0.49668834
23181,0.20875156
39359,0.24549836
4043,0.49668834
3535,0.49668834
16833,0.20875156
39742,0.24549836
38197,0.24549836
8380,0.20875156
17266,0.20875156
16591,0.20875156
25537,0.20875156
29190,0.24549836
15866,0.20875156
30229,0.24549836
9566,0.20875156
9079,0.20875156
17519,0.20875156
38769,0.24549836
29279,0.24549836
17996,0.20875156
35821,0.24549836
28497,0.24549836
11268,0.20875156
12952,0.20875156
582,0.20875156
927,0.20875156
22665,0.20875156
3526,0.20875156
37230,0.24549836
5598,0.20875156
35672,0.24549836
26934,0.20875156
37922,0.24549836
30873,0.24549836
25143,0.20875156
19375,0.20875156
42182,0.43309024
44938,0.43309024
22530,0.34972963
35048,0.24549836
25379,0.20875156
1968,0.20875156
24430,0.20875156
36668,0.24549836
17566,0.20875156
15768,0.20875156
11209,0.20875156
44874,0.32276765
25471,0.20875156
34608,0.24549836
31887,0.34972963
43771,0.43309024
45036,0.5488107
25358,0.20875156
34946,0.34972963
43928,0.32276765
15487,0.20875156
21980,0.20875156
128,0.20875156
42048,0.43309024
38042,0.24549836
14704,0.20875156
4815,0.20875156
11420,0.20875156
23708,0.20875156
20287,0.20875156
19865,0.20875156
30613,0.24549836
35266,0.24549836
10606,0.20875156
40310,0.24549836
26627,0.20875156
24914,0.20875156
37139,0.24549836
34286,0.24549836
10261,0.20875156
16445,0.34972963
15732,0.34972963
38090,0.5488107
36775,0.24549836
22864,0.20875156
14635,0.20875156
5718,0.20875156
24365,0.20875156
33663,0.24549836
24048,0.20875156
19463,0.20875156
25077,0.34972963
34506,0.24549836
12758,0.20875156
28700,0.24549836
4022,0.20875156
43584,0.5488107
16805,0.20875156
17914,0.20875156
7716,0.20875156
10774,0.20875156
9752,0.20875156
25217,0.20875156
44806,0.32276765
14733,0.20875156
19242,0.20875156
10921,0.20875156
21686,0.20875156
35563,0.24549836
10820,0.34972963
39740,0.24549836
8521,0.20875156
44007,0.43309024
26066,0.20875156
569,0.20875156
15926,0.20875156
31450,0.24549836
39843,0.24549836
34646,0.24549836
30343,0.24549836
21882,0.20875156
6530,0.20875156
21042,0.20875156
18705,0.20875156
38956,0.24549836
27446,0.34972963
43968,0.5488107
22366,0.20875156
34859,0.24549836
28176,0.24549836
36480,0.24549836
21721,0.20875156
23634,0.20875156
37379,0.24549836
44244,0.32276765
10344,0.20875156
32496,0.34972963
10407,0.20875156
34362,0.24549836
32176,0.24549836
37709,0.24549836
30745,0.24549836
35314,0.24549836
14592,0.34972963
27371,0.20875156
14760,0.20875156
21316,0.20875156
34326,0.24549836
8494,0.20875156
44106,0.43309024
3109,0.20875156
6934,0.34972963
30056,0.24549836
33848,0.24549836
18098,0.20875156
7611,0.20875156
25774,0.20875156
31183,0.24549836
2822,0.49668834
32280,0.24549836
36855,0.24549836
37659,0.24549836
8746,0.49668834
33472,0.24549836
41757,0.32276765
32756,0.24549836
39508,0.24549836
37806,0.24549836
17015,0.20875156
103,0.20875156
9818,0.20875156
2545,0.20875156
28501,0.24549836
22915,0.20875156
15990,0.20875156
3305,0.20875156
26784,0.20875156
1073,0.20875156
27956,0.24549836
20026,0.34972963
12314,0.34972963
14778,0.20875156
30889,0.24549836
2232,0.20875156
27786,0.24549836
43244,0.43309024
41076,0.43309024
1411,0.20875156
32265,0.24549836
41926,0.43309024
32601,0.24549836
11125,0.20875156
28520,0.24549836
14602,0.20875156
4083,0.20875156
38855,0.24549836
17086,0.20875156
36464,0.24549836
33079,0.24549836
31050,0.24549836
2123,0.20875156
31561,0.24549836
3195,0.34972963
13600,0.20875156
40788,0.43309024
16865,0.49668834
15930,0.20875156
15187,0.20875156
45044,0.43309024
3414,0.34972963
39759,0.24549836
24112,0.20875156
15637,0.20875156
2323,0.20875156
6532,0.20875156
4484,0.20875156
11946,0.34972963
35654,0.24549836
40709,0.24549836
9854,0.20875156
30243,0.24549836
44736,0.5488107
29227,0.24549836
10486,0.34972963
30007,0.24549836
7982,0.20875156
26413,0.20875156
13461,0.20875156
9501,0.20875156
888,0.20875156
18525,0.20875156
28610,0.24549836
29373,0.24549836
9235,0.20875156
4806,0.20875156
36281,0.24549836
7767,0.20875156
22447,0.20875156
11067,0.20875156
18818,0.20875156
27637,0.24549836
30519,0.24549836
31178,0.24549836
25152,0.20875156
14558,0.20875156
42446,0.43309024
16921,0.34972963
36785,0.24549836
24531,0.20875156
38555,0.24549836
11657,0.20875156
22807,0.20875156
41444,0.32276765
1516,0.20875156
34838,0.24549836
2627,0.20875156
1382,0.20875156
28921,0.24549836
15895,0.20875156
1106,0.20875156
17230,0.20875156
8949,0.20875156
5171,0.34972963
1720,0.20875156
19134,0.20875156
3613,0.20875156
9391,0.20875156
16179,0.20875156
23329,0.20875156
29337,0.24549836
319,0.20875156
19442,0.20875156
21810,0.20875156
37059,0.24549836
38881,0.24549836
34246,0.24549836
28472,0.24549836
36058,0.24549836
42044,0.5488107
41866,0.32276765
9159,0.20875156
14654,0.20875156
4065,0.20875156
21409,0.20875156
31886,0.24549836
11013,0.20875156
28078,0.24549836
36639,0.24549836
3432,0.20875156
43011,0.43309024
8683,0.20875156
33660,0.24549836
10505,0.20875156
18495,0.20875156
14943,0.20875156
42186,0.43309024
36577,0.24549836
41366,0.43309024
8378,0.20875156
6726,0.34972963
12268,0.20875156
34160,0.49668834
43932,0.32276765
7967,0.20875156
30647,0.24549836
33402,0.24549836
20073,0.20875156
19499,0.20875156
33005,0.24549836
23225,0.20875156
23891,0.20875156
36567,0.24549836
20366,0.20875156
11002,0.20875156
42526,0.32276765
32233,0.24549836
34258,0.24549836
30683,0.24549836
22354,0.20875156
3361,0.20875156
28964,0.24549836
16780,0.34972963
35054,0.24549836
44084,0.43309024
38378,0.24549836
4466,0.20875156
29951,0.24549836
31616,0.24549836
26209,0.34972963
1514,0.20875156
44226,0.43309024
41678,0.32276765
28966,0.24549836
29134,0.34972963
20882,0.20875156
7476,0.20875156
6304,0.20875156
24311,0.20875156
2771,0.20875156
5056,0.49668834
41061,0.43309024
21687,0.20875156
27959,0.24549836
42351,0.43309024
11559,0.20875156
28588,0.24549836
22445,0.20875156
41886,0.43309024
7717,0.34972963
6303,0.20875156
16693,0.49668834
18626,0.49668834
43851,0.32276765
7351,0.20875156
33075,0.24549836
41619,0.43309024
19769,0.20875156
38334,0.24549836
9755,0.20875156
31148,0.24549836
22894,0.20875156
22877,0.20875156
14895,0.20875156
37758,0.24549836
45058,0.43309024
33284,0.24549836
14919,0.20875156
1373,0.34972963
29453,0.24549836
31095,0.24549836
27521,0.24549836
12798,0.20875156
5172,0.20875156
29784,0.24549836
33851,0.24549836
64,0.20875156
25035,0.20875156
9328,0.20875156
31985,0.24549836
34073,0.24549836
34200,0.24549836
3117,0.20875156
201,0.34972963
31099,0.24549836
8515,0.20875156
8207,0.20875156
29623,0.24549836
44939,0.5488107
24826,0.20875156
8155,0.20875156
14414,0.20875156
30457,0.24549836
40174,0.24549836
21295,0.20875156
37208,0.24549836
17078,0.20875156
33423,0.24549836
18054,0.20875156
40151,0.24549836
43409,0.43309024
2006,0.20875156
9065,0.20875156
37877,0.24549836
5083,0.20875156
26116,0.20875156
15872,0.20875156
12236,0.20875156
41445,0.43309024
5555,0.20875156
34080,0.24549836
36027,0.24549836
32204,0.24549836
4217,0.20875156
1081,0.20875156
40567,0.24549836
22503,0.34972963
3371,0.20875156
28017,0.24549836
25111,0.20875156
28844,0.24549836
17184,0.20875156
18314,0.20875156
45180,0.43309024
20171,0.20875156
10179,0.20875156
34548,0.24549836
15099,0.20875156
14342,0.20875156
9479,0.34972963
24349,0.20875156
3198,0.20875156
23532,0.20875156
38135,0.24549836
4727,0.20875156
36397,0.24549836
15007,0.20875156
13592,0.20875156
43567,0.32276765
28026,0.24549836
12354,0.20875156
30350,0.24549836
1651,0.20875156
9121,0.20875156
22685,0.20875156
39289,0.24549836
14178,0.20875156
16543,0.20875156
18142,0.20875156
40909,0.43309024
20692,0.49668834
15518,0.20875156
25054,0.20875156
8164,0.20875156
42918,0.43309024
24780,0.20875156
26829,0.20875156
37452,0.5488107
26677,0.20875156
20170,0.20875156
11408,0.20875156
27519,0.34972963
8363,0.20875156
9073,0.20875156
34852,0.24549836
4867,0.49668834
37526,0.24549836
24166,0.20875156
31847,0.49668834
11241,0.20875156
13300,0.20875156
35868,0.24549836
17026,0.20875156
22313,0.20875156
36720,0.24549836
30686,0.24549836
38887,0.24549836
39939,0.24549836
18753,0.20875156
29130,0.24549836
36203,0.24549836
520,0.20875156
30782,0.24549836
8163,0.20875156
27417,0.24549836
30345,0.49668834
16254,0.20875156
39187,0.24549836
21536,0.20875156
4340,0.20875156
19171,0.20875156
21297,0.20875156
40605,0.24549836
1444,0.20875156
3138,0.20875156
9113,0.20875156
39099,0.5488107
35230,0.24549836
4672,0.20875156
36059,0.24549836
43681,0.43309024
5019,0.20875156
45151,0.43309024
34991,0.24549836
29654,0.24549836
27559,0.34972963
39866,0.24549836
36869,0.24549836
7831,0.20875156
27442,0.24549836
7314,0.20875156
10161,0.20875156
29574,0.24549836
15021,0.20875156
14285,0.20875156
4396,0.20875156
32337,0.24549836
3353,0.20875156
44132,0.32276765
25140,0.20875156
4797,0.20875156
5821,0.20875156
4279,0.20875156
12452,0.20875156
32173,0.24549836
30494,0.24549836
670,0.20875156
38079,0.24549836
6247,0.20875156
16573,0.20875156
6221,0.20875156
34884,0.24549836
18502,0.20875156
27991,0.24549836
31113,0.24549836
35342,0.24549836
6728,0.20875156
31928,0.24549836
32188,0.24549836
11166,0.20875156
5637,0.20875156
28778,0.24549836
21558,0.20875156
37304,0.24549836
16150,0.20875156
4833,0.20875156
42806,0.32276765
32110,0.24549836
13353,0.20875156
28328,0.24549836
25178,0.20875156
9965,0.20875156
4938,0.20875156
3034,0.20875156
3589,0.20875156
42736,0.43309024
2412,0.20875156
31174,0.24549836
9423,0.20875156
40601,0.24549836
19481,0.20875156
27203,0.20875156
23307,0.20875156
30170,0.24549836
5417,0.20875156
9139,0.20875156
1633,0.20875156
19954,0.20875156
6488,0.20875156
19676,0.20875156
37796,0.24549836
16844,0.20875156
8671,0.20875156
18078,0.20875156
20305,0.20875156
20834,0.34972963
8264,0.20875156
10634,0.20875156
21460,0.34972963
10309,0.20875156
10243,0.20875156
2578,0.20875156
17104,0.20875156
32316,0.24549836
15251,0.20875156
28027,0.24549836
18345,0.20875156
11231,0.34972963
13586,0.20875156
38828,0.24549836
23082,0.20875156
42074,0.43309024
1123,0.20875156
5879,0.20875156
12324,0.34972963
8028,0.20875156
147,0.20875156
34304,0.24549836
36184,0.24549836
26851,0.20875156
4132,0.20875156
14190,0.20875156
20534,0.20875156
18744,0.34972963
15651,0.20875156
39665,0.24549836
10079,0.20875156
4030,0.20875156
29612,0.24549836
23422,0.20875156
8518,0.20875156
11707,0.20875156
3625,0.20875156
28366,0.34972963
23613,0.20875156
33967,0.24549836
13189,0.20875156
23521,0.20875156
39339,0.24549836
38874,0.24549836
27306,0.20875156
22499,0.20875156
16707,0.20875156
12310,0.20875156
19223,0.20875156
43360,0.32276765
2276,0.20875156
6689,0.20875156
13888,0.20875156
24650,0.20875156
35083,0.24549836
33415,0.24549836
3241,0.20875156
17890,0.20875156
6256,0.20875156
6093,0.20875156
10101,0.20875156
44102,0.43309024
22668,0.20875156
1101,0.20875156
14299,0.20875156
2406,0.20875156
5023,0.34972963
17188,0.20875156
10384,0.20875156
27867,0.24549836
31757,0.24549836
22823,0.20875156
20929,0.20875156
2937,0.20875156
42858,0.32276765
5897,0.20875156
20783,0.20875156
34391,0.24549836
20669,0.20875156
15958,0.20875156
22855,0.20875156
32041,0.24549836
40877,0.5488107
6875,0.34972963
3646,0.20875156
37538,0.24549836
33165,0.24549836
44320,0.43309024
9569,0.20875156
21630,0.20875156
32815,0.24549836
200,0.20875156
34378,0.24549836
29931,0.24549836
13114,0.20875156
30788,0.34972963
34490,0.24549836
41092,0.32276765
30145,0.24549836
41328,0.32276765
24393,0.20875156
36839,0.24549836
12643,0.20875156
7540,0.20875156
42147,0.43309024
33761,0.24549836
27424,0.24549836
1549,0.20875156
19942,0.20875156
45211,0.43309024
31698,0.24549836
33682,0.24549836
2511,0.20875156
40658,0.24549836
35518,0.24549836
22094,0.20875156
10849,0.20875156
2656,0.20875156
10482,0.20875156
15018,0.49668834
40790,0.43309024
9310,0.49668834
37360,0.24549836
16767,0.20875156
24908,0.20875156
39379,0.24549836
44305,0.32276765
8177,0.20875156
23284,0.20875156
25831,0.20875156
9509,0.20875156
3504,0.20875156
36750,0.24549836
7610,0.20875156
11347,0.20875156
20540,0.20875156
19014,0.20875156
28326,0.24549836
20607,0.20875156
25548,0.20875156
27241,0.20875156
43716,0.32276765
22749,0.20875156
5730,0.20875156
29458,0.24549836
6773,0.20875156
13512,0.20875156
18271,0.20875156
21434,0.20875156
18012,0.20875156
22365,0.20875156
25377,0.20875156
16722,0.20875156
37697,0.24549836
6499,0.20875156
24490,0.20875156
21818,0.20875156
35956,0.24549836
28955,0.24549836
4088,0.34972963
37122,0.24549836
44456,0.43309024
5386,0.20875156
4342,0.20875156
3336,0.20875156
17077,0.20875156
31053,0.24549836
29467,0.24549836
13460,0.20875156
25994,0.20875156
14942,0.20875156
22993,0.20875156
27739,0.24549836
14840,0.49668834
33162,0.24549836
14613,0.20875156
2651,0.49668834
33977,0.24549836
19995,0.49668834
33252,0.24549836
29652,0.24549836
12443,0.20875156
41767,0.32276765
12176,0.20875156
45105,0.43309024
21385,0.20875156
15771,0.20875156
43170,0.43309024
29410,0.24549836
11139,0.20875156
39532,0.24549836
12967,0.20875156
6240,0.20875156
3406,0.20875156
13601,0.20875156
39486,0.24549836
10005,0.20875156
29367,0.24549836
31058,0.24549836
6445,0.20875156
14346,0.20875156
8252,0.20875156
24895,0.20875156
32690,0.49668834
3860,0.20875156
43974,0.43309024
34256,0.24549836
37134,0.24549836
2986,0.20875156
43908,0.43309024
20959,0.20875156
17207,0.20875156
25176,0.20875156
21568,0.20875156
20782,0.20875156
30299,0.24549836
25121,0.20875156
1554,0.20875156
23183,0.20875156
23030,0.20875156
29002,0.24549836
7010,0.20875156
14876,0.20875156
15702,0.20875156
35306,0.34972963
13065,0.20875156
13675,0.20875156
11567,0.20875156
32710,0.24549836
23609,0.34972963
39802,0.24549836
44991,0.43309024
45143,0.32276765
6193,0.20875156
38849,0.24549836
20192,0.20875156
43068,0.43309024
18134,0.20875156
32084,0.24549836
21615,0.20875156
42854,0.32276765
34533,0.24549836
5932,0.20875156
7044,0.20875156
23416,0.20875156
22704,0.20875156
7939,0.20875156
38652,0.24549836
9761,0.20875156
21348,0.20875156
22810,0.20875156
6476,0.20875156
3813,0.20875156
38425,0.24549836
37345,0.24549836
4335,0.20875156
41074,0.32276765
22272,0.20875156
24925,0.20875156
11029,0.20875156
40988,0.43309024
1401,0.20875156
19368,0.20875156
13622,0.20875156
42657,0.43309024
19573,0.20875156
39164,0.24549836
4018,0.20875156
8107,0.20875156
35677,0.24549836
24869,0.20875156
36236,0.24549836
19587,0.49668834
25017,0.20875156
26901,0.20875156
37159,0.24549836
1341,0.20875156
10306,0.34972963
16700,0.20875156
5914,0.20875156
41925,0.32276765
43519,0.43309024
31799,0.24549836
590,0.20875156
1640,0.20875156
45147,0.32276765
21346,0.20875156
288,0.20875156
40711,0.24549836
37818,0.24549836
31895,0.24549836
28160,0.49668834
15678,0.20875156
25246,0.20875156
29244,0.24549836
2233,0.20875156
28167,0.24549836
11968,0.20875156
21970,0.20875156
15727,0.49668834
41385,0.32276765
971,0.20875156
32895,0.24549836
15106,0.34972963
32949,0.24549836
19028,0.20875156
17528,0.20875156
33792,0.24549836
40636,0.24549836
15894,0.20875156
42270,0.43309024
30376,0.24549836
35838,0.24549836
3008,0.20875156
858,0.34972963
24023,0.20875156
38036,0.24549836
12254,0.20875156
31554,0.24549836
35733,0.34972963
34787,0.24549836
2447,0.20875156
6357,0.20875156
8751,0.20875156
38738,0.24549836
30225,0.34972963
11256,0.20875156
31863,0.24549836
38634,0.24549836
39006,0.24549836
34093,0.24549836
10804,0.20875156
3839,0.34972963
42247,0.43309024
39812,0.24549836
21792,0.20875156
11384,0.20875156
29359,0.24549836
10146,0.34972963
37800,0.24549836
33575,0.24549836
32977,0.34972963
12672,0.20875156
31982,0.24549836
15957,0.20875156
38086,0.24549836
39263,0.24549836
37807,0.48314685
30264,0.24549836
13156,0.49668834
17244,0.20875156
4698,0.20875156
17284,0.20875156
27925,0.24549836
32891,0.24549836
44332,0.43309024
16269,0.20875156
10708,0.20875156
9691,0.20875156
39911,0.24549836
12092,0.20875156
23376,0.20875156
33015,0.24549836
23205,0.49668834
27462,0.24549836
6587,0.20875156
27140,0.20875156
37147,0.24549836
12057,0.34972963
17517,0.20875156
29023,0.24549836
42506,0.32276765
6751,0.20875156
40775,0.32276765
28201,0.24549836
26451,0.20875156
25859,0.20875156
31077,0.24549836
20390,0.20875156
35662,0.24549836
30661,0.24549836
28327,0.24549836
3664,0.20875156
3013,0.20875156
17901,0.20875156
25275,0.20875156
27108,0.20875156
44210,0.43309024
13318,0.34972963
38616,0.24549836
20495,0.20875156
22446,0.20875156
18567,0.20875156
9564,0.20875156
8941,0.34972963
27901,0.24549836
5285,0.20875156
17552,0.20875156
13159,0.20875156
23034,0.20875156
27826,0.24549836
19344,0.20875156
24609,0.20875156
22684,0.20875156
23540,0.20875156
14871,0.34972963
14971,0.20875156
29530,0.24549836
35010,0.24549836
14921,0.20875156
30644,0.24549836
567,0.20875156
20749,0.20875156
43728,0.32276765
45107,0.43309024
27048,0.20875156
41315,0.43309024
37133,0.24549836
43490,0.43309024
21503,0.20875156
39726,0.24549836
13510,0.20875156
37711,0.5488107
16333,0.20875156
34517,0.24549836
26474,0.20875156
28907,0.24549836
21094,0.20875156
23574,0.20875156
17657,0.20875156
20829,0.20875156
35188,0.24549836
2452,0.20875156
36426,0.24549836
37853,0.24549836
26536,0.20875156
40182,0.24549836
23169,0.20875156
18352,0.20875156
28839,0.24549836
31463,0.24549836
33608,0.24549836
38801,0.24549836
25169,0.34972963
29330,0.24549836
11478,0.20875156
34901,0.24549836
35027,0.34972963
9561,0.20875156
33211,0.24549836
2747,0.20875156
42305,0.43309024
13748,0.20875156
5538,0.20875156
34920,0.24549836
18324,0.20875156
41774,0.43309024
12595,0.20875156
23814,0.20875156
43460,0.43309024
6456,0.20875156
4790,0.20875156
30816,0.24549836
36549,0.24549836
16265,0.20875156
14472,0.20875156
31164,0.24549836
42112,0.43309024
10303,0.20875156
33645,0.24549836
9305,0.20875156
31866,0.34972963
7480,0.20875156
1246,0.20875156
14568,0.20875156
42536,0.43309024
26270,0.20875156
2014,0.20875156
11030,0.20875156
36831,0.24549836
39419,0.24549836
32748,0.24549836
10975,0.20875156
11716,0.34972963
4545,0.20875156
43376,0.32276765
2504,0.20875156
18539,0.20875156
8454,0.20875156
44165,0.43309024
14496,0.20875156
10961,0.20875156
39887,0.24549836
42742,0.32276765
676,0.20875156
1517,0.20875156
8326,0.20875156
44548,0.43309024
24793,0.20875156
27640,0.24549836
30072,0.24549836
14532,0.20875156
38091,0.24549836
18176,0.20875156
4218,0.20875156
5487,0.20875156
22451,0.20875156
14166,0.20875156
14830,0.34972963
22845,0.20875156
15950,0.20875156
21470,0.20875156
705,0.20875156
33868,0.24549836
25835,0.20875156
8360,0.20875156
38534,0.24549836
21833,0.20875156
11929,0.20875156
17927,0.34972963
41162,0.32276765
6513,0.20875156
9140,0.20875156
23677,0.20875156
2732,0.20875156
14715,0.20875156
2281,0.20875156
9180,0.20875156
14644,0.34972963
11879,0.20875156
29379,0.24549836
44472,0.32276765
5110,0.20875156
38842,0.24549836
3814,0.34972963
6055,0.20875156
7960,0.20875156
25717,0.20875156
32174,0.24549836
13739,0.20875156
43000,0.43309024
27869,0.24549836
13803,0.20875156
11522,0.20875156
18950,0.20875156
22972,0.20875156
18288,0.20875156
39655,0.24549836
5402,0.20875156
18980,0.20875156
29393,0.24549836
10973,0.20875156
5531,0.20875156
9464,0.20875156
41947,0.5488107
25970,0.20875156
42158,0.43309024
30638,0.24549836
43921,0.43309024
19937,0.20875156
36054,0.24549836
38154,0.47860748
6058,0.20875156
14833,0.34972963
36404,0.24549836
22410,0.34972963
32697,0.24549836
41635,0.32276765
4431,0.20875156
14227,0.20875156
16050,0.20875156
15055,0.20875156
18544,0.20875156
1252,0.20875156
683,0.20875156
28396,0.24549836
28319,0.24549836
30804,0.24549836
35189,0.24549836
7531,0.20875156
39031,0.24549836
19216,0.20875156
44334,0.5488107
35211,0.24549836
35509,0.24549836
387,0.20875156
23635,0.20875156
17765,0.34972963
34277,0.24549836
36973,0.24549836
32243,0.34972963
4940,0.20875156
28873,0.49668834
7465,0.34972963
2328,0.20875156
43887,0.32276765
9318,0.20875156
9442,0.20875156
8458,0.20875156
9124,0.34972963
23458,0.20875156
10143,0.20875156
41459,0.5488107
18262,0.20875156
10230,0.20875156
3837,0.20875156
5666,0.20875156
39539,0.24549836
14409,0.20875156
28782,0.24549836
5532,0.34972963
32442,0.24549836
6884,0.20875156
29520,0.24549836
23203,0.20875156
13187,0.34972963
31814,0.24549836
32600,0.24549836
34603,0.24549836
19943,0.20875156
17800,0.20875156
33581,0.34972963
13477,0.20875156
22291,0.20875156
6422,0.20875156
5207,0.20875156
38389,0.24549836
21690,0.20875156
13033,0.20875156
9296,0.20875156
1284,0.34972963
44682,0.32276765
45119,0.32276765
19312,0.20875156
43098,0.43309024
44392,0.43309024
2223,0.20875156
36500,0.24549836
12135,0.20875156
29468,0.24549836
38432,0.24549836
30018,0.24549836
11491,0.20875156
2961,0.20875156
15766,0.20875156
34939,0.24549836
20066,0.20875156
42260,0.43309024
30738,0.24549836
4416,0.34972963
17083,0.20875156
23429,0.20875156
11397,0.20875156
15380,0.20875156
24747,0.20875156
14825,0.20875156
42908,0.32276765
33457,0.24549836
8998,0.20875156
19568,0.20875156
12042,0.20875156
1756,0.20875156
12963,0.20875156
20078,0.34972963
1421,0.20875156
10843,0.20875156
15585,0.20875156
17507,0.20875156
1428,0.20875156
34575,0.24549836
44643,0.43309024
34494,0.34972963
24917,0.20875156
13929,0.20875156
1094,0.20875156
14940,0.20875156
9153,0.20875156
10916,0.34972963
22772,0.20875156
20081,0.20875156
4617,0.20875156
32721,0.24549836
23044,0.20875156
18393,0.20875156
23294,0.20875156
42092,0.43309024
38299,0.24549836
42218,0.32276765
43905,0.43309024
1049,0.20875156
17576,0.20875156
43383,0.43309024
2119,0.20875156
21587,0.20875156
29258,0.24549836
35545,0.24549836
31282,0.24549836
40530,0.24549836
14499,0.20875156
44197,0.32276765
249,0.20875156
17322,0.20875156
41360,0.32276765
4996,0.20875156
41508,0.32276765
3640,0.34972963
11945,0.20875156
42465,0.32276765
27413,0.24549836
1197,0.20875156
4689,0.20875156
36816,0.24549836
14161,0.49668834
733,0.20875156
14279,0.34972963
7750,0.20875156
22331,0.20875156
29270,0.24549836
41692,0.32276765
28506,0.24549836
42780,0.32276765
27864,0.24549836
14893,0.49668834
19949,0.20875156
43112,0.43309024
8166,0.20875156
4126,0.20875156
37060,0.24549836
17993,0.20875156
6736,0.20875156
43333,0.43309024
30747,0.24549836
7106,0.20875156
4845,0.20875156
6108,0.20875156
3691,0.20875156
44941,0.43309024
23269,0.20875156
37558,0.24549836
40263,0.24549836
25069,0.20875156
7641,0.20875156
40103,0.5488107
13426,0.20875156
37735,0.24549836
5086,0.20875156
26577,0.20875156
24500,0.20875156
17613,0.20875156
23431,0.20875156
14669,0.20875156
21324,0.20875156
21193,0.20875156
30437,0.24549836
9514,0.20875156
17249,0.20875156
27485,0.24549836
4251,0.20875156
22798,0.20875156
38157,0.24549836
41804,0.32276765
41219,0.32276765
37819,0.24549836
43896,0.32276765
4864,0.20875156
3131,0.20875156
1294,0.20875156
6265,0.20875156
44962,0.43309024
18355,0.20875156
24684,0.20875156
23335,0.20875156
12698,0.20875156
20759,0.34972963
37654,0.24549836
20248,0.20875156
14354,0.34972963
15776,0.49668834
28667,0.24549836
27673,0.24549836
19270,0.20875156
19464,0.20875156
15483,0.34972963
22239,0.20875156
37158,0.24549836
11895,0.20875156
12360,0.34972963
42563,0.43309024
9419,0.20875156
17938,0.20875156
4691,0.20875156
23813,0.20875156
7274,0.20875156
15077,0.20875156
16683,0.20875156
11989,0.20875156
22614,0.20875156
8319,0.20875156
4541,0.20875156
3244,0.20875156
19184,0.20875156
6629,0.20875156
31525,0.24549836
26393,0.20875156
44829,0.43309024
32482,0.24549836
12914,0.20875156
12940,0.20875156
41976,0.32276765
23739,0.20875156
4028,0.20875156
7096,0.20875156
28808,0.24549836
41178,0.43309024
31259,0.24549836
8497,0.20875156
21949,0.20875156
24580,0.20875156
12210,0.20875156
41141,0.43309024
13055,0.20875156
18642,0.20875156
34833,0.34972963
30547,0.24549836
20526,0.20875156
9252,0.20875156
31933,0.34972963
1669,0.20875156
21708,0.20875156
31780,0.24549836
29166,0.24549836
25361,0.20875156
3827,0.20875156
41194,0.32276765
907,0.20875156
24553,0.20875156
23607,0.20875156
39852,0.24549836
44650,0.32276765
33981,0.24549836
44078,0.32276765
14779,0.20875156
26035,0.20875156
39426,0.24549836
12201,0.20875156
10166,0.20875156
5168,0.20875156
11172,0.20875156
15228,0.20875156
27622,0.24549836
31668,0.24549836
27331,0.34972963
24633,0.20875156
12378,0.20875156
32116,0.34972963
20164,0.20875156
30435,0.24549836
4369,0.20875156
8797,0.20875156
1499,0.20875156
24460,0.20875156
24184,0.20875156
38841,0.24549836
6295,0.20875156
2950,0.20875156
39266,0.24549836
40162,0.24549836
6975,0.20875156
34203,0.24549836
7388,0.20875156
27472,0.24549836
15733,0.34972963
13689,0.20875156
23932,0.20875156
18854,0.20875156
42621,0.43309024
42130,0.5488107
3581,0.34972963
18986,0.20875156
23750,0.20875156
37636,0.24549836
9397,0.20875156
31121,0.24549836
27150,0.20875156
25321,0.20875156
18051,0.20875156
19585,0.20875156
37187,0.24549836
40539,0.24549836
3158,0.20875156
39607,0.24549836
33984,0.24549836
7312,0.20875156
4353,0.20875156
9231,0.20875156
35013,0.24549836
39112,0.24549836
34553,0.24549836
30741,0.24549836
5132,0.20875156
15287,0.34972963
40019,0.24549836
39547,0.24549836
22544,0.20875156
44363,0.43309024
36666,0.24549836
33357,0.24549836
8489,0.20875156
34182,0.24549836
17904,0.34972963
37728,0.24549836
20781,0.20875156
21806,0.20875156
40595,0.24549836
43987,0.32276765
13558,0.20875156
28373,0.24549836
31197,0.24549836
7684,0.34972963
17332,0.20875156
31611,0.24549836
20385,0.20875156
32374,0.34972963
38489,0.24549836
2987,0.20875156
21365,0.20875156
27795,0.24549836
41165,0.5488107
45053,0.43309024
12168,0.20875156
41867,0.43309024
12346,0.34972963
7031,0.20875156
4002,0.49668834
36334,0.24549836
2273,0.20875156
39335,0.24549836
27844,0.24549836
5752,0.20875156
35547,0.24549836
20323,0.20875156
16196,0.34972963
33129,0.24549836
4323,0.20875156
38703,0.24549836
26995,0.20875156
16488,0.20875156
44351,0.43309024
2558,0.20875156
10318,0.20875156
23412,0.20875156
26067,0.20875156
13094,0.20875156
23943,0.20875156
38468,0.24549836
27238,0.20875156
37917,0.24549836
874,0.20875156
8618,0.20875156
1361,0.20875156
7300,0.20875156
19582,0.20875156
23364,0.20875156
18968,0.20875156
1505,0.20875156
38823,0.24549836
20404,0.20875156
14185,0.20875156
15014,0.20875156
27538,0.24549836
12416,0.20875156
10037,0.20875156
13088,0.34972963
31422,0.24549836
20566,0.20875156
7165,0.34972963
38829,0.24549836
36313,0.24549836
34250,0.24549836
44439,0.43309024
17185,0.20875156
18599,0.20875156
4681,0.20875156
4075,0.20875156
267,0.20875156
43078,0.43309024
2098,0.20875156
13998,0.20875156
297,0.20875156
37426,0.24549836
40299,0.24549836
8806,0.20875156
20135,0.20875156
31543,0.24549836
27484,0.24549836
23313,0.20875156
25805,0.20875156
6252,0.20875156
4006,0.20875156
8796,0.20875156
4184,0.20875156
17833,0.20875156
6860,0.20875156
10709,0.20875156
11689,0.20875156
17611,0.20875156
1414,0.20875156
33491,0.24549836
31107,0.34972963
25538,0.20875156
21513,0.20875156
30079,0.24549836
24335,0.20875156
11931,0.34972963
13734,0.20875156
41189,0.32276765
1225,0.20875156
12961,0.20875156
22932,0.20875156
30537,0.24549836
20946,0.20875156
10087,0.20875156
8957,0.20875156
14368,0.20875156
15609,0.20875156
20316,0.20875156
8416,0.20875156
32731,0.24549836
36974,0.24549836
39361,0.47860748
23143,0.20875156
44926,0.32276765
32823,0.24549836
18741,0.20875156
19007,0.34972963
22516,0.20875156
12850,0.20875156
35110,0.24549836
32480,0.24549836
30639,0.24549836
7118,0.20875156
5630,0.20875156
33462,0.24549836
3343,0.20875156
31172,0.24549836
38696,0.24549836
38918,0.24549836
19405,0.20875156
34152,0.24549836
10188,0.20875156
43625,0.43309024
3686,0.20875156
6413,0.34972963
2919,0.20875156
31909,0.24549836
24452,0.20875156
19864,0.20875156
27725,0.24549836
11280,0.20875156
23988,0.20875156
34623,0.24549836
42604,0.5488107
8233,0.20875156
19778,0.34972963
34137,0.24549836
21977,0.34972963
40858,0.32276765
9781,0.20875156
12807,0.20875156
20658,0.20875156
3952,0.20875156
1984,0.20875156
6809,0.20875156
12709,0.20875156
37199,0.24549836
15327,0.20875156
42409,0.5488107
29651,0.34972963
23132,0.20875156
5968,0.20875156
24068,0.20875156
32569,0.24549836
36945,0.24549836
31596,0.24549836
30101,0.24549836
14829,0.20875156
44512,0.32276765
11740,0.49668834
44518,0.43309024
8831,0.20875156
20359,0.20875156
36452,0.24549836
31646,0.24549836
22052,0.20875156
34356,0.24549836
33230,0.34972963
11258,0.20875156
41994,0.32276765
44131,0.32276765
701,0.20875156
39352,0.47860748
9388,0.20875156
13527,0.34972963
40268,0.24549836
5922,0.34972963
5318,0.20875156
23123,0.20875156
30366,0.24549836
8267,0.20875156
13526,0.20875156
11500,0.20875156
35126,0.24549836
1605,0.20875156
33134,0.24549836
36258,0.24549836
8430,0.20875156
21976,0.20875156
26510,0.20875156
38531,0.24549836
4553,0.20875156
28407,0.24549836
1352,0.20875156
25619,0.20875156
37390,0.24549836
25500,0.20875156
5741,0.20875156
30175,0.34972963
40863,0.47860748
15985,0.20875156
22609,0.20875156
41849,0.43309024
32436,0.34972963
7819,0.34972963
13492,0.20875156
11813,0.20875156
20839,0.20875156
31720,0.24549836
27160,0.20875156
39910,0.24549836
17628,0.20875156
3157,0.20875156
1031,0.20875156
26634,0.20875156
42020,0.32276765
16783,0.34972963
22833,0.20875156
6729,0.20875156
39653,0.24549836
41666,0.43309024
32992,0.49668834
27242,0.20875156
31286,0.24549836
16699,0.20875156
31043,0.24549836
31959,0.24549836
5352,0.20875156
12114,0.20875156
35042,0.24549836
3380,0.20875156
5553,0.49668834
34843,0.24549836
27130,0.20875156
19840,0.34972963
8739,0.20875156
30233,0.24549836
43246,0.43309024
18970,0.20875156
5714,0.20875156
9901,0.49668834
44827,0.43309024
36900,0.24549836
13443,0.20875156
15309,0.20875156
35339,0.24549836
44348,0.43309024
2706,0.20875156
42236,0.43309024
15503,0.20875156
6300,0.20875156
14596,0.20875156
14112,0.20875156
110,0.34972963
42905,0.32276765
44498,0.43309024
16919,0.20875156
34018,0.24549836
30513,0.24549836
25600,0.20875156
14684,0.20875156
22356,0.20875156
11588,0.20875156
23287,0.20875156
25556,0.20875156
8770,0.20875156
15644,0.20875156
28862,0.24549836
36921,0.24549836
28911,0.24549836
15368,0.20875156
31436,0.24549836
17029,0.34972963
8414,0.20875156
3141,0.49668834
975,0.20875156
40076,0.24549836
35319,0.24549836
29161,0.24549836
14861,0.20875156
17873,0.20875156
2066,0.20875156
14674,0.20875156
22922,0.20875156
39670,0.24549836
678,0.20875156
37751,0.24549836
32547,0.24549836
14676,0.20875156
20151,0.20875156
32623,0.24549836
35791,0.24549836
14162,0.20875156
2492,0.20875156
34096,0.49668834
4540,0.20875156
15961,0.20875156
44114,0.43309024
12864,0.49668834
19113,0.49668834
23629,0.20875156
37672,0.24549836
21820,0.20875156
10686,0.20875156
13694,0.20875156
5374,0.20875156
30102,0.24549836
16871,0.20875156
4715,0.20875156
44865,0.32276765
1440,0.20875156
4548,0.20875156
33337,0.24549836
30974,0.24549836
4320,0.20875156
32301,0.24549836
34368,0.24549836
44167,0.32276765
17018,0.20875156
40854,0.43309024
29973,0.24549836
32590,0.24549836
43146,0.43309024
25029,0.20875156
29313,0.24549836
33550,0.24549836
36333,0.24549836
35175,0.24549836
20525,0.20875156
26980,0.20875156
26582,0.20875156
38438,0.24549836
4939,0.20875156
21991,0.20875156
1878,0.20875156
29611,0.24549836
18576,0.20875156
4719,0.20875156
20399,0.20875156
4437,0.20875156
9779,0.20875156
17962,0.20875156
26905,0.20875156
15765,0.34972963
9015,0.20875156
33646,0.24549836
35587,0.24549836
37583,0.24549836
29514,0.24549836
42826,0.43309024
7630,0.20875156
26389,0.34972963
12289,0.20875156
14922,0.49668834
24288,0.20875156
16225,0.20875156
23039,0.20875156
28040,0.24549836
9810,0.20875156
23747,0.20875156
13575,0.34972963
35893,0.24549836
41177,0.43309024
21474,0.20875156
17727,0.20875156
24976,0.20875156
44396,0.5488107
36122,0.24549836
33823,0.24549836
42967,0.43309024
36457,0.49668834
30182,0.24549836
30740,0.24549836
37287,0.24549836
5682,0.20875156
29967,0.24549836
26929,0.20875156
42381,0.43309024
24696,0.20875156
25562,0.49668834
19768,0.20875156
4034,0.20875156
8992,0.20875156
17189,0.20875156
11494,0.20875156
39312,0.24549836
17070,0.20875156
14855,0.20875156
6987,0.49668834
44489,0.32276765
28794,0.24549836
34244,0.24549836
28528,0.24549836
8005,0.20875156
44877,0.43309024
1766,0.20875156
12934,0.20875156
44750,0.43309024
9330,0.20875156
42516,0.5488107
42295,0.32276765
27762,0.34972963
19844,0.20875156
8558,0.20875156
33725,0.24549836
44633,0.43309024
38094,0.24549836
37272,0.24549836
32955,0.49668834
23999,0.20875156
35647,0.24549836
3124,0.20875156
15878,0.20875156
41964,0.43309024
36792,0.24549836
24291,0.20875156
34500,0.24549836
41294,0.43309024
13188,0.20875156
25179,0.20875156
26775,0.34972963
19880,0.20875156
12142,0.20875156
19698,0.20875156
1199,0.49668834
10846,0.20875156
26392,0.20875156
2843,0.20875156
2910,0.20875156
22289,0.20875156
14740,0.34972963
4219,0.20875156
17315,0.20875156
18717,0.20875156
41733,0.32276765
4877,0.20875156
5712,0.20875156
16602,0.20875156
5275,0.20875156
7687,0.20875156
928,0.20875156
3171,0.49668834
19867,0.20875156
1083,0.20875156
15798,0.20875156
9333,0.20875156
663,0.20875156
3483,0.20875156
17797,0.20875156
44054,0.32276765
33969,0.34972963
20180,0.20875156
36084,0.24549836
6428,0.20875156
30146,0.24549836
36871,0.24549836
11342,0.20875156
44758,0.43309024
16146,0.49668834
6881,0.20875156
23369,0.20875156
31070,0.24549836
39238,0.24549836
3540,0.49668834
33429,0.24549836
27294,0.20875156
26226,0.20875156
25134,0.20875156
12803,0.20875156
28315,0.24549836
23784,0.20875156
23081,0.20875156
20100,0.20875156
11682,0.20875156
22673,0.20875156
30220,0.24549836
41157,0.5488107
41461,0.32276765
37156,0.24549836
17317,0.20875156
38656,0.24549836
31395,0.24549836
19656,0.20875156
26778,0.20875156
11659,0.20875156
2432,0.20875156
1334,0.20875156
6939,0.20875156
20999,0.20875156
9875,0.20875156
44919,0.32276765
43305,0.43309024
2875,0.20875156
8996,0.20875156
9962,0.20875156
29896,0.49668834
25320,0.20875156
26613,0.34972963
23228,0.20875156
36360,0.24549836
6080,0.20875156
2129,0.20875156
25854,0.20875156
6566,0.49668834
40633,0.24549836
25919,0.20875156
28547,0.24549836
2285,0.20875156
18329,0.20875156
3102,0.20875156
10688,0.20875156
16252,0.20875156
29232,0.24549836
13927,0.34972963
20860,0.49668834
38935,0.24549836
5227,0.20875156
18680,0.20875156
2709,0.20875156
34321,0.24549836
27628,0.24549836
43213,0.43309024
3497,0.20875156
24783,0.34972963
42502,0.43309024
23957,0.20875156
25494,0.20875156
32437,0.24549836
3132,0.20875156
29557,0.24549836
34334,0.24549836
15900,0.20875156
3389,0.20875156
42953,0.32276765
1124,0.20875156
33302,0.24549836
27090,0.20875156
27910,0.24549836
40684,0.24549836
34226,0.24549836
37176,0.24549836
17312,0.20875156
21328,0.20875156
24001,0.20875156
1305,0.20875156
8131,0.20875156
29632,0.24549836
13760,0.20875156
32511,0.24549836
18799,0.20875156
3590,0.34972963
15730,0.20875156
3582,0.20875156
2139,0.34972963
34120,0.24549836
22843,0.20875156
36551,0.24549836
15073,0.20875156
32929,0.24549836
14639,0.34972963
7746,0.20875156
39516,0.24549836
40010,0.24549836
11985,0.20875156
1804,0.20875156
28460,0.24549836
5032,0.20875156
19750,0.20875156
43162,0.43309024
13744,0.20875156
6853,0.20875156
4296,0.20875156
43984,0.43309024
36950,0.24549836
25918,0.20875156
23501,0.20875156
37286,0.41364262
39506,0.24549836
18406,0.20875156
5999,0.20875156
33826,0.24549836
12034,0.20875156
44204,0.43309024
41651,0.5488107
37787,0.24549836
21514,0.20875156
38673,0.24549836
25736,0.20875156
43014,0.43309024
2684,0.20875156
43044,0.43309024
13121,0.20875156
31063,0.24549836
18007,0.34972963
43530,0.43309024
31855,0.24549836
8708,0.20875156
11801,0.20875156
9945,0.20875156
44705,0.43309024
7450,0.20875156
41543,0.43309024
19453,0.20875156
14881,0.20875156
9012,0.20875156
30192,0.34972963
7326,0.20875156
1657,0.20875156
19595,0.20875156
6956,0.20875156
31641,0.24549836
42476,0.43309024
23531,0.20875156
21084,0.20875156
35150,0.24549836
16448,0.20875156
25729,0.20875156
21247,0.20875156
1431,0.20875156
35824,0.24549836
16628,0.34972963
17265,0.20875156
20765,0.20875156
17005,0.20875156
25087,0.20875156
37543,0.24549836
13865,0.20875156
33934,0.34972963
34446,0.24549836
30884,0.24549836
7161,0.20875156
12026,0.20875156
40159,0.24549836
30129,0.24549836
8713,0.34972963
9078,0.20875156
35813,0.24549836
36555,0.24549836
43293,0.32276765
7900,0.20875156
41043,0.32276765
17658,0.20875156
34582,0.24549836
24842,0.20875156
14377,0.20875156
44224,0.32276765
1767,0.20875156
5782,0.20875156
27706,0.24549836
34454,0.24549836
3364,0.20875156
38970,0.24549836
38025,0.24549836
1493,0.20875156
7007,0.20875156
13947,0.20875156
10035,0.20875156
4338,0.20875156
33863,0.24549836
14749,0.49668834
6220,0.20875156
40480,0.24549836
3071,0.20875156
37140,0.24549836
8914,0.20875156
26883,0.20875156
11402,0.20875156
22316,0.20875156
35598,0.24549836
2056,0.20875156
18243,0.20875156
39955,0.24549836
25055,0.20875156
1301,0.20875156
42035,0.43309024
33027,0.24549836
26603,0.34972963
9895,0.20875156
42003,0.43309024
29034,0.24549836
32800,0.24549836
28214,0.24549836
20605,0.20875156
28043,0.49668834
7887,0.20875156
9482,0.20875156
21711,0.20875156
24621,0.34972963
7248,0.20875156
28775,0.24549836
10145,0.20875156
21746,0.20875156
28282,0.24549836
31006,0.24549836
941,0.20875156
6725,0.20875156
19136,0.20875156
30767,0.24549836
16275,0.34972963
25731,0.20875156
44306,0.43309024
42184,0.43309024
33729,0.24549836
34643,0.49668834
43065,0.43309024
44028,0.43309024
13828,0.20875156
22197,0.20875156
23066,0.20875156
4167,0.20875156
327,0.20875156
42801,0.32276765
15395,0.20875156
2296,0.20875156
9072,0.20875156
15049,0.34972963
22964,0.20875156
26043,0.20875156
24533,0.20875156
17277,0.20875156
43706,0.43309024
5793,0.20875156
31896,0.24549836
19430,0.20875156
22460,0.20875156
19894,0.20875156
1764,0.34972963
295,0.20875156
12821,0.20875156
20412,0.20875156
42847,0.43309024
14915,0.20875156
23992,0.20875156
37107,0.5488107
37698,0.24549836
14866,0.20875156
11571,0.20875156
34213,0.24549836
40422,0.47860748
31637,0.24549836
29265,0.24549836
32336,0.24549836
11566,0.20875156
26102,0.20875156
13119,0.20875156
20891,0.49668834
33197,0.24549836
8417,0.20875156
15868,0.20875156
22217,0.20875156
22215,0.20875156
27895,0.24549836
35226,0.24549836
2632,0.20875156
8189,0.20875156
41905,0.43309024
31949,0.24549836
9888,0.20875156
13685,0.34972963
18391,0.20875156
34778,0.24549836
3042,0.20875156
8878,0.20875156
39142,0.24549836
39522,0.5488107
7034,0.20875156
35000,0.24549836
7082,0.20875156
25080,0.20875156
34552,0.24549836
7783,0.20875156
28069,0.24549836
30372,0.34972963
15321,0.20875156
44207,0.32276765
35984,0.24549836
42708,0.32276765
24040,0.20875156
15292,0.20875156
14311,0.20875156
36365,0.24549836
19065,0.20875156
3876,0.20875156
38537,0.24549836
23847,0.20875156
9486,0.20875156
23472,0.34972963
7675,0.49668834
35829,0.24549836
43440,0.43309024
9040,0.20875156
25245,0.20875156
12682,0.20875156
20909,0.20875156
4840,0.20875156
29178,0.24549836
17008,0.20875156
5882,0.20875156
41720,0.32276765
26521,0.20875156
31513,0.24549836
8781,0.20875156
29916,0.24549836
2092,0.20875156
44479,0.32276765
40705,0.24549836
38857,0.24549836
42890,0.5488107
6423,0.20875156
10652,0.20875156
23564,0.20875156
25952,0.34972963
41035,0.43309024
22824,0.20875156
13268,0.20875156
39998,0.24549836
13857,0.34972963
34547,0.24549836
4701,0.20875156
40326,0.24549836
14322,0.20875156
35691,0.24549836
40947,0.32276765
6202,0.20875156
39796,0.24549836
43302,0.43309024
22142,0.20875156
20409,0.20875156
5798,0.34972963
5097,0.20875156
25897,0.20875156
21228,0.20875156
42900,0.32276765
13214,0.20875156
28650,0.24549836
23918,0.20875156
6209,0.20875156
11063,0.20875156
4649,0.20875156
1786,0.20875156
17103,0.20875156
19874,0.20875156
42798,0.43309024
29384,0.24549836
35349,0.24549836
44751,0.43309024
19611,0.20875156
42203,0.43309024
6446,0.20875156
32989,0.24549836
24644,0.34972963
5357,0.20875156
4103,0.20875156
35916,0.24549836
916,0.20875156
9567,0.20875156
12035,0.20875156
42893,0.32276765
44983,0.43309024
30313,0.24549836
6620,0.20875156
29042,0.24549836
2152,0.20875156
29542,0.24549836
7158,0.20875156
35233,0.24549836
39169,0.47860748
11421,0.49668834
38307,0.24549836
7265,0.20875156
22853,0.20875156
8769,0.20875156
15111,0.20875156
39776,0.24549836
20622,0.34972963
10510,0.20875156
4459,0.20875156
10616,0.20875156
20515,0.20875156
39449,0.24549836
10368,0.20875156
25933,0.49668834
24304,0.20875156
22114,0.20875156
18279,0.20875156
4026,0.20875156
2687,0.20875156
35820,0.24549836
39792,0.24549836
40217,0.24549836
8475,0.20875156
11564,0.20875156
18281,0.20875156
29697,0.24549836
18547,0.20875156
31914,0.24549836
17302,0.20875156
12631,0.20875156
29824,0.34972963
15994,0.20875156
7206,0.20875156
11781,0.20875156
43804,0.43309024
44341,0.43309024
35272,0.24549836
23586,0.20875156
17581,0.20875156
27449,0.24549836
16542,0.20875156
5874,0.20875156
25012,0.20875156
14637,0.20875156
40889,0.32276765
6469,0.20875156
42288,0.43309024
14089,0.34972963
417,0.20875156
8426,0.20875156
18654,0.20875156
22475,0.20875156
20980,0.20875156
38517,0.24549836
36948,0.24549836
13854,0.20875156
15822,0.20875156
3176,0.20875156
19426,0.20875156
1868,0.20875156
27596,0.24549836
10845,0.20875156
37382,0.24549836
31727,0.49668834
3002,0.20875156
44634,0.43309024
35969,0.34972963
18609,0.20875156
30009,0.24549836
12636,0.34972963
15944,0.20875156
40664,0.24549836
36899,0.24549836
31255,0.24549836
425,0.20875156
42922,0.43309024
27095,0.20875156
5941,0.20875156
32804,0.24549836
2577,0.20875156
30016,0.24549836
39462,0.24549836
34451,0.24549836
23958,0.20875156
24154,0.20875156
29193,0.24549836
12774,0.20875156
5025,0.34972963
32787,0.24549836
43692,0.43309024
19956,0.20875156
8958,0.20875156
43597,0.43309024
23334,0.20875156
30998,0.24549836
8582,0.20875156
10902,0.20875156
21909,0.20875156
24497,0.20875156
34744,0.24549836
41510,0.5488107
4765,0.20875156
39986,0.24549836
12875,0.20875156
36772,0.24549836
17971,0.20875156
19660,0.20875156
37642,0.24549836
28555,0.24549836
19319,0.20875156
40547,0.24549836
2480,0.20875156
6625,0.20875156
32566,0.24549836
26554,0.20875156
20666,0.20875156
29685,0.24549836
2943,0.20875156
34793,0.24549836
40624,0.24549836
19465,0.20875156
10366,0.20875156
880,0.20875156
27461,0.24549836
2949,0.20875156
3615,0.20875156
36111,0.49668834
5088,0.20875156
18179,0.20875156
35797,0.24549836
2398,0.20875156
39691,0.24549836
11322,0.20875156
31551,0.24549836
1130,0.20875156
5288,0.20875156
18759,0.20875156
3958,0.20875156
44946,0.32276765
35447,0.24549836
42925,0.32276765
39883,0.24549836
21096,0.20875156
17456,0.34972963
5517,0.20875156
27988,0.24549836
19793,0.20875156
17531,0.20875156
44314,0.43309024
6356,0.20875156
6816,0.20875156
3546,0.20875156
14581,0.20875156
1315,0.20875156
15659,0.20875156
41592,0.32276765
3038,0.20875156
28443,0.24549836
1443,0.20875156
10550,0.20875156
462,0.20875156
11404,0.20875156
43628,0.43309024
27383,0.34972963
11498,0.20875156
38165,0.24549836
8900,0.20875156
41941,0.43309024
19701,0.20875156
32097,0.24549836
23694,0.20875156
11630,0.20875156
7987,0.20875156
42166,0.43309024
15603,0.20875156
8669,0.20875156
10052,0.20875156
14033,0.20875156
4143,0.20875156
31683,0.24549836
1217,0.20875156
38006,0.5488107
8975,0.20875156
30948,0.24549836
34857,0.24549836
10547,0.20875156
29142,0.24549836
7807,0.20875156
8856,0.20875156
43694,0.43309024
26888,0.49668834
20016,0.20875156
19379,0.20875156
14708,0.20875156
33387,0.24549836
24271,0.49668834
42560,0.5488107
27847,0.34972963
4807,0.20875156
21074,0.20875156
19222,0.34972963
36323,0.24549836
14541,0.20875156
30268,0.24549836
37786,0.24549836
21730,0.20875156
18156,0.20875156
11521,0.20875156
32020,0.24549836
28330,0.24549836
18912,0.20875156
23234,0.20875156
38493,0.24549836
23647,0.20875156
4056,0.34972963
4309,0.20875156
17297,0.20875156
10851,0.20875156
7525,0.20875156
13605,0.20875156
20612,0.20875156
1729,0.20875156
6271,0.34972963
3682,0.34972963
17561,0.20875156
13260,0.20875156
15032,0.20875156
7615,0.34972963
37391,0.48314685
28708,0.24549836
25816,0.20875156
11113,0.20875156
20021,0.20875156
27440,0.24549836
994,0.20875156
9163,0.20875156
1188,0.20875156
43993,0.43309024
15774,0.20875156
39269,0.24549836
20956,0.20875156
748,0.20875156
34789,0.24549836
9876,0.20875156
30112,0.24549836
12485,0.20875156
24586,0.20875156
6871,0.20875156
19859,0.20875156
43600,0.5488107
39770,0.24549836
6182,0.20875156
19110,0.20875156
22198,0.20875156
29645,0.24549836
25722,0.20875156
43218,0.32276765
26269,0.49668834
31230,0.24549836
25446,0.20875156
42477,0.43309024
15584,0.20875156
3448,0.20875156
41791,0.32276765
30120,0.24549836
33596,0.24549836
38509,0.24549836
34141,0.24549836
7817,0.20875156
33525,0.24549836
1142,0.20875156
26954,0.20875156
1789,0.20875156
30256,0.24549836
38324,0.24549836
16481,0.20875156
42702,0.43309024
36586,0.24549836
21320,0.20875156
13267,0.20875156
32572,0.24549836
6127,0.20875156
42929,0.43309024
35180,0.24549836
896,0.20875156
33044,0.34972963
21398,0.20875156
41966,0.43309024
16037,0.20875156
42310,0.43309024
34382,0.34972963
8908,0.20875156
11677,0.20875156
19560,0.20875156
40741,0.43309024
7000,0.20875156
45083,0.32276765
43001,0.43309024
33223,0.24549836
5839,0.20875156
31593,0.24549836
42200,0.43309024
29334,0.34972963
28802,0.34972963
1966,0.20875156
11135,0.20875156
13047,0.20875156
36126,0.24549836
34753,0.24549836
30460,0.24549836
41322,0.32276765
27341,0.20875156
3716,0.20875156
36807,0.24549836
14039,0.20875156
27981,0.24549836
20295,0.20875156
3905,0.20875156
1386,0.20875156
6381,0.20875156
28066,0.24549836
10586,0.20875156
39862,0.24549836
14229,0.20875156
35773,0.24549836
29549,0.24549836
18101,0.20875156
37047,0.24549836
27580,0.24549836
4546,0.20875156
40931,0.43309024
27557,0.24549836
22781,0.20875156
18096,0.20875156
28968,0.24549836
36351,0.24549836
25197,0.20875156
27632,0.24549836
1070,0.20875156
21510,0.20875156
44366,0.43309024
15074,0.20875156
16924,0.20875156
17306,0.20875156
33346,0.24549836
3533,0.20875156
27255,0.20875156
17053,0.20875156
20268,0.20875156
5073,0.20875156
26631,0.34972963
31155,0.24549836
12364,0.20875156
14183,0.20875156
4363,0.20875156
38023,0.24549836
13772,0.20875156
3170,0.34972963
34632,0.24549836
38336,0.24549836
7110,0.20875156
40890,0.43309024
21357,0.20875156
20458,0.20875156
10220,0.20875156
32985,0.24549836
42267,0.32276765
16026,0.20875156
13974,0.20875156
1832,0.20875156
9601,0.20875156
24830,0.20875156
333,0.20875156
39553,0.24549836
19302,0.20875156
23895,0.20875156
34628,0.24549836
8245,0.20875156
28578,0.24549836
2386,0.20875156
601,0.49668834
33933,0.24549836
24253,0.20875156
7051,0.20875156
15100,0.20875156
12397,0.20875156
19236,0.20875156
8034,0.20875156
7828,0.20875156
10561,0.20875156
32809,0.24549836
30992,0.24549836
21050,0.20875156
8347,0.20875156
34007,0.24549836
37798,0.24549836
9458,0.20875156
5182,0.20875156
27985,0.24549836
10169,0.20875156
24117,0.34972963
2270,0.20875156
18908,0.34972963
17537,0.20875156
25461,0.20875156
21315,0.20875156
3350,0.20875156
34103,0.24549836
44661,0.43309024
43590,0.5488107
14147,0.20875156
5152,0.20875156
43531,0.43309024
23723,0.20875156
39544,0.24549836
19507,0.20875156
31322,0.24549836
13582,0.20875156
12895,0.20875156
19600,0.20875156
36556,0.24549836
23843,0.20875156
42445,0.5488107
29924,0.24549836
35326,0.24549836
9956,0.20875156
42713,0.32276765
13924,0.20875156
35779,0.24549836
35209,0.24549836
39414,0.24549836
1408,0.20875156
38002,0.24549836
30359,0.24549836
29372,0.24549836
9620,0.20875156
24515,0.20875156
2588,0.20875156
29068,0.24549836
11299,0.20875156
8199,0.20875156
29912,0.24549836
17624,0.20875156
5339,0.20875156
6686,0.20875156
16864,0.20875156
36073,0.24549836
13288,0.20875156
8377,0.20875156
4360,0.20875156
33510,0.49668834
37560,0.24549836
31772,0.24549836
30446,0.24549836
3341,0.20875156
41688,0.32276765
35690,0.24549836
40458,0.24549836
13458,0.20875156
15674,0.20875156
44345,0.32276765
35934,0.24549836
18594,0.20875156
2733,0.20875156
5658,0.20875156
23174,0.34972963
32746,0.24549836
24332,0.20875156
8148,0.34972963
5353,0.20875156
37650,0.24549836
34794,0.24549836
30859,0.24549836
28820,0.24549836
3329,0.20875156
15967,0.34972963
4971,0.20875156
14506,0.20875156
18571,0.20875156
28522,0.24549836
36985,0.5488107
10733,0.34972963
9641,0.20875156
19472,0.20875156
4201,0.49668834
23157,0.20875156
39254,0.24549836
9454,0.34972963
31471,0.24549836
1758,0.34972963
6621,0.20875156
23129,0.20875156
3622,0.20875156
3554,0.20875156
44765,0.43309024
17465,0.20875156
7477,0.20875156
18798,0.20875156
40726,0.24549836
24892,0.34972963
30275,0.24549836
41752,0.32276765
37524,0.24549836
17874,0.49668834
34325,0.34972963
1278,0.20875156
16339,0.20875156
5185,0.20875156
13686,0.20875156
25787,0.34972963
36408,0.24549836
4889,0.20875156
28209,0.24549836
19384,0.20875156
15820,0.20875156
9599,0.20875156
4774,0.20875156
3964,0.20875156
23219,0.20875156
13255,0.34972963
6940,0.20875156
24174,0.20875156
12482,0.20875156
23886,0.20875156
17449,0.20875156
22816,0.20875156
18085,0.20875156
8008,0.20875156
30484,0.24549836
31929,0.24549836
14553,0.20875156
13008,0.20875156
25031,0.20875156
15235,0.20875156
13937,0.49668834
6850,0.20875156
16308,0.20875156
39000,0.24549836
43034,0.43309024
5436,0.20875156
40720,0.24549836
41680,0.32276765
41819,0.32276765
36857,0.24549836
23666,0.20875156
25022,0.20875156
16236,0.20875156
2103,0.20875156
14529,0.20875156
9351,0.20875156
8680,0.20875156
9098,0.20875156
18291,0.20875156
23710,0.20875156
7162,0.20875156
12941,0.20875156
33537,0.49668834
28492,0.24549836
6873,0.20875156
17641,0.20875156
33363,0.24549836
11192,0.20875156
26560,0.20875156
28592,0.24549836
19752,0.20875156
22083,0.20875156
42272,0.32276765
23539,0.20875156
41968,0.43309024
2788,0.20875156
19709,0.20875156
18260,0.20875156
14474,0.20875156
19078,0.20875156
10951,0.20875156
19501,0.20875156
37828,0.24549836
44978,0.43309024
14309,0.20875156
22992,0.20875156
24213,0.20875156
33555,0.34972963
42676,0.43309024
42242,0.32276765
29665,0.24549836
19662,0.20875156
44885,0.43309024
27921,0.24549836
35594,0.34972963
33046,0.24549836
13110,0.20875156
29123,0.24549836
24851,0.20875156
34979,0.24549836
6698,0.20875156
42136,0.43309024
38568,0.24549836
2439,0.20875156
40256,0.24549836
2203,0.20875156
41923,0.32276765
25870,0.20875156
23147,0.20875156
29488,0.24549836
6520,0.20875156
12810,0.20875156
5307,0.20875156
24753,0.20875156
41354,0.32276765
43431,0.32276765
9851,0.20875156
44624,0.5488107
29867,0.34972963
12823,0.34972963
30930,0.24549836
44019,0.5488107
22718,0.20875156
4311,0.20875156
30967,0.24549836
36780,0.24549836
6016,0.20875156
12180,0.20875156
21709,0.20875156
29982,0.24549836
32673,0.24549836
33182,0.24549836
37271,0.24549836
18272,0.20875156
7945,0.20875156
14228,0.20875156
1557,0.20875156
7472,0.20875156
16677,0.20875156
12502,0.20875156
34310,0.24549836
17511,0.20875156
24110,0.20875156
7288,0.20875156
21454,0.34972963
32052,0.24549836
4152,0.34972963
19389,0.20875156
17164,0.20875156
18046,0.20875156
14935,0.20875156
34456,0.24549836
30771,0.24549836
22979,0.20875156
3644,0.20875156
17965,0.20875156
30754,0.24549836
3438,0.20875156
31737,0.24549836
956,0.20875156
27071,0.20875156
3902,0.20875156
20425,0.20875156
6308,0.20875156
8224,0.20875156
28742,0.24549836
30138,0.24549836
42349,0.5488107
19926,0.20875156
3123,0.20875156
19781,0.20875156
13046,0.20875156
12257,0.20875156
16343,0.20875156
2581,0.20875156
27927,0.24549836
26053,0.20875156
33035,0.24549836
2031,0.20875156
14118,0.20875156
13829,0.20875156
5921,0.20875156
20024,0.49668834
23775,0.20875156
1497,0.20875156
28267,0.24549836
4631,0.20875156
25435,0.34972963
16473,0.20875156
494,0.20875156
7414,0.20875156
2250,0.20875156
5198,0.20875156
36887,0.24549836
24066,0.20875156
33096,0.24549836
9489,0.34972963
28231,0.24549836
8571,0.20875156
39963,0.24549836
31997,0.49668834
24723,0.20875156
38194,0.24549836
5163,0.34972963
18132,0.20875156
31621,0.24549836
35526,0.34972963
13202,0.34972963
36266,0.24549836
9660,0.20875156
42483,0.32276765
5669,0.20875156
38250,0.24549836
16136,0.20875156
22003,0.34972963
41172,0.43309024
9519,0.20875156
40962,0.32276765
4170,0.34972963
7518,0.20875156
6706,0.20875156
15316,0.20875156
26302,0.20875156
8263,0.20875156
1649,0.34972963
13709,0.20875156
36868,0.24549836
17668,0.20875156
15493,0.20875156
23744,0.20875156
3429,0.20875156
37386,0.24549836
19521,0.49668834
26841,0.20875156
23482,0.20875156
10012,0.20875156
25843,0.20875156
20358,0.20875156
37719,0.24549836
17527,0.20875156
34299,0.24549836
12996,0.20875156
2317,0.20875156
37128,0.24549836
12049,0.34972963
21611,0.20875156
44276,0.43309024
21325,0.20875156
8290,0.20875156
13561,0.20875156
17157,0.20875156
36361,0.24549836
17776,0.20875156
28261,0.24549836
30461,0.34972963
17269,0.20875156
586,0.20875156
17682,0.20875156
36317,0.24549836
42355,0.5488107
26718,0.20875156
5895,0.20875156
27289,0.20875156
41152,0.32276765
9457,0.20875156
33484,0.24549836
23592,0.20875156
18916,0.20875156
42851,0.32276765
43941,0.43309024
21195,0.20875156
2784,0.20875156
6787,0.20875156
15445,0.20875156
26710,0.34972963
9211,0.20875156
3022,0.20875156
8712,0.20875156
40812,0.32276765
26159,0.20875156
32314,0.24549836
3597,0.20875156
33605,0.24549836
8759,0.20875156
44558,0.43309024
11305,0.20875156
25748,0.20875156
32689,0.34972963
16324,0.20875156
16251,0.20875156
24866,0.20875156
35771,0.24549836
16533,0.20875156
1,0.20875156
27381,0.20875156
1658,0.20875156
19621,0.20875156
10730,0.20875156
17664,0.20875156
23594,0.20875156
2775,0.20875156
3816,0.20875156
9319,0.20875156
27117,0.20875156
33437,0.24549836
17326,0.20875156
23155,0.20875156
30020,0.24549836
39403,0.24549836
2820,0.20875156
7002,0.20875156
35298,0.24549836
19081,0.20875156
19191,0.20875156
29139,0.24549836
37099,0.24549836
33837,0.24549836
6200,0.20875156
24442,0.34972963
39370,0.5488107
26154,0.20875156
35728,0.24549836
11734,0.20875156
15174,0.20875156
9359,0.20875156
26316,0.20875156
42229,0.32276765
26113,0.20875156
27188,0.20875156
57,0.20875156
30273,0.24549836
11843,0.20875156
20555,0.20875156
34605,0.24549836
34571,0.24549836
43950,0.43309024
36732,0.5488107
3470,0.20875156
44249,0.43309024
29423,0.24549836
32262,0.24549836
32705,0.24549836
1300,0.20875156
2212,0.20875156
32105,0.24549836
42232,0.32276765
22565,0.20875156
3901,0.20875156
44133,0.5488107
18848,0.20875156
5797,0.20875156
42618,0.43309024
15217,0.20875156
11043,0.34972963
2407,0.20875156
4356,0.20875156
14584,0.20875156
30881,0.24549836
20132,0.20875156
25603,0.20875156
22390,0.20875156
35228,0.24549836
13838,0.20875156
6026,0.20875156
21421,0.20875156
31846,0.24549836
40997,0.32276765
27397,0.34972963
15008,0.20875156
24692,0.20875156
3105,0.34972963
31760,0.24549836
20167,0.20875156
41946,0.43309024
1482,0.20875156
28615,0.24549836
36291,0.24549836
36654,0.24549836
6439,0.20875156
11279,0.20875156
38014,0.24549836
12605,0.20875156
19044,0.20875156
7591,0.34972963
15486,0.20875156
11727,0.20875156
31298,0.24549836
8406,0.34972963
21119,0.20875156
18843,0.20875156
15849,0.20875156
3655,0.20875156
42978,0.32276765
18162,0.34972963
10105,0.20875156
24918,0.20875156
17999,0.20875156
24210,0.20875156
742,0.20875156
39884,0.24549836
22879,0.20875156
32703,0.24549836
1583,0.20875156
36264,0.24549836
40586,0.24549836
27765,0.24549836
37239,0.24549836
22135,0.20875156
30835,0.24549836
591,0.20875156
11034,0.20875156
15258,0.20875156
2712,0.20875156
13014,0.20875156
20492,0.20875156
21270,0.20875156
29097,0.24549836
40113,0.24549836
40381,0.5488107
20315,0.20875156
26351,0.20875156
3847,0.20875156
12630,0.20875156
8254,0.20875156
12787,0.20875156
25100,0.20875156
8113,0.20875156
32846,0.24549836
41533,0.43309024
27492,0.24549836
19095,0.49668834
24706,0.34972963
19225,0.20875156
16279,0.20875156
39389,0.24549836
18989,0.20875156
4680,0.20875156
21761,0.20875156
26504,0.20875156
3409,0.20875156
3683,0.34972963
23818,0.20875156
33452,0.24549836
16093,0.34972963
40504,0.24549836
19169,0.20875156
5642,0.20875156
26099,0.20875156
43811,0.32276765
16589,0.20875156
35360,0.24549836
23675,0.20875156
35660,0.24549836
35240,0.24549836
23258,0.20875156
44766,0.43309024
17050,0.20875156
23679,0.20875156
26651,0.20875156
8766,0.20875156
4706,0.20875156
7606,0.20875156
23771,0.20875156
42385,0.32276765
44952,0.43309024
6343,0.20875156
38625,0.24549836
18683,0.20875156
21338,0.20875156
58,0.20875156
33405,0.24549836
41826,0.43309024
28538,0.24549836
45184,0.32276765
21544,0.20875156
32271,0.24549836
7744,0.20875156
18055,0.34972963
40932,0.43309024
40397,0.24549836
13818,0.20875156
26475,0.20875156
29505,0.24549836
25757,0.20875156
16744,0.20875156
42055,0.43309024
24479,0.20875156
11015,0.34972963
26284,0.20875156
34008,0.34972963
44532,0.43309024
41135,0.43309024
33391,0.24549836
39604,0.24549836
44578,0.32276765
43618,0.32276765
28116,0.24549836
17945,0.20875156
23289,0.20875156
20777,0.20875156
38472,0.24549836
35262,0.24549836
16358,0.20875156
360,0.20875156
9700,0.20875156
40240,0.24549836
37829,0.24549836
35449,0.24549836
3100,0.20875156
385,0.20875156
14933,0.49668834
3150,0.20875156
38483,0.24549836
21838,0.20875156
18591,0.34972963
36608,0.24549836
21524,0.20875156
13778,0.34972963
2427,0.20875156
8272,0.20875156
22432,0.20875156
28333,0.24549836
48,0.20875156
16870,0.20875156
14561,0.34972963
33275,0.24549836
9861,0.20875156
33618,0.24549836
2990,0.49668834
42642,0.43309024
14661,0.20875156
13900,0.20875156
23277,0.20875156
16400,0.20875156
29216,0.24549836
1690,0.20875156
1963,0.20875156
30980,0.24549836
40730,0.24549836
32761,0.24549836
37990,0.24549836
34130,0.24549836
937,0.20875156
16892,0.20875156
23707,0.20875156
25813,0.20875156
42648,0.32276765
21551,0.20875156
38118,0.24549836
28646,0.24549836
19105,0.20875156
15599,0.34972963
37987,0.24549836
2184,0.20875156
32133,0.34972963
5931,0.20875156
39165,0.24549836
44902,0.32276765
18962,0.20875156
44147,0.43309024
43960,0.32276765
449,0.20875156
856,0.20875156
2131,0.49668834
35493,0.34972963
29113,0.24549836
10397,0.20875156
1137,0.20875156
16971,0.20875156
8691,0.20875156
31381,0.24549836
42685,0.43309024
1117,0.20875156
19240,0.20875156
32392,0.49668834
24056,0.20875156
11525,0.20875156
33705,0.24549836
40118,0.24549836
41327,0.32276765
44266,0.5488107
13242,0.20875156
21732,0.20875156
25454,0.20875156
19952,0.20875156
34709,0.24549836
37357,0.24549836
19170,0.20875156
12375,0.20875156
7925,0.20875156
37968,0.24549836
42586,0.32276765
38756,0.24549836
4001,0.34972963
24156,0.20875156
42424,0.47860748
36716,0.24549836
17340,0.34972963
38569,0.24549836
1442,0.34972963
20628,0.49668834
13049,0.20875156
3833,0.20875156
26383,0.20875156
44473,0.5488107
26632,0.20875156
44990,0.32276765
13500,0.20875156
20317,0.34972963
1221,0.20875156
21021,0.34972963
25889,0.20875156
40515,0.24549836
9027,0.20875156
31936,0.24549836
27467,0.24549836
13463,0.20875156
20069,0.20875156
41810,0.43309024
39663,0.24549836
6043,0.20875156
2770,0.20875156
33224,0.24549836
3819,0.20875156
33155,0.24549836
26144,0.20875156
31587,0.24549836
11220,0.20875156
37065,0.5488107
29621,0.24549836
18597,0.20875156
2864,0.20875156
36835,0.47860748
8675,0.34972963
3851,0.20875156
21779,0.20875156
18905,0.20875156
30652,0.24549836
44448,0.43309024
9871,0.20875156
42820,0.32276765
1526,0.20875156
39966,0.24549836
39465,0.24549836
3542,0.20875156
31161,0.24549836
44087,0.32276765
367,0.20875156
24868,0.20875156
20926,0.20875156
18768,0.20875156
19202,0.49668834
23498,0.20875156
26804,0.20875156
18528,0.20875156
3908,0.20875156
17271,0.20875156
37145,0.24549836
26009,0.20875156
8642,0.20875156
12611,0.20875156
17144,0.20875156
4038,0.34972963
12765,0.20875156
35234,0.24549836
3937,0.20875156
44856,0.43309024
12615,0.20875156
9678,0.20875156
10177,0.20875156
15567,0.20875156
14211,0.20875156
1415,0.20875156
25581,0.20875156
43080,0.32276765
10444,0.20875156
17337,0.20875156
23881,0.20875156
44855,0.32276765
17121,0.20875156
10260,0.20875156
22318,0.20875156
34485,0.24549836
6113,0.49668834
32303,0.24549836
12108,0.20875156
10011,0.20875156
17319,0.20875156
2611,0.20875156
27385,0.20875156
42715,0.43309024
16229,0.20875156
43890,0.43309024
10705,0.20875156
8418,0.20875156
20885,0.20875156
12249,0.20875156
41697,0.5488107
13923,0.20875156
16297,0.20875156
41255,0.43309024
31203,0.24549836
14948,0.20875156
13077,0.20875156
18651,0.20875156
35267,0.24549836
19279,0.20875156
43388,0.43309024
19807,0.20875156
17213,0.20875156
13198,0.34972963
10403,0.20875156
14458,0.20875156
26355,0.20875156
10276,0.20875156
5743,0.20875156
14375,0.34972963
37879,0.24549836
13315,0.20875156
13395,0.20875156
16453,0.20875156
29460,0.24549836
44744,0.43309024
29757,0.24549836
8116,0.20875156
4751,0.20875156
33466,0.24549836
6074,0.34972963
26423,0.20875156
16201,0.20875156
24027,0.20875156
27717,0.24549836
14995,0.20875156
35454,0.49668834
30994,0.24549836
35903,0.24549836
31747,0.34972963
15163,0.20875156
9164,0.20875156
4945,0.20875156
8933,0.20875156
27674,0.24549836
34893,0.24549836
26036,0.20875156
650,0.20875156
34259,0.24549836
8576,0.20875156
2280,0.20875156
3464,0.20875156
5099,0.20875156
44497,0.43309024
38183,0.24549836
21777,0.20875156
31626,0.34972963
4278,0.20875156
34231,0.24549836
6633,0.20875156
30326,0.24549836
24820,0.20875156
44533,0.43309024
30929,0.34972963
13216,0.34972963
32887,0.24549836
18619,0.20875156
6882,0.20875156
30231,0.24549836
37235,0.24549836
25374,0.34972963
34520,0.24549836
40353,0.24549836
30393,0.24549836
40713,0.24549836
42438,0.43309024
27186,0.20875156
22490,0.20875156
33288,0.24549836
5982,0.20875156
44425,0.47860748
39079,0.24549836
6680,0.20875156
6823,0.20875156
44495,0.43309024
38902,0.24549836
43183,0.43309024
32861,0.24549836
5562,0.20875156
12788,0.20875156
8981,0.20875156
43263,0.43309024
23424,0.20875156
35942,0.24549836
34613,0.24549836
18206,0.20875156
11008,0.20875156
36730,0.24549836
30976,0.24549836
15720,0.34972963
4144,0.20875156
36056,0.24549836
7319,0.20875156
11022,0.20875156
26690,0.20875156
16821,0.20875156
11150,0.20875156
10046,0.20875156
44335,0.43309024
13115,0.49668834
21598,0.20875156
1365,0.20875156
14492,0.20875156
20932,0.20875156
30608,0.24549836
33976,0.24549836
4336,0.20875156
18649,0.20875156
20972,0.20875156
17852,0.20875156
43455,0.43309024
22138,0.20875156
29439,0.24549836
9940,0.20875156
23948,0.20875156
39941,0.24549836
4682,0.34972963
33741,0.24549836
15959,0.20875156
42515,0.32276765
34236,0.34972963
24389,0.20875156
28074,0.24549836
33964,0.24549836
2334,0.20875156
6270,0.20875156
39748,0.24549836
11040,0.20875156
44800,0.43309024
22857,0.20875156
14269,0.20875156
36049,0.34972963
39323,0.24549836
17861,0.20875156
7151,0.20875156
38573,0.24549836
6866,0.20875156
2403,0.20875156
32720,0.24549836
10206,0.20875156
9792,0.20875156
40356,0.24549836
12341,0.20875156
2783,0.20875156
36099,0.24549836
19572,0.20875156
25775,0.20875156
2050,0.20875156
8358,0.20875156
22625,0.20875156
19520,0.20875156
33715,0.24549836
36934,0.24549836
23121,0.20875156
24688,0.20875156
29935,0.49668834
38600,0.24549836
317,0.20875156
21127,0.20875156
12048,0.20875156
15578,0.20875156
34328,0.24549836
10353,0.20875156
14055,0.20875156
40028,0.24549836
40203,0.24549836
7372,0.20875156
40579,0.24549836
26473,0.20875156
2312,0.20875156
28213,0.34972963
8646,0.20875156
14217,0.34972963
29464,0.24549836
24681,0.20875156
16902,0.34972963
37724,0.24549836
39525,0.24549836
40067,0.24549836
43592,0.43309024
9893,0.20875156
14761,0.34972963
18661,0.20875156
23927,0.20875156
23528,0.20875156
12327,0.20875156
43757,0.43309024
44274,0.43309024
19366,0.20875156
29339,0.24549836
25412,0.20875156
17420,0.20875156
32506,0.24549836
32877,0.24549836
34664,0.24549836
27029,0.34972963
35643,0.24549836
30531,0.24549836
19828,0.20875156
34741,0.24549836
41073,0.43309024
43051,0.5488107
32607,0.34972963
16493,0.20875156
43860,0.43309024
22254,0.20875156
22800,0.20875156
17829,0.20875156
36052,0.24549836
13444,0.20875156
35621,0.24549836
27239,0.20875156
32294,0.24549836
28565,0.24549836
30453,0.24549836
29720,0.24549836
40129,0.24549836
3445,0.20875156
40481,0.24549836
39853,0.24549836
23471,0.20875156
9515,0.34972963
10657,0.20875156
38433,0.24549836
25847,0.20875156
10628,0.20875156
23541,0.20875156
22342,0.20875156
44848,0.5488107
15823,0.20875156
38688,0.5488107
7338,0.20875156
76,0.20875156
39171,0.24549836
22105,0.20875156
13241,0.20875156
28490,0.24549836
10205,0.20875156
39351,0.24549836
8945,0.20875156
43978,0.32276765
10627,0.20875156
29646,0.24549836
18606,0.20875156
18062,0.20875156
38304,0.24549836
5485,0.20875156
14769,0.20875156
199,0.20875156
794,0.20875156
43690,0.32276765
19620,0.20875156
40699,0.24549836
23330,0.20875156
29466,0.24549836
39491,0.24549836
4750,0.20875156
31577,0.24549836
20893,0.20875156
43612,0.32276765
7392,0.20875156
39762,0.24549836
29124,0.24549836
14267,0.20875156
41565,0.32276765
19914,0.20875156
19643,0.20875156
36038,0.24549836
42403,0.5488107
28983,0.24549836
13338,0.20875156
7109,0.20875156
7487,0.20875156
4197,0.20875156
26466,0.20875156
40641,0.24549836
17679,0.34972963
20830,0.20875156
37240,0.24549836
6239,0.20875156
11492,0.34972963
37542,0.24549836
22620,0.20875156
700,0.20875156
41186,0.43309024
9130,0.20875156
40899,0.32276765
26385,0.20875156
4586,0.20875156
26508,0.20875156
13369,0.20875156
17948,0.34972963
8864,0.20875156
35843,0.24549836
20306,0.20875156
24123,0.20875156
19731,0.20875156
20269,0.34972963
24523,0.20875156
3475,0.20875156
4362,0.20875156
22102,0.20875156
44921,0.43309024
33808,0.24549836
5514,0.20875156
5200,0.20875156
798,0.20875156
41128,0.43309024
2431,0.20875156
3335,0.20875156
30762,0.24549836
2917,0.20875156
29329,0.24549836
3218,0.20875156
39307,0.24549836
30831,0.24549836
18922,0.20875156
12194,0.20875156
8974,0.20875156
35991,0.24549836
10927,0.20875156
12600,0.20875156
38451,0.24549836
24642,0.20875156
17973,0.20875156
21130,0.20875156
21580,0.20875156
13648,0.20875156
42367,0.43309024
25226,0.20875156
13769,0.20875156
13226,0.20875156
12888,0.20875156
44192,0.43309024
33655,0.24549836
39688,0.24549836
39791,0.24549836
26115,0.20875156
38926,0.24549836
24503,0.20875156
12391,0.20875156
39150,0.24549836
18199,0.34972963
15143,0.20875156
24088,0.20875156
44202,0.41364262
15414,0.20875156
22746,0.20875156
44152,0.47860748
36321,0.24549836
40459,0.5488107
36925,0.24549836
36221,0.24549836
36787,0.24549836
26986,0.20875156
18540,0.20875156
12031,0.20875156
38807,0.24549836
31448,0.24549836
7489,0.20875156
10028,0.20875156
29531,0.24549836
39160,0.24549836
42711,0.5488107
22392,0.20875156
36680,0.24549836
38794,0.24549836
15829,0.20875156
19189,0.49668834
43041,0.43309024
10422,0.34972963
27345,0.34972963
28174,0.24549836
22752,0.20875156
3056,0.20875156
19898,0.20875156
16882,0.49668834
31819,0.24549836
26940,0.20875156
18381,0.20875156
3345,0.20875156
25801,0.20875156
30940,0.24549836
35917,0.24549836
40715,0.24549836
29060,0.24549836
3891,0.20875156
10377,0.20875156
12537,0.20875156
38294,0.47860748
2040,0.20875156
31723,0.24549836
4411,0.20875156
21636,0.20875156
41740,0.32276765
32493,0.24549836
40575,0.24549836
7584,0.20875156
34297,0.49668834
38850,0.24549836
32461,0.49668834
19812,0.20875156
34751,0.24549836
13308,0.20875156
35564,0.24549836
35216,0.24549836
43258,0.5488107
43542,0.32276765
7686,0.20875156
31005,0.24549836
35894,0.24549836
28351,0.24549836
4900,0.20875156
6103,0.20875156
28738,0.34972963
35012,0.24549836
35508,0.34972963
26918,0.20875156
38499,0.24549836
22908,0.49668834
18191,0.20875156
25732,0.20875156
38560,0.24549836
20868,0.20875156
40421,0.24549836
42451,0.43309024
23626,0.20875156
2894,0.20875156
21083,0.20875156
40138,0.24549836
33149,0.24549836
39638,0.24549836
3168,0.20875156
8952,0.20875156
7223,0.20875156
20807,0.20875156
37161,0.24549836
25493,0.34972963
15324,0.20875156
31051,0.24549836
18002,0.34972963
41204,0.32276765
38979,0.24549836
26045,0.49668834
38335,0.24549836
17466,0.20875156
43853,0.43309024
37232,0.24549836
40219,0.5488107
19479,0.20875156
24421,0.20875156
28872,0.24549836
41145,0.32276765
17039,0.20875156
43224,0.43309024
25404,0.20875156
9607,0.20875156
30060,0.24549836
25620,0.34972963
19711,0.20875156
38609,0.24549836
36700,0.24549836
44158,0.43309024
20708,0.20875156
15838,0.20875156
5815,0.20875156
30195,0.24549836
15611,0.20875156
20805,0.20875156
26596,0.20875156
34724,0.24549836
4816,0.20875156
42735,0.32276765
23255,0.20875156
6128,0.20875156
20019,0.20875156
33918,0.24549836
7413,0.20875156
44103,0.43309024
42138,0.43309024
6398,0.20875156
3514,0.20875156
137,0.20875156
18115,0.20875156
43072,0.43309024
31248,0.24549836
26094,0.20875156
25014,0.20875156
15731,0.20875156
13980,0.34972963
36917,0.24549836
10575,0.20875156
12839,0.20875156
9645,0.20875156
4180,0.20875156
44869,0.32276765
24196,0.20875156
30548,0.24549836
9548,0.20875156
4420,0.20875156
37166,0.24549836
27688,0.24549836
11202,0.20875156
34824,0.24549836
14382,0.34972963
14911,0.20875156
10529,0.20875156
15141,0.20875156
22423,0.20875156
25380,0.20875156
8651,0.20875156
2416,0.34972963
2170,0.20875156
32401,0.24549836
28370,0.24549836
9239,0.20875156
34711,0.24549836
24748,0.20875156
7041,0.20875156
27733,0.24549836
39170,0.24549836
25569,0.20875156
11736,0.20875156
30483,0.24549836
13654,0.34972963
19659,0.20875156
4880,0.20875156
39861,0.24549836
37416,0.5488107
41187,0.43309024
17710,0.49668834
38528,0.5488107
29721,0.34972963
4503,0.20875156
38654,0.47860748
1508,0.20875156
42898,0.32276765
36275,0.24549836
31879,0.24549836
9667,0.20875156
24198,0.20875156
4045,0.20875156
5298,0.34972963
15312,0.34972963
9587,0.49668834
35171,0.24549836
15430,0.34972963
41641,0.32276765
44738,0.43309024
7678,0.20875156
6042,0.20875156
14331,0.20875156
22295,0.20875156
27555,0.24549836
13383,0.20875156
5162,0.20875156
8400,0.20875156
41764,0.43309024
42796,0.32276765
39304,0.24549836
26303,0.20875156
24776,0.20875156
331,0.34972963
21359,0.20875156
22416,0.20875156
25335,0.20875156
3652,0.20875156
25288,0.20875156
16489,0.20875156
13476,0.20875156
33540,0.24549836
23413,0.20875156
31946,0.24549836
29551,0.24549836
15810,0.20875156
41009,0.43309024
32019,0.24549836
17178,0.20875156
14737,0.20875156
26791,0.20875156
43515,0.43309024
36903,0.24549836
31600,0.24549836
37894,0.24549836
6800,0.20875156
32599,0.24549836
5969,0.20875156
22921,0.20875156
21052,0.20875156
11950,0.20875156
41390,0.32276765
13277,0.20875156
38973,0.24549836
42700,0.43309024
34243,0.24549836
16430,0.20875156
39744,0.24549836
8066,0.20875156
2277,0.20875156
11016,0.20875156
37597,0.47860748
24768,0.20875156
1071,0.20875156
37725,0.24549836
29164,0.24549836
38418,0.48314685
37729,0.24549836
18021,0.34972963
5280,0.20875156
13258,0.20875156
37737,0.24549836
2429,0.20875156
16072,0.20875156
7281,0.20875156
5460,0.20875156
23263,0.20875156
41259,0.43309024
42688,0.43309024
32894,0.24549836
38151,0.5488107
41730,0.43309024
37490,0.24549836
30253,0.24549836
518,0.20875156
21072,0.20875156
20584,0.49668834
27012,0.20875156
27042,0.20875156
3111,0.20875156
24484,0.20875156
25253,0.20875156
9336,0.34972963
24573,0.20875156
10773,0.20875156
40568,0.24549836
119,0.20875156
9483,0.20875156
20962,0.20875156
2782,0.20875156
37322,0.24549836
35612,0.24549836
41577,0.32276765
25452,0.20875156
20626,0.20875156
13186,0.20875156
44372,0.32276765
36546,0.24549836
21992,0.20875156
792,0.34972963
18869,0.20875156
30656,0.24549836
1973,0.20875156
25144,0.20875156
12013,0.20875156
44146,0.43309024
35072,0.24549836
1243,0.20875156
26049,0.20875156
34975,0.24549836
35317,0.24549836
34834,0.24549836
38999,0.24549836
14454,0.20875156
27505,0.24549836
32811,0.34972963
9260,0.20875156
2930,0.49668834
35311,0.24549836
20296,0.20875156
38413,0.24549836
12274,0.20875156
23583,0.20875156
13427,0.20875156
2246,0.20875156
12071,0.20875156
37882,0.24549836
37521,0.24549836
37259,0.24549836
16452,0.20875156
39739,0.24549836
8257,0.20875156
1057,0.20875156
20103,0.20875156
31135,0.24549836
35905,0.24549836
36614,0.24549836
7913,0.20875156
29138,0.24549836
43365,0.32276765
18781,0.49668834
31314,0.24549836
3266,0.20875156
17894,0.20875156
29636,0.24549836
37998,0.24549836
2039,0.20875156
4465,0.20875156
25646,0.20875156
3151,0.20875156
30217,0.24549836
354,0.20875156
28846,0.24549836
44852,0.43309024
34337,0.24549836
14153,0.49668834
6560,0.20875156
24544,0.20875156
41134,0.32276765
17859,0.20875156
455,0.20875156
27161,0.20875156
21788,0.49668834
18074,0.20875156
26186,0.20875156
15253,0.20875156
23484,0.20875156
12216,0.20875156
11671,0.20875156
15012,0.20875156
31820,0.49668834
38704,0.24549836
39033,0.24549836
6475,0.34972963
10673,0.20875156
21689,0.20875156
1245,0.20875156
4909,0.20875156
40621,0.24549836
18933,0.20875156
2812,0.20875156
21429,0.20875156
6690,0.20875156
10049,0.20875156
17151,0.20875156
1110,0.20875156
35335,0.24549836
39098,0.24549836
25438,0.20875156
10178,0.20875156
19254,0.20875156
8133,0.20875156
4489,0.20875156
40748,0.32276765
12093,0.20875156
39288,0.24549836
31768,0.24549836
23250,0.20875156
16577,0.20875156
43081,0.43309024
9422,0.20875156
36002,0.24549836
2846,0.49668834
23405,0.20875156
30495,0.24549836
32560,0.24549836
12576,0.20875156
5116,0.20875156
32676,0.24549836
13400,0.20875156
40526,0.5488107
35882,0.24549836
40721,0.24549836
26568,0.20875156
6024,0.20875156
39727,0.24549836
34858,0.24549836
13416,0.20875156
5350,0.20875156
21106,0.20875156
3169,0.20875156
17115,0.20875156
10979,0.20875156
27911,0.24549836
45203,0.43309024
21208,0.34972963
11250,0.20875156
44945,0.32276765
20874,0.20875156
4776,0.20875156
3099,0.20875156
19336,0.20875156
3460,0.20875156
34629,0.24549836
14679,0.20875156
10251,0.20875156
43483,0.43309024
16103,0.20875156
13441,0.20875156
16930,0.20875156
40611,0.5488107
26254,0.20875156
18073,0.49668834
40242,0.24549836
24483,0.20875156
21632,0.20875156
33131,0.24549836
25001,0.20875156
24363,0.20875156
5129,0.20875156
29239,0.24549836
22998,0.20875156
44408,0.43309024
20850,0.34972963
43973,0.47860748
9105,0.34972963
32196,0.24549836
39130,0.24549836
41181,0.43309024
36037,0.24549836
16042,0.20875156
6919,0.49668834
25086,0.20875156
34615,0.24549836
16718,0.20875156
32178,0.24549836
18164,0.34972963
44260,0.32276765
15523,0.49668834
28874,0.24549836
15566,0.49668834
16184,0.20875156
40945,0.43309024
33023,0.24549836
3010,0.20875156
34508,0.24549836
16684,0.20875156
1955,0.20875156
41933,0.43309024
26251,0.34972963
18879,0.20875156
13225,0.20875156
15562,0.20875156
15753,0.34972963
44562,0.32276765
24362,0.20875156
41345,0.32276765
15089,0.20875156
7720,0.34972963
7520,0.20875156
19592,0.20875156
7266,0.20875156
17656,0.20875156
42437,0.43309024
35205,0.24549836
32304,0.24549836
8655,0.20875156
27214,0.34972963
41863,0.43309024
32066,0.24549836
22757,0.20875156
36375,0.24549836
34825,0.24549836
21408,0.20875156
41717,0.32276765
11826,0.20875156
44176,0.43309024
44409,0.43309024
20952,0.20875156
41625,0.43309024
26013,0.20875156
38716,0.24549836
19608,0.20875156
12622,0.20875156
10391,0.20875156
36760,0.24549836
40505,0.24549836
3204,0.20875156
21189,0.20875156
5864,0.20875156
2933,0.20875156
14648,0.20875156
1513,0.20875156
25921,0.20875156
33329,0.24549836
44636,0.43309024
15053,0.20875156
33368,0.24549836
11537,0.20875156
18763,0.20875156
30467,0.34972963
15847,0.20875156
5685,0.20875156
8696,0.20875156
20723,0.20875156
14868,0.20875156
16551,0.20875156
43074,0.43309024
19059,0.20875156
4236,0.20875156
26482,0.20875156
8503,0.20875156
37803,0.24549836
29287,0.24549836
21619,0.20875156
21528,0.20875156
11726,0.34972963
43788,0.43309024
28094,0.24549836
44081,0.43309024
36601,0.24549836
1126,0.20875156
38975,0.24549836
33539,0.24549836
12953,0.34972963
10319,0.20875156
5554,0.20875156
26046,0.20875156
38928,0.5488107
39766,0.24549836
32959,0.24549836
13790,0.20875156
25715,0.20875156
8225,0.20875156
37518,0.24549836
2870,0.20875156
20436,0.20875156
4393,0.20875156
34354,0.24549836
31990,0.24549836
3895,0.20875156
24802,0.20875156
38755,0.24549836
7923,0.34972963
41217,0.43309024
34151,0.24549836
16556,0.20875156
32085,0.24549836
33495,0.24549836
20002,0.20875156
20925,0.20875156
44818,0.43309024
925,0.20875156
22050,0.20875156
35434,0.24549836
21377,0.20875156
8026,0.20875156
23566,0.20875156
39972,0.24549836
37652,0.5488107
32860,0.34972963
17649,0.20875156
29454,0.24549836
40719,0.24549836
22251,0.20875156
22067,0.20875156
10960,0.49668834
21585,0.20875156
19408,0.20875156
3304,0.49668834
30886,0.24549836
11456,0.20875156
33214,0.24549836
11297,0.34972963
14301,0.20875156
44369,0.47860748
38511,0.24549836
23571,0.20875156
35512,0.24549836
42436,0.43309024
20580,0.20875156
19570,0.20875156
16836,0.20875156
29048,0.24549836
36515,0.5488107
32183,0.34972963
8886,0.34972963
29614,0.24549836
38354,0.24549836
10948,0.20875156
4101,0.20875156
14221,0.20875156
33001,0.24549836
35392,0.24549836
29305,0.24549836
19315,0.20875156
12998,0.20875156
34128,0.24549836
35166,0.24549836
5138,0.49668834
27496,0.24549836
21960,0.20875156
431,0.34972963
17477,0.20875156
28109,0.34972963
4648,0.49668834
18587,0.20875156
19923,0.34972963
10690,0.20875156
41779,0.43309024
78,0.20875156
18914,0.34972963
21796,0.20875156
7407,0.20875156
5273,0.20875156
14805,0.20875156
29524,0.24549836
37640,0.24549836
40084,0.24549836
339,0.20875156
44791,0.43309024
27003,0.20875156
22148,0.34972963
15462,0.20875156
26166,0.20875156
35499,0.24549836
33922,0.24549836
42427,0.32276765
16583,0.20875156
740,0.20875156
28232,0.24549836
28961,0.24549836
10814,0.20875156
6577,0.20875156
514,0.20875156
4917,0.34972963
24924,0.20875156
5954,0.20875156
12296,0.20875156
25647,0.20875156
43723,0.5488107
17386,0.20875156
42324,0.5488107
7246,0.20875156
32313,0.24549836
14583,0.20875156
6920,0.20875156
16039,0.20875156
22218,0.20875156
20281,0.20875156
1464,0.20875156
397,0.20875156
2638,0.20875156
23614,0.20875156
36528,0.24549836
27995,0.24549836
25334,0.20875156
33562,0.34972963
25366,0.20875156
17349,0.20875156
33426,0.24549836
19126,0.20875156
33654,0.24549836
5564,0.20875156
1956,0.20875156
17091,0.20875156
1830,0.20875156
18123,0.20875156
20003,0.20875156
28674,0.24549836
35876,0.24549836
2792,0.20875156
29054,0.24549836
26574,0.20875156
33084,0.24549836
33953,0.24549836
2389,0.34972963
39127,0.24549836
27229,0.34972963
8478,0.20875156
43606,0.5488107
19992,0.20875156
8610,0.20875156
26645,0.20875156
26167,0.20875156
21655,0.20875156
39260,0.24549836
37745,0.24549836
8447,0.20875156
1473,0.20875156
26897,0.20875156
32500,0.24549836
13827,0.34972963
20041,0.20875156
15758,0.20875156
1065,0.20875156
39400,0.24549836
10214,0.20875156
8328,0.20875156
35926,0.24549836
14562,0.20875156
2567,0.20875156
20758,0.20875156
29942,0.24549836
20111,0.20875156
4903,0.20875156
28570,0.24549836
34570,0.24549836
16838,0.20875156
9505,0.20875156
29300,0.24549836
41346,0.43309024
5695,0.20875156
22270,0.20875156
22995,0.20875156
28005,0.24549836
34734,0.24549836
38549,0.24549836
21145,0.20875156
17862,0.20875156
3156,0.20875156
10669,0.20875156
16676,0.20875156
39256,0.24549836
20570,0.49668834
16276,0.20875156
15936,0.20875156
631,0.20875156
26331,0.34972963
11724,0.20875156
42293,0.43309024
33422,0.24549836
42752,0.32276765
1376,0.20875156
12882,0.20875156
21769,0.20875156
15680,0.20875156
11954,0.20875156
37598,0.24549836
1556,0.20875156
26219,0.20875156
9263,0.20875156
38728,0.24549836
33325,0.24549836
30600,0.24549836
6283,0.20875156
38581,0.24549836
10957,0.20875156
10844,0.20875156
33097,0.24549836
38069,0.24549836
37072,0.5488107
13199,0.20875156
32108,0.24549836
1950,0.20875156
32055,0.24549836
39701,0.24549836
11846,0.20875156
43407,0.43309024
39092,0.24549836
3246,0.20875156
24546,0.20875156
35859,0.24549836
41725,0.5488107
34924,0.24549836
43075,0.43309024
16704,0.34972963
2413,0.20875156
14839,0.20875156
30969,0.24549836
9760,0.20875156
12183,0.20875156
20338,0.20875156
9751,0.20875156
7679,0.20875156
9955,0.20875156
29428,0.24549836
29698,0.34972963
28002,0.49668834
44984,0.32276765
12381,0.20875156
15709,0.20875156
8373,0.20875156
23959,0.20875156
39686,0.24549836
30610,0.24549836
22831,0.20875156
31545,0.24549836
5610,0.20875156
8692,0.34972963
3255,0.20875156
36605,0.24549836
14489,0.20875156
19080,0.20875156
42999,0.43309024
9583,0.20875156
31337,0.24549836
15275,0.20875156
23893,0.20875156
34535,0.24549836
37036,0.5488107
26759,0.20875156
10530,0.20875156
38925,0.24549836
18118,0.34972963
1406,0.20875156
12884,0.20875156
31141,0.24549836
12752,0.20875156
1824,0.20875156
44860,0.43309024
2267,0.20875156
3927,0.20875156
35705,0.24549836
11476,0.20875156
5114,0.20875156
8143,0.20875156
36808,0.24549836
1179,0.20875156
21930,0.20875156
37105,0.24549836
27871,0.24549836
30556,0.24549836
17920,0.34972963
43674,0.32276765
41383,0.32276765
15452,0.34972963
17686,0.34972963
16680,0.20875156
33942,0.24549836
5732,0.20875156
41017,0.43309024
33413,0.24549836
21158,0.20875156
40175,0.24549836
37544,0.24549836
12927,0.20875156
9559,0.20875156
38115,0.24549836
1960,0.20875156
34430,0.24549836
23530,0.20875156
35622,0.34972963
21411,0.20875156
36450,0.24549836
19268,0.20875156
28127,0.24549836
32630,0.24549836
8594,0.20875156
17619,0.20875156
43498,0.43309024
28859,0.24549836
42697,0.43309024
27603,0.24549836
5328,0.20875156
32505,0.24549836
10901,0.20875156
43402,0.5488107
26198,0.20875156
13659,0.20875156
3943,0.20875156
36501,0.24549836
32375,0.24549836
42848,0.32276765
41622,0.43309024
39461,0.24549836
11678,0.20875156
32487,0.24549836
17471,0.20875156
7284,0.20875156
37638,0.24549836
6752,0.34972963
15728,0.34972963
42721,0.32276765
22501,0.20875156
33170,0.24549836
5979,0.20875156
35325,0.24549836
27022,0.34972963
37377,0.24549836
6485,0.20875156
15399,0.20875156
36028,0.24549836
15531,0.34972963
36277,0.24549836
32036,0.24549836
839,0.20875156
32039,0.24549836
35372,0.24549836
41532,0.32276765
11938,0.20875156
989,0.20875156
1520,0.20875156
9364,0.20875156
14845,0.20875156
15773,0.20875156
40982,0.43309024
6253,0.20875156
16411,0.34972963
28598,0.24549836
28693,0.24549836
1458,0.20875156
15842,0.20875156
14961,0.20875156
42819,0.32276765
9273,0.20875156
35601,0.24549836
27491,0.24549836
45017,0.5488107
23273,0.20875156
39020,0.24549836
30736,0.24549836
29132,0.24549836
26130,0.34972963
16637,0.49668834
42584,0.32276765
20528,0.20875156
30462,0.24549836
17836,0.20875156
43715,0.5488107
7694,0.20875156
11964,0.20875156
2210,0.34972963
31524,0.24549836
22643,0.20875156
20532,0.20875156
41216,0.43309024
30872,0.24549836
20845,0.20875156
22071,0.20875156
24913,0.20875156
15666,0.20875156
44040,0.5488107
25450,0.20875156
19586,0.20875156
3744,0.20875156
33780,0.24549836
24867,0.20875156
20799,0.20875156
36898,0.24549836
43449,0.43309024
20313,0.20875156
30850,0.24549836
19737,0.20875156
8891,0.20875156
38507,0.24549836
27221,0.20875156
25024,0.20875156
29901,0.24549836
43148,0.43309024
18255,0.20875156
10464,0.34972963
5177,0.20875156
12883,0.49668834
138,0.20875156
2816,0.20875156
19403,0.20875156
42474,0.43309024
43351,0.32276765
44843,0.43309024
18541,0.49668834
41485,0.43309024
2900,0.20875156
13682,0.20875156
15234,0.20875156
22042,0.20875156
11662,0.20875156
43976,0.43309024
18430,0.20875156
23697,0.20875156
3695,0.20875156
44823,0.32276765
24666,0.20875156
2808,0.20875156
27068,0.20875156
10996,0.20875156
23192,0.49668834
43594,0.43309024
857,0.20875156
12265,0.20875156
4029,0.20875156
4328,0.20875156
26517,0.20875156
3245,0.20875156
27823,0.24549836
17068,0.20875156
36253,0.24549836
7252,0.20875156
27553,0.24549836
4476,0.20875156
40396,0.24549836
31984,0.24549836
17494,0.20875156
25229,0.20875156
40223,0.24549836
44660,0.32276765
7200,0.20875156
3136,0.49668834
13273,0.34972963
24931,0.20875156
17568,0.20875156
31901,0.24549836
5398,0.20875156
18533,0.20875156
8923,0.20875156
35088,0.24549836
5904,0.20875156
7908,0.20875156
5420,0.20875156
17744,0.20875156
35966,0.49668834
33507,0.24549836
44111,0.43309024
19591,0.20875156
993,0.20875156
18023,0.20875156
33047,0.24549836
41999,0.32276765
23118,0.20875156
39101,0.24549836
39799,0.24549836
35458,0.24549836
31677,0.24549836
19882,0.20875156
35486,0.49668834
43092,0.32276765
20079,0.20875156
4117,0.20875156
44506,0.43309024
7853,0.20875156
26532,0.20875156
9840,0.20875156
14968,0.20875156
35604,0.24549836
14288,0.20875156
35600,0.24549836
30408,0.49668834
40211,0.24549836
2297,0.20875156
40246,0.5488107
12790,0.20875156
43665,0.43309024
14213,0.20875156
42189,0.43309024
43808,0.5488107
42091,0.32276765
318,0.20875156
42883,0.43309024
10032,0.20875156
2130,0.20875156
29864,0.24549836
16964,0.20875156
31586,0.34972963
20544,0.20875156
15708,0.20875156
25913,0.34972963
12648,0.34972963
41800,0.32276765
6183,0.20875156
36518,0.24549836
38266,0.24549836
31627,0.34972963
12191,0.20875156
7874,0.20875156
36446,0.24549836
41834,0.43309024
5717,0.20875156
41323,0.32276765
15647,0.20875156
17473,0.20875156
33588,0.24549836
23653,0.20875156
3146,0.49668834
15625,0.20875156
21537,0.20875156
11251,0.20875156
24941,0.20875156
15057,0.20875156
11064,0.20875156
2242,0.20875156
29803,0.24549836
36238,0.24549836
35861,0.24549836
40634,0.24549836
44414,0.32276765
43918,0.43309024
45040,0.43309024
8463,0.20875156
15322,0.34972963
6430,0.20875156
9629,0.20875156
23491,0.20875156
34636,0.34972963
43177,0.5488107
32583,0.24549836
30674,0.24549836
39317,0.24549836
9598,0.20875156
10500,0.20875156
30715,0.34972963
26776,0.20875156
17211,0.20875156
35953,0.24549836
5687,0.20875156
34731,0.24549836
10312,0.20875156
33502,0.24549836
38376,0.24549836
19460,0.20875156
33694,0.24549836
5289,0.20875156
26458,0.20875156
15691,0.34972963
3844,0.20875156
36209,0.24549836
20870,0.20875156
32361,0.24549836
3316,0.20875156
43156,0.48314685
12968,0.20875156
44429,0.32276765
25539,0.20875156
30795,0.24549836
30749,0.49668834
12174,0.20875156
692,0.20875156
43768,0.43309024
35353,0.24549836
17746,0.20875156
36314,0.24549836
2142,0.20875156
23760,0.20875156
38819,0.24549836
13271,0.20875156
42812,0.43309024
25318,0.20875156
9138,0.20875156
19321,0.20875156
31549,0.24549836
35096,0.24549836
45082,0.43309024
14588,0.20875156
28803,0.24549836
22056,0.20875156
26514,0.20875156
44279,0.32276765
35389,0.24549836
29063,0.24549836
16901,0.49668834
24837,0.20875156
40948,0.5488107
44050,0.43309024
7519,0.20875156
19470,0.20875156
37599,0.24549836
36978,0.24549836
31688,0.24549836
30493,0.24549836
7736,0.20875156
10048,0.20875156
29579,0.24549836
33217,0.34972963
2293,0.20875156
44092,0.32276765
33421,0.24549836
42344,0.32276765
32631,0.24549836
27909,0.24549836
39990,0.24549836
26379,0.20875156
1889,0.20875156
12499,0.20875156
38127,0.24549836
44030,0.5488107
38502,0.5488107
33154,0.24549836
42105,0.43309024
24435,0.20875156
20470,0.20875156
24966,0.20875156
7254,0.20875156
17870,0.20875156
2291,0.20875156
29400,0.34972963
3011,0.34972963
17438,0.20875156
12739,0.34972963
38095,0.24549836
18884,0.20875156
35178,0.24549836
9621,0.20875156
41679,0.32276765
164,0.34972963
4622,0.20875156
24829,0.20875156
35780,0.24549836
2238,0.20875156
4581,0.34972963
5901,0.20875156
40760,0.32276765
41768,0.43309024
42686,0.32276765
31962,0.24549836
32835,0.24549836
38965,0.24549836
27251,0.20875156
15157,0.20875156
12992,0.20875156
21326,0.34972963
25496,0.20875156
37216,0.24549836
4931,0.20875156
16346,0.20875156
21798,0.20875156
18808,0.20875156
19305,0.20875156
3751,0.20875156
13316,0.20875156
26092,0.20875156
27961,0.24549836
40915,0.43309024
8128,0.20875156
19487,0.20875156
14276,0.20875156
42703,0.43309024
23772,0.20875156
6292,0.20875156
26751,0.20875156
44934,0.5488107
34469,0.24549836
8705,0.20875156
40880,0.43309024
12674,0.20875156
14006,0.20875156
26580,0.20875156
34401,0.34972963
34672,0.49668834
17639,0.20875156
33219,0.24549836
8520,0.20875156
38889,0.24549836
2366,0.20875156
4600,0.20875156
14347,0.20875156
34836,0.49668834
36952,0.24549836
34323,0.34972963
20611,0.20875156
12444,0.34972963
12260,0.20875156
20127,0.20875156
6541,0.20875156
31804,0.24549836
44462,0.43309024
1108,0.34972963
39442,0.24549836
15916,0.20875156
25216,0.20875156
23705,0.20875156
32310,0.49668834
13630,0.20875156
35837,0.34972963
13918,0.20875156
1277,0.20875156
19289,0.20875156
17100,0.20875156
37965,0.24549836
13246,0.20875156
17809,0.20875156
13844,0.20875156
2726,0.20875156
33930,0.24549836
43110,0.43309024
41013,0.32276765
28789,0.24549836
33125,0.24549836
32076,0.24549836
30316,0.24549836
34394,0.24549836
5518,0.20875156
43521,0.43309024
17034,0.20875156
17355,0.20875156
2462,0.20875156
24803,0.20875156
31505,0.24549836
42939,0.43309024
31326,0.49668834
33072,0.24549836
30355,0.24549836
35412,0.24549836
20554,0.20875156
21273,0.20875156
39157,0.24549836
27392,0.20875156
4923,0.20875156
40034,0.5488107
35280,0.24549836
36445,0.24549836
43326,0.43309024
36517,0.24549836
9906,0.20875156
2111,0.20875156
29005,0.24549836
21137,0.20875156
33303,0.24549836
19647,0.20875156
23603,0.20875156
13634,0.20875156
14551,0.20875156
14670,0.20875156
2947,0.20875156
21832,0.20875156
9126,0.20875156
2689,0.20875156
29938,0.24549836
3530,0.20875156
20183,0.20875156
13068,0.34972963
21529,0.20875156
31443,0.24549836
43354,0.43309024
10809,0.20875156
44811,0.32276765
7524,0.20875156
1233,0.20875156
33858,0.24549836
30830,0.24549836
9081,0.20875156
24178,0.20875156
34925,0.24549836
15664,0.20875156
26125,0.20875156
34802,0.24549836
18019,0.49668834
23201,0.20875156
14308,0.20875156
41936,0.32276765
39376,0.24549836
14038,0.20875156
30805,0.24549836
26969,0.34972963
13032,0.20875156
6238,0.20875156
5508,0.20875156
26044,0.49668834
6888,0.20875156
248,0.20875156
43871,0.32276765
3058,0.20875156
27506,0.24549836
34026,0.24549836
2409,0.20875156
1833,0.49668834
37045,0.24549836
13293,0.34972963
38264,0.24549836
15447,0.20875156
14746,0.20875156
27295,0.49668834
13408,0.20875156
19415,0.34972963
40815,0.32276765
37497,0.24549836
7855,0.20875156
43635,0.32276765
26982,0.20875156
31303,0.24549836
43796,0.43309024
12054,0.20875156
7135,0.20875156
21953,0.20875156
2159,0.49668834
25560,0.20875156
19351,0.20875156
9258,0.20875156
5640,0.20875156
33008,0.34972963
1585,0.20875156
42518,0.43309024
19237,0.20875156
101,0.20875156
16394,0.20875156
21975,0.20875156
7938,0.20875156
37341,0.24549836
7695,0.34972963
34669,0.24549836
40004,0.24549836
8604,0.49668834
30317,0.24549836
34579,0.24549836
3000,0.20875156
32254,0.24549836
18894,0.20875156
38582,0.47860748
25989,0.20875156
18645,0.20875156
7627,0.20875156
15334,0.20875156
10880,0.20875156
38940,0.24549836
18222,0.20875156
26060,0.34972963
4479,0.20875156
16316,0.20875156
40220,0.5488107
21755,0.20875156
36875,0.24549836
7143,0.20875156
36508,0.24549836
34931,0.24549836
16950,0.20875156
26994,0.34972963
4164,0.20875156
7293,0.20875156
11193,0.49668834
4036,0.49668834
14165,0.20875156
42132,0.43309024
38781,0.24549836
8294,0.20875156
15002,0.20875156
24849,0.20875156
4976,0.20875156
22982,0.20875156
34189,0.24549836
32403,0.24549836
30710,0.24549836
17502,0.20875156
2394,0.20875156
23565,0.20875156
4876,0.20875156
18265,0.20875156
14634,0.20875156
32644,0.24549836
3513,0.20875156
10790,0.20875156
11483,0.20875156
27065,0.20875156
36240,0.34972963
32414,0.24549836
176,0.20875156
9011,0.20875156
15920,0.34972963
20496,0.20875156
18635,0.20875156
40014,0.24549836
3303,0.20875156
37939,0.24549836
20206,0.20875156
19338,0.20875156
22997,0.20875156
38832,0.24549836
19220,0.34972963
13404,0.20875156
40572,0.24549836
34482,0.24549836
39706,0.24549836
13280,0.20875156
44841,0.32276765
4168,0.20875156
15642,0.34972963
27019,0.20875156
40132,0.24549836
36949,0.24549836
30867,0.24549836
22692,0.20875156
42467,0.43309024
5699,0.20875156
33153,0.49668834
3256,0.49668834
21824,0.20875156
6122,0.20875156
18238,0.20875156
33289,0.24549836
43093,0.43309024
9259,0.20875156
3557,0.20875156
6229,0.34972963
42165,0.32276765
6509,0.20875156
44536,0.43309024
2473,0.20875156
26370,0.20875156
13275,0.20875156
37175,0.24549836
12542,0.20875156
43061,0.43309024
11181,0.20875156
4228,0.20875156
35939,0.24549836
25907,0.20875156
24956,0.20875156
10266,0.34972963
32286,0.24549836
30032,0.24549836
12474,0.20875156
24513,0.20875156
32418,0.24549836
13490,0.20875156
27360,0.20875156
3700,0.20875156
36694,0.24549836
32281,0.34972963
21670,0.20875156
23665,0.20875156
34510,0.34972963
41871,0.32276765
13511,0.20875156
3379,0.20875156
40827,0.32276765
728,0.20875156
27665,0.24549836
28686,0.34972963
25329,0.20875156
19551,0.20875156
16741,0.20875156
13482,0.20875156
22754,0.20875156
24779,0.20875156
26626,0.20875156
9019,0.20875156
25853,0.20875156
7442,0.20875156
41683,0.43309024
25325,0.20875156
14420,0.20875156
23223,0.20875156
35990,0.24549836
1909,0.20875156
9747,0.20875156
40649,0.24549836
10252,0.20875156
40814,0.43309024
25018,0.20875156
14597,0.20875156
18832,0.20875156
23032,0.20875156
13999,0.20875156
18208,0.20875156
34235,0.34972963
20559,0.34972963
12869,0.20875156
13251,0.20875156
37178,0.24549836
12136,0.20875156
30113,0.24549836
7764,0.34972963
1866,0.20875156
19933,0.20875156
38818,0.24549836
15622,0.20875156
34306,0.24549836
2631,0.20875156
39139,0.24549836
12906,0.20875156
41440,0.5488107
22000,0.20875156
23529,0.20875156
17741,0.20875156
25769,0.20875156
15267,0.20875156
41234,0.43309024
16427,0.49668834
28780,0.24549836
3106,0.20875156
11132,0.20875156
40358,0.24549836
14061,0.20875156
23281,0.20875156
8483,0.20875156
13029,0.20875156
39162,0.24549836
4426,0.20875156
8951,0.20875156
7699,0.20875156
12424,0.20875156
3712,0.20875156
9898,0.20875156
17599,0.20875156
13201,0.20875156
37897,0.5488107
16956,0.20875156
16893,0.20875156
39402,0.24549836
8459,0.20875156
11569,0.20875156
5903,0.20875156
26138,0.20875156
42394,0.43309024
17609,0.20875156
9778,0.20875156
40523,0.24549836
7483,0.20875156
968,0.20875156
33138,0.24549836
9144,0.34972963
2847,0.20875156
19804,0.20875156
35912,0.24549836
15881,0.34972963
9188,0.20875156
12217,0.20875156
16747,0.20875156
32326,0.24549836
35437,0.24549836
22971,0.20875156
39994,0.24549836
602,0.20875156
6988,0.20875156
8539,0.20875156
38340,0.24549836
35297,0.24549836
44206,0.5488107
30197,0.24549836
27166,0.20875156
13057,0.20875156
15627,0.20875156
34458,0.24549836
24632,0.20875156
39053,0.24549836
15576,0.20875156
40040,0.5488107
22598,0.20875156
39582,0.24549836
10258,0.20875156
6196,0.20875156
43919,0.32276765
21599,0.20875156
20429,0.20875156
6659,0.20875156
18399,0.20875156
26583,0.49668834
8042,0.20875156
19977,0.20875156
30387,0.24549836
2765,0.20875156
8061,0.20875156
4591,0.34972963
26862,0.20875156
26337,0.20875156
33213,0.24549836
30043,0.24549836
9506,0.20875156
39301,0.24549836
3524,0.49668834
4588,0.20875156
20627,0.20875156
18477,0.20875156
36425,0.24549836
6556,0.20875156
38394,0.24549836
34566,0.34972963
25664,0.20875156
40483,0.24549836
30385,0.24549836
25218,0.20875156
24354,0.20875156
41873,0.32276765
9972,0.20875156
44098,0.43309024
1518,0.20875156
16363,0.34972963
17718,0.20875156
38359,0.24549836
8283,0.20875156
11644,0.20875156
20048,0.20875156
2298,0.20875156
12062,0.20875156
30534,0.24549836
42021,0.32276765
11025,0.20875156
6652,0.34972963
2517,0.20875156
15946,0.20875156
3855,0.20875156
41728,0.32276765
34086,0.49668834
20889,0.20875156
4922,0.20875156
44931,0.32276765
29752,0.24549836
24663,0.20875156
42554,0.5488107
19522,0.20875156
11867,0.34972963
36924,0.24549836
42493,0.32276765
38161,0.24549836
20582,0.20875156
2924,0.20875156
20795,0.20875156
25558,0.34972963
24114,0.20875156
20464,0.20875156
34518,0.34972963
29482,0.24549836
27886,0.34972963
27064,0.20875156
4518,0.20875156
37477,0.24549836
39630,0.24549836
31645,0.24549836
36488,0.24549836
24300,0.20875156
26169,0.20875156
38546,0.5488107
1737,0.20875156
20557,0.20875156
43122,0.43309024
13037,0.20875156
31937,0.24549836
7501,0.20875156
4177,0.20875156
6762,0.20875156
30241,0.24549836
14009,0.20875156
34453,0.24549836
12115,0.20875156
14096,0.20875156
4916,0.20875156
3073,0.20875156
8809,0.20875156
19912,0.20875156
12298,0.20875156
14569,0.20875156
29950,0.24549836
35497,0.24549836
36609,0.24549836
6258,0.20875156
5614,0.20875156
37184,0.24549836
43343,0.43309024
11858,0.20875156
43251,0.43309024
27700,0.24549836
21974,0.20875156
9921,0.20875156
34371,0.24549836
4943,0.20875156
15394,0.20875156
20045,0.20875156
16869,0.20875156
5721,0.20875156
10611,0.20875156
21059,0.20875156
15984,0.20875156
17922,0.20875156
21703,0.20875156
11665,0.20875156
6172,0.20875156
35461,0.34972963
38977,0.24549836
22826,0.20875156
20128,0.20875156
34971,0.24549836
44264,0.43309024
13083,0.20875156
24277,0.20875156
35396,0.24549836
21737,0.20875156
20524,0.20875156
23637,0.20875156
26660,0.20875156
34780,0.24549836
17601,0.20875156
19589,0.20875156
33396,0.24549836
23816,0.20875156
20873,0.20875156
44994,0.43309024
6457,0.20875156
26070,0.20875156
1599,0.20875156
24377,0.20875156
15362,0.20875156
18775,0.34972963
21051,0.20875156
44988,0.32276765
10842,0.20875156
2960,0.20875156
44026,0.43309024
21473,0.20875156
6953,0.20875156
11190,0.20875156
9382,0.49668834
362,0.20875156
39488,0.24549836
20438,0.20875156
34176,0.24549836
9862,0.20875156
8883,0.20875156
30607,0.24549836
29101,0.24549836
10212,0.20875156
42887,0.43309024
3408,0.20875156
1302,0.20875156
21311,0.20875156
32660,0.24549836
31037,0.24549836
11261,0.20875156
39723,0.24549836
37308,0.24549836
16097,0.20875156
26354,0.20875156
1986,0.20875156
24685,0.20875156
21527,0.20875156
39609,0.24549836
2437,0.20875156
12562,0.20875156
12629,0.20875156
2544,0.34972963
41850,0.32276765
25110,0.20875156
16120,0.20875156
40540,0.24549836
22750,0.20875156
19486,0.20875156
14373,0.20875156
20479,0.20875156
35839,0.24549836
14065,0.20875156
33614,0.24549836
22751,0.20875156
16450,0.20875156
44500,0.43309024
32522,0.24549836
43294,0.32276765
32112,0.34972963
43957,0.43309024
36794,0.24549836
8003,0.20875156
34289,0.24549836
30064,0.24549836
39767,0.24549836
3829,0.20875156
12575,0.20875156
17181,0.20875156
26255,0.20875156
38496,0.24549836
40091,0.24549836
2369,0.20875156
44688,0.43309024
8818,0.34972963
35704,0.24549836
37117,0.24549836
15401,0.20875156
43010,0.43309024
24984,0.20875156
11244,0.20875156
8903,0.20875156
28277,0.24549836
29540,0.24549836
38215,0.24549836
7546,0.20875156
24726,0.20875156
35931,0.24549836
39550,0.5488107
41090,0.43309024
124,0.20875156
5486,0.20875156
33451,0.24549836
37435,0.24549836
36519,0.24549836
3796,0.20875156
32954,0.24549836
18472,0.20875156
17432,0.20875156
7530,0.20875156
34638,0.24549836
11785,0.20875156
28004,0.24549836
12778,0.20875156
15333,0.34972963
42398,0.43309024
955,0.20875156
14752,0.20875156
16611,0.20875156
27666,0.24549836
1404,0.20875156
1201,0.34972963
35936,0.24549836
41784,0.32276765
43155,0.43309024
10191,0.20875156
5700,0.20875156
15335,0.20875156
18435,0.20875156
31713,0.24549836
36441,0.34972963
11197,0.49668834
3838,0.20875156
16994,0.20875156
18052,0.49668834
39350,0.24549836
24965,0.20875156
34315,0.24549836
24606,0.20875156
21451,0.20875156
44175,0.43309024
3515,0.34972963
1524,0.20875156
9093,0.20875156
14294,0.20875156
9787,0.20875156
6789,0.20875156
36724,0.24549836
21048,0.20875156
33400,0.24549836
25588,0.20875156
15558,0.20875156
15318,0.20875156
36600,0.48314685
23401,0.20875156
25699,0.20875156
19667,0.34972963
34705,0.24549836
34550,0.24549836
18752,0.20875156
36506,0.24549836
30042,0.24549836
28289,0.49668834
21937,0.20875156
2904,0.20875156
9291,0.20875156
5191,0.20875156
23175,0.20875156
42442,0.32276765
16826,0.20875156
24707,0.20875156
7714,0.20875156
40842,0.43309024
1709,0.20875156
7485,0.20875156
26563,0.20875156
34788,0.24549836
11546,0.20875156
26967,0.20875156
40527,0.5488107
22024,0.20875156
9395,0.20875156
9227,0.20875156
24145,0.20875156
37095,0.24549836
759,0.20875156
10563,0.20875156
21351,0.20875156
38518,0.24549836
17448,0.34972963
13518,0.20875156
33717,0.24549836
13879,0.20875156
41788,0.43309024
39502,0.24549836
23964,0.20875156
22252,0.20875156
24970,0.20875156
15568,0.20875156
1872,0.20875156
14393,0.20875156
21194,0.20875156
25604,0.34972963
8068,0.20875156
6369,0.20875156
24042,0.20875156
41995,0.5488107
10623,0.20875156
18979,0.20875156
887,0.20875156
41208,0.43309024
18535,0.20875156
2378,0.34972963
3219,0.20875156
33770,0.24549836
25572,0.34972963
26663,0.20875156
27597,0.24549836
36103,0.24549836
26787,0.34972963
24519,0.20875156
14439,0.20875156
18259,0.20875156
24489,0.20875156
17853,0.20875156
25021,0.20875156
5440,0.20875156
37682,0.24549836
25681,0.20875156
35433,0.34972963
29310,0.24549836
25730,0.20875156
16915,0.20875156
21496,0.20875156
29304,0.24549836
6267,0.34972963
31027,0.24549836
13697,0.34972963
36790,0.24549836
27307,0.20875156
21921,0.20875156
43945,0.43309024
26156,0.20875156
20747,0.20875156
17997,0.20875156
3422,0.20875156
43174,0.5488107
36851,0.24549836
26299,0.20875156
33152,0.24549836
28294,0.24549836
23916,0.20875156
31074,0.24549836
11353,0.20875156
28454,0.34972963
37082,0.24549836
37988,0.24549836
4830,0.20875156
33412,0.24549836
8292,0.20875156
35427,0.24549836
5964,0.20875156
2953,0.20875156
14283,0.20875156
32882,0.24549836
15239,0.49668834
13398,0.20875156
9922,0.20875156
34798,0.34972963
28455,0.24549836
28880,0.24549836
22164,0.20875156
17054,0.34972963
1535,0.20875156
23212,0.20875156
9399,0.20875156
14329,0.20875156
1534,0.20875156
31550,0.24549836
32348,0.24549836
17778,0.20875156
25739,0.20875156
16262,0.20875156
6242,0.20875156
22510,0.20875156
32430,0.34972963
25408,0.34972963
15791,0.20875156
21971,0.49668834
43789,0.43309024
25385,0.20875156
9089,0.20875156
5627,0.20875156
12574,0.20875156
25305,0.20875156
41701,0.43309024
37867,0.24549836
2149,0.20875156
17966,0.20875156
43806,0.32276765
3759,0.20875156
33926,0.34972963
39535,0.24549836
17796,0.49668834
2208,0.20875156
29449,0.24549836
3867,0.20875156
9944,0.20875156
8284,0.20875156
2421,0.20875156
25378,0.20875156
36107,0.24549836
34707,0.24549836
21592,0.20875156
32770,0.24549836
16996,0.20875156
703,0.20875156
21435,0.20875156
23831,0.20875156
5600,0.20875156
17196,0.20875156
28243,0.24549836
35788,0.24549836
17974,0.20875156
42073,0.43309024
31254,0.24549836
10678,0.20875156
2193,0.49668834
38167,0.24549836
40467,0.5488107
44209,0.43309024
34166,0.24549836
15761,0.20875156
28664,0.24549836
33738,0.24549836
11072,0.20875156
2140,0.20875156
33439,0.24549836
27035,0.20875156
22421,0.49668834
8350,0.20875156
28781,0.24549836
15505,0.20875156
17646,0.20875156
9983,0.20875156
16407,0.34972963
11065,0.20875156
17021,0.20875156
5750,0.20875156
37614,0.24549836
6536,0.20875156
14425,0.20875156
32661,0.24549836
33070,0.24549836
31404,0.24549836
20699,0.20875156
44267,0.43309024
1333,0.20875156
38258,0.24549836
41857,0.43309024
5847,0.49668834
38804,0.24549836
38078,0.24549836
37135,0.24549836
25268,0.20875156
44985,0.43309024
17510,0.20875156
37545,0.24549836
40860,0.32276765
9110,0.20875156
44256,0.47860748
42368,0.43309024
10467,0.34972963
31244,0.24549836
29858,0.24549836
30865,0.24549836
8810,0.20875156
837,0.20875156
513,0.49668834
12866,0.34972963
44449,0.5488107
3993,0.20875156
44654,0.32276765
32387,0.24549836
40622,0.24549836
1322,0.20875156
6094,0.20875156
28250,0.24549836
40537,0.24549836
18443,0.20875156
29767,0.24549836
44797,0.32276765
21878,0.20875156
32719,0.24549836
42222,0.43309024
15272,0.20875156
6374,0.20875156
21230,0.20875156
12078,0.20875156
12437,0.20875156
28342,0.24549836
8514,0.20875156
41503,0.43309024
648,0.20875156
12660,0.34972963
3393,0.20875156
8087,0.20875156
35343,0.24549836
14023,0.20875156
16594,0.20875156
10919,0.20875156
42509,0.32276765
40615,0.24549836
17967,0.20875156
28173,0.24549836
791,0.20875156
36447,0.24549836
14052,0.20875156
31040,0.24549836
39478,0.5488107
30445,0.24549836
22469,0.20875156
10313,0.20875156
33390,0.24549836
22002,0.20875156
33829,0.24549836
22626,0.20875156
9942,0.20875156
38047,0.5488107
5566,0.20875156
22959,0.20875156
5966,0.20875156
29983,0.49668834
10619,0.20875156
29296,0.24549836
34587,0.24549836
23485,0.20875156
5382,0.20875156
25139,0.20875156
11529,0.20875156
21256,0.20875156
39072,0.24549836
14493,0.20875156
4008,0.20875156
7157,0.20875156
500,0.20875156
20015,0.20875156
22587,0.20875156
3173,0.20875156
29939,0.24549836
37329,0.5488107
28747,0.24549836
16603,0.20875156
32255,0.24549836
24019,0.20875156
15378,0.20875156
9705,0.20875156
39271,0.24549836
12262,0.20875156
34395,0.24549836
12047,0.20875156
39286,0.24549836
14591,0.34972963
18461,0.20875156
14108,0.20875156
40942,0.32276765
43951,0.5488107
1456,0.20875156
35291,0.24549836
18994,0.49668834
37110,0.24549836
33301,0.24549836
10043,0.20875156
22089,0.20875156
16695,0.20875156
35225,0.24549836
4775,0.20875156
8318,0.20875156
8678,0.20875156
2740,0.20875156
27676,0.24549836
18290,0.20875156
20477,0.20875156
17482,0.20875156
41846,0.32276765
32647,0.24549836
28639,0.34972963
43888,0.32276765
32011,0.24549836
28415,0.24549836
10250,0.20875156
41601,0.43309024
33714,0.24549836
2347,0.20875156
9269,0.20875156
30568,0.24549836
29112,0.24549836
8180,0.20875156
4301,0.20875156
7227,0.34972963
28132,0.24549836
15458,0.20875156
10091,0.20875156
23018,0.20875156
14694,0.20875156
32189,0.24549836
1655,0.20875156
22803,0.20875156
28805,0.24549836
8262,0.20875156
37073,0.24549836
11673,0.20875156
44553,0.5488107
32616,0.24549836
5997,0.20875156
30152,0.24549836
17168,0.20875156
33067,0.24549836
1644,0.20875156
31649,0.24549836
43298,0.43309024
29891,0.24549836
14158,0.20875156
21886,0.20875156
28388,0.24549836
12793,0.20875156
35269,0.34972963
7870,0.20875156
26763,0.34972963
18103,0.20875156
14058,0.20875156
11612,0.20875156
10475,0.20875156
12263,0.20875156
6969,0.20875156
2231,0.20875156
34043,0.24549836
5865,0.20875156
17791,0.20875156
5777,0.20875156
20250,0.20875156
42469,0.43309024
24562,0.20875156
36657,0.24549836
13506,0.20875156
8540,0.20875156
42122,0.43309024
27429,0.24549836
5976,0.20875156
31397,0.24549836
3383,0.20875156
19406,0.20875156
1952,0.20875156
27444,0.24549836
38921,0.24549836
30190,0.24549836
25695,0.20875156
33069,0.24549836
44840,0.32276765
1787,0.20875156
19940,0.20875156
41739,0.47860748
17282,0.20875156
4213,0.20875156
9592,0.20875156
21109,0.20875156
9120,0.20875156
39793,0.24549836
13758,0.20875156
14850,0.20875156
44424,0.32276765
37339,0.24549836
11576,0.20875156
7640,0.20875156
6544,0.20875156
28405,0.24549836
12069,0.20875156
28895,0.24549836
21597,0.20875156
34534,0.24549836
16325,0.20875156
40343,0.5488107
8716,0.20875156
34915,0.24549836
33671,0.24549836
1457,0.20875156
43947,0.43309024
27684,0.24549836
16544,0.20875156
7149,0.20875156
29085,0.24549836
40694,0.24549836
6187,0.34972963
30717,0.24549836
9378,0.20875156
11349,0.34972963
25855,0.20875156
24009,0.20875156
22245,0.20875156
17399,0.20875156
15626,0.20875156
12731,0.20875156
39558,0.24549836
41301,0.43309024
37741,0.24549836
24605,0.20875156
44455,0.43309024
3782,0.20875156
16631,0.20875156
28818,0.24549836
19979,0.20875156
583,0.20875156
34981,0.24549836
29154,0.24549836
7602,0.34972963
20986,0.20875156
12649,0.20875156
12083,0.20875156
17300,0.20875156
33757,0.24549836
13901,0.20875156
12491,0.20875156
14043,0.20875156
11071,0.20875156
3705,0.20875156
30758,0.24549836
10383,0.20875156
21095,0.20875156
42303,0.43309024
27546,0.24549836
20471,0.20875156
9664,0.20875156
2807,0.20875156
4350,0.34972963
7441,0.20875156
21406,0.20875156
1178,0.20875156
10650,0.20875156
38000,0.5488107
13544,0.20875156
29792,0.34972963
31200,0.24549836
42408,0.43309024
23573,0.20875156
27259,0.20875156
15231,0.20875156
6865,0.20875156
28949,0.24549836
15148,0.20875156
4107,0.20875156
30990,0.24549836
29260,0.24549836
9651,0.20875156
16709,0.20875156
40323,0.24549836
1351,0.20875156
36619,0.24549836
29348,0.24549836
29299,0.24549836
37479,0.5488107
42028,0.43309024
42889,0.43309024
5266,0.20875156
6670,0.20875156
12799,0.20875156
36795,0.24549836
8812,0.34972963
2671,0.20875156
41158,0.43309024
13031,0.20875156
33016,0.24549836
35415,0.49668834
43539,0.43309024
24314,0.20875156
28923,0.24549836
35488,0.24549836
37234,0.24549836
35358,0.24549836
9914,0.20875156
15751,0.20875156
33511,0.24549836
17817,0.20875156
16336,0.20875156
4944,0.34972963
3932,0.20875156
18429,0.20875156
19297,0.20875156
34821,0.24549836
28607,0.24549836
6116,0.20875156
6967,0.20875156
44571,0.43309024
42053,0.43309024
42423,0.32276765
7180,0.20875156
23257,0.20875156
42608,0.5488107
35725,0.24549836
24411,0.20875156
28840,0.34972963
43423,0.43309024
13868,0.34972963
38374,0.24549836
33324,0.24549836
19456,0.20875156
2076,0.20875156
6561,0.20875156
29702,0.24549836
3285,0.20875156
4570,0.20875156
2327,0.20875156
25675,0.34972963
44200,0.43309024
37559,0.24549836
36961,0.5488107
15256,0.20875156
25202,0.20875156
5388,0.20875156
23463,0.20875156
7762,0.20875156
22818,0.20875156
13325,0.20875156
20476,0.20875156
4810,0.20875156
1521,0.49668834
8944,0.34972963
26734,0.20875156
8370,0.20875156
4450,0.20875156
10949,0.49668834
12331,0.20875156
34771,0.24549836
16720,0.20875156
4227,0.20875156
13342,0.20875156
13028,0.20875156
15620,0.20875156
23396,0.20875156
22691,0.20875156
4099,0.20875156
36856,0.48314685
42701,0.5488107
17782,0.20875156
24762,0.20875156
29039,0.24549836
39876,0.24549836
1075,0.20875156
16104,0.20875156
1964,0.20875156
26095,0.20875156
3892,0.20875156
35218,0.49668834
18542,0.20875156
6383,0.20875156
28687,0.24549836
9238,0.20875156
40986,0.43309024
21805,0.20875156
19461,0.20875156
25481,0.20875156
11543,0.20875156
42932,0.43309024
35334,0.34972963
42941,0.32276765
17032,0.49668834
8060,0.20875156
25419,0.49668834
12581,0.20875156
5533,0.20875156
25465,0.20875156
30004,0.34972963
43846,0.32276765
2262,0.20875156
16160,0.20875156
11123,0.20875156
2673,0.20875156
31539,0.24549836
29539,0.24549836
27039,0.20875156
12292,0.20875156
41432,0.43309024
42159,0.32276765
30641,0.24549836
25776,0.20875156
42573,0.5488107
40552,0.24549836
5378,0.20875156
31915,0.24549836
29352,0.24549836
16625,0.20875156
37961,0.24549836
2667,0.20875156
36918,0.48314685
27498,0.24549836
3498,0.49668834
29267,0.24549836
22255,0.20875156
41912,0.5488107
32684,0.24549836
37899,0.24549836
34377,0.24549836
23433,0.20875156
11012,0.34972963
34188,0.24549836
23878,0.20875156
38521,0.24549836
28567,0.24549836
20521,0.34972963
12226,0.20875156
18523,0.20875156
27753,0.24549836
24566,0.34972963
44008,0.32276765
6159,0.20875156
30013,0.24549836
7603,0.20875156
27280,0.20875156
31695,0.24549836
29704,0.24549836
6676,0.20875156
8288,0.20875156
30388,0.24549836
12103,0.20875156
43435,0.43309024
22970,0.20875156
25307,0.20875156
11704,0.20875156
21126,0.49668834
26468,0.20875156
4869,0.20875156
30688,0.24549836
34164,0.24549836
1161,0.20875156
889,0.20875156
26025,0.20875156
34532,0.24549836
31919,0.24549836
37885,0.24549836
8778,0.20875156
31360,0.24549836
7455,0.20875156
9631,0.20875156
17834,0.20875156
27971,0.24549836
27474,0.34972963
35014,0.24549836
6365,0.20875156
10135,0.20875156
3231,0.20875156
40213,0.24549836
11141,0.20875156
18024,0.34972963
509,0.20875156
38379,0.5488107
26119,0.20875156
13975,0.20875156
26887,0.49668834
31256,0.24549836
30847,0.24549836
21774,0.20875156
43427,0.32276765
6421,0.20875156
21176,0.20875156
617,0.20875156
35683,0.24549836
32194,0.24549836
31598,0.24549836
14838,0.20875156
20414,0.20875156
21698,0.20875156
27326,0.20875156
16313,0.20875156
1749,0.20875156
28755,0.24549836
12939,0.20875156
35921,0.24549836
9383,0.20875156
35336,0.24549836
13696,0.20875156
9999,0.20875156
15679,0.20875156
31892,0.24549836
37389,0.24549836
2845,0.20875156
23355,0.20875156
20413,0.20875156
2338,0.20875156
44887,0.43309024
11457,0.20875156
16647,0.20875156
17365,0.20875156
33124,0.24549836
29404,0.24549836
12896,0.20875156
34952,0.49668834
42410,0.43309024
7638,0.34972963
36726,0.24549836
10410,0.20875156
24458,0.20875156
36570,0.24549836
32517,0.24549836
27614,0.24549836
38939,0.24549836
24246,0.20875156
31287,0.24549836
18831,0.20875156
35067,0.24549836
11603,0.20875156
24787,0.20875156
24252,0.20875156
2115,0.20875156
24719,0.20875156
30908,0.24549836
43995,0.43309024
19084,0.20875156
41127,0.32276765
39470,0.24549836
32091,0.24549836
7633,0.34972963
31623,0.24549836
41562,0.43309024
26516,0.20875156
1784,0.20875156
18139,0.20875156
6406,0.20875156
26088,0.20875156
19467,0.20875156
42321,0.32276765
15769,0.20875156
29291,0.24549836
21468,0.20875156
12513,0.20875156
13774,0.20875156
14790,0.20875156
6315,0.20875156
9872,0.20875156
39113,0.24549836
674,0.20875156
13307,0.20875156
5853,0.34972963
6291,0.20875156
12680,0.20875156
16808,0.20875156
7173,0.20875156
25648,0.20875156
38314,0.24549836
43939,0.43309024
29003,0.24549836
4297,0.20875156
44024,0.43309024
37903,0.24549836
5284,0.49668834
35810,0.24549836
17887,0.20875156
1921,0.20875156
7155,0.20875156
39786,0.24549836
24438,0.20875156
43346,0.32276765
2789,0.20875156
35052,0.24549836
41877,0.32276765
23950,0.20875156
35732,0.24549836
5707,0.20875156
13851,0.20875156
35260,0.49668834
36233,0.24549836
16754,0.20875156
1495,0.20875156
34199,0.24549836
30721,0.49668834
12294,0.20875156
42471,0.43309024
22489,0.20875156
8420,0.20875156
22672,0.20875156
16006,0.20875156
22658,0.20875156
14622,0.20875156
16615,0.20875156
21363,0.20875156
537,0.20875156
14445,0.20875156
7848,0.20875156
22926,0.20875156
31988,0.24549836
12721,0.20875156
27092,0.34972963
17071,0.20875156
6444,0.34972963
36513,0.24549836
22726,0.20875156
21519,0.20875156
35822,0.34972963
37026,0.24549836
33335,0.24549836
32292,0.24549836
32101,0.24549836
23055,0.20875156
9485,0.20875156
26817,0.20875156
4587,0.20875156
13146,0.20875156
38136,0.24549836
704,0.20875156
664,0.34972963
15139,0.20875156
27428,0.24549836
32422,0.24549836
19694,0.20875156
10953,0.20875156
40924,0.32276765
40269,0.24549836
15681,0.20875156
8210,0.20875156
11468,0.20875156
3773,0.20875156
17917,0.20875156
43158,0.5488107
8485,0.20875156
32780,0.24549836
34997,0.34972963
16403,0.20875156
11552,0.20875156
9981,0.20875156
4082,0.20875156
37055,0.24549836
10009,0.20875156
18229,0.20875156
11759,0.20875156
25915,0.20875156
23430,0.20875156
36698,0.24549836
14826,0.20875156
27304,0.20875156
44992,0.43309024
4317,0.20875156
28929,0.24549836
33619,0.24549836
34474,0.24549836
9108,0.34972963
38244,0.48314685
5763,0.20875156
32813,0.24549836
32803,0.24549836
36004,0.34972963
36889,0.24549836
27595,0.24549836
30071,0.24549836
11380,0.20875156
7024,0.20875156
40,0.20875156
43652,0.43309024
19969,0.20875156
4549,0.20875156
5458,0.20875156
30857,0.24549836
27822,0.34972963
11575,0.20875156
19261,0.20875156
3781,0.20875156
26712,0.20875156
45178,0.43309024
9568,0.20875156
24556,0.20875156
36418,0.24549836
16221,0.20875156
24900,0.34972963
2441,0.20875156
21552,0.20875156
8888,0.20875156
355,0.20875156
113,0.20875156
39624,0.24549836
8067,0.20875156
36432,0.24549836
24730,0.20875156
31472,0.24549836
39870,0.24549836
12169,0.20875156
32492,0.24549836
16245,0.20875156
30966,0.24549836
11011,0.20875156
41295,0.43309024
12944,0.20875156
13493,0.20875156
10057,0.20875156
24977,0.34972963
6710,0.20875156
5722,0.20875156
33434,0.24549836
19035,0.20875156
32880,0.24549836
23338,0.20875156
33276,0.24549836
25381,0.20875156
36821,0.24549836
24062,0.20875156
20125,0.20875156
4282,0.20875156
39708,0.24549836
30449,0.24549836
14137,0.49668834
10920,0.20875156
30637,0.24549836
6099,0.20875156
24587,0.20875156
43582,0.43309024
22425,0.20875156
41285,0.43309024
10981,0.20875156
12051,0.20875156
24205,0.20875156
14726,0.20875156
40082,0.24549836
636,0.20875156
2668,0.20875156
11713,0.20875156
4974,0.20875156
16905,0.20875156
8484,0.20875156
31634,0.24549836
34649,0.24549836
2915,0.20875156
19953,0.20875156
22888,0.20875156
479,0.20875156
44149,0.43309024
36290,0.24549836
36023,0.24549836
32120,0.24549836
44544,0.43309024
28641,0.24549836
24624,0.20875156
25821,0.20875156
26820,0.20875156
4175,0.20875156
39946,0.24549836
42705,0.43309024
41670,0.43309024
7532,0.20875156
27317,0.20875156
7130,0.20875156
5184,0.20875156
4836,0.34972963
7653,0.34972963
9004,0.20875156
2,0.20875156
12427,0.20875156
33080,0.34972963
6974,0.20875156
41437,0.5488107
24598,0.34972963
35037,0.24549836
12033,0.34972963
32822,0.24549836
33274,0.24549836
42689,0.5488107
44652,0.47860748
42255,0.43309024
24491,0.20875156
210,0.20875156
34837,0.24549836
42750,0.43309024
4687,0.20875156
3090,0.34972963
22931,0.20875156
24595,0.20875156
44317,0.5488107
5749,0.20875156
18522,0.20875156
2383,0.20875156
12879,0.20875156
23332,0.20875156
29116,0.24549836
27782,0.24549836
43727,0.43309024
4787,0.20875156
43206,0.43309024
18245,0.20875156
6811,0.20875156
22965,0.20875156
29638,0.24549836
12490,0.20875156
11142,0.20875156
9401,0.20875156
2881,0.20875156
34614,0.24549836
28046,0.24549836
41214,0.32276765
15837,0.20875156
3135,0.34972963
38952,0.24549836
4041,0.20875156
37274,0.24549836
10183,0.20875156
33541,0.24549836
31906,0.24549836
40646,0.24549836
31418,0.24549836
16621,0.20875156
41464,0.32276765
23134,0.20875156
15941,0.20875156
859,0.34972963
38279,0.24549836
1679,0.20875156
42850,0.43309024
33167,0.24549836
23711,0.20875156
31556,0.24549836
605,0.20875156
8176,0.20875156
7810,0.20875156
239,0.20875156
33827,0.24549836
22990,0.20875156
18497,0.34972963
30844,0.24549836
7742,0.34972963
28605,0.34972963
7080,0.20875156
41883,0.43309024
34376,0.24549836
226,0.20875156
25223,0.20875156
5646,0.20875156
24703,0.20875156
25834,0.20875156
11604,0.20875156
20207,0.20875156
39249,0.24549836
20099,0.20875156
28124,0.24549836
24911,0.20875156
36409,0.24549836
21540,0.20875156
81,0.20875156
43392,0.32276765
11904,0.20875156
10654,0.20875156
35374,0.24549836
2125,0.20875156
23478,0.20875156
36788,0.24549836
24728,0.20875156
20410,0.20875156
33377,0.24549836
42879,0.43309024
7183,0.20875156
7059,0.20875156
5790,0.20875156
41226,0.32276765
8158,0.20875156
14656,0.20875156
19987,0.20875156
2662,0.20875156
29861,0.24549836
11807,0.20875156
30935,0.24549836
37342,0.24549836
7596,0.20875156
3949,0.20875156
21695,0.20875156
17487,0.20875156
13080,0.20875156
17109,0.20875156
26278,0.20875156
39223,0.24549836
9937,0.20875156
7318,0.20875156
35943,0.24549836
41282,0.32276765
27778,0.49668834
41928,0.32276765
36391,0.24549836
40021,0.24549836
32082,0.24549836
11434,0.20875156
27037,0.20875156
17959,0.20875156
41378,0.43309024
15640,0.20875156
10396,0.20875156
8491,0.20875156
23316,0.20875156
5996,0.20875156
6044,0.20875156
24475,0.20875156
14448,0.49668834
36804,0.24549836
14240,0.20875156
22096,0.20875156
20491,0.20875156
20520,0.20875156
5355,0.20875156
36679,0.47860748
44329,0.43309024
44082,0.43309024
30681,0.24549836
4069,0.20875156
35533,0.24549836
5873,0.20875156
12322,0.20875156
15973,0.20875156
36629,0.24549836
14814,0.20875156
13150,0.20875156
25758,0.20875156
36035,0.34972963
27670,0.24549836
17885,0.20875156
1735,0.20875156
42364,0.43309024
10604,0.20875156
34733,0.24549836
22360,0.20875156
29471,0.24549836
42198,0.43309024
45116,0.32276765
20042,0.49668834
26854,0.34972963
43598,0.43309024
15238,0.20875156
4427,0.20875156
818,0.49668834
3324,0.20875156
24947,0.20875156
30259,0.24549836
32408,0.34972963
43249,0.43309024
17636,0.20875156
6583,0.20875156
7138,0.20875156
8159,0.20875156
9662,0.20875156
6497,0.20875156
29907,0.24549836
35913,0.24549836
22725,0.20875156
31104,0.24549836
35019,0.24549836
27501,0.24549836
24528,0.34972963
23942,0.20875156
26773,0.20875156
14897,0.20875156
24631,0.20875156
24067,0.20875156
27855,0.34972963
8500,0.20875156
5303,0.34972963
23041,0.20875156
27976,0.49668834
15428,0.20875156
27329,0.20875156
38547,0.24549836
37088,0.24549836
29442,0.24549836
12011,0.20875156
21413,0.20875156
39871,0.24549836
20161,0.20875156
20533,0.20875156
23153,0.20875156
3505,0.49668834
7922,0.20875156
34823,0.24549836
41687,0.32276765
4769,0.20875156
20665,0.20875156
10400,0.20875156
14295,0.20875156
19763,0.20875156
30297,0.24549836
11803,0.20875156
33383,0.24549836
40142,0.24549836
7509,0.20875156
36384,0.24549836
1995,0.20875156
18935,0.20875156
34545,0.24549836
16782,0.34972963
682,0.20875156
1332,0.20875156
780,0.20875156
11915,0.20875156
8953,0.20875156
41049,0.43309024
29990,0.24549836
30853,0.24549836
2434,0.20875156
39650,0.24549836
5791,0.20875156
5773,0.20875156
12040,0.20875156
42740,0.43309024
17988,0.20875156
31426,0.24549836
36850,0.24549836
28822,0.24549836
11617,0.20875156
21405,0.20875156
23899,0.20875156
34697,0.24549836
12023,0.20875156
10687,0.20875156
11266,0.20875156
29356,0.24549836
29051,0.24549836
33574,0.24549836
16593,0.20875156
41159,0.43309024
20331,0.20875156
5272,0.20875156
17863,0.20875156
12667,0.20875156
29786,0.24549836
44091,0.43309024
23220,0.20875156
32674,0.24549836
20112,0.20875156
30742,0.24549836
30893,0.24549836
42216,0.32276765
13662,0.20875156
39923,0.24549836
1262,0.20875156
41902,0.32276765
19147,0.20875156
33496,0.24549836
36842,0.24549836
4610,0.20875156
28768,0.24549836
37191,0.5488107
40441,0.24549836
41430,0.43309024
44474,0.43309024
27623,0.24549836
24359,0.20875156
33517,0.24549836
16162,0.20875156
9264,0.20875156
7296,0.20875156
1938,0.20875156
4098,0.20875156
10680,0.20875156
45022,0.43309024
20187,0.20875156
40689,0.24549836
10646,0.34972963
2755,0.20875156
9372,0.20875156
15135,0.20875156
42566,0.43309024
30833,0.24549836
20905,0.20875156
26359,0.20875156
15721,0.49668834
44513,0.43309024
19356,0.20875156
25565,0.20875156
10785,0.20875156
23731,0.20875156
31702,0.24549836
14730,0.20875156
3517,0.20875156
36157,0.34972963
35424,0.24549836
18145,0.20875156
27952,0.24549836
25427,0.20875156
23389,0.20875156
15245,0.20875156
40308,0.24549836
4530,0.20875156
38879,0.24549836
9589,0.20875156
3552,0.34972963
3918,0.20875156
1598,0.20875156
17296,0.20875156
17380,0.20875156
2850,0.20875156
12475,0.20875156
39300,0.24549836
33640,0.24549836
26553,0.20875156
39391,0.24549836
9774,0.20875156
2185,0.20875156
32902,0.24549836
27835,0.24549836
7395,0.20875156
28785,0.24549836
42581,0.43309024
23974,0.20875156
40347,0.24549836
22448,0.20875156
43470,0.32276765
3727,0.20875156
40267,0.24549836
6273,0.20875156
19540,0.20875156
28412,0.24549836
12687,0.34972963
4893,0.20875156
23392,0.20875156
13548,0.20875156
23262,0.20875156
9298,0.20875156
4064,0.20875156
26020,0.20875156
44793,0.43309024
40683,0.24549836
38382,0.24549836
3182,0.20875156
24329,0.20875156
42658,0.43309024
250,0.34972963
34421,0.24549836
1483,0.20875156
28169,0.24549836
44815,0.43309024
12733,0.20875156
5480,0.20875156
35999,0.24549836
21308,0.20875156
4967,0.20875156
13407,0.20875156
408,0.20875156
39868,0.5488107
8544,0.20875156
18904,0.20875156
6309,0.20875156
43204,0.43309024
20719,0.20875156
42990,0.43309024
17877,0.20875156
26522,0.20875156
23208,0.20875156
31281,0.24549836
27361,0.20875156
28444,0.34972963
7919,0.20875156
34554,0.24549836
36336,0.24549836
9771,0.20875156
41631,0.32276765
14563,0.49668834
11288,0.34972963
10088,0.20875156
23536,0.20875156
25449,0.20875156
10778,0.20875156
20808,0.20875156
30587,0.24549836
10653,0.20875156
13209,0.20875156
24185,0.20875156
41375,0.32276765
5049,0.20875156
36526,0.24549836
4418,0.20875156
38211,0.24549836
3990,0.20875156
26802,0.20875156
8204,0.20875156
3491,0.20875156
14690,0.34972963
38856,0.24549836
8819,0.34972963
472,0.34972963
9659,0.20875156
17750,0.20875156
32249,0.24549836
416,0.20875156
33559,0.24549836
19055,0.20875156
3831,0.34972963
25881,0.20875156
21573,0.20875156
44389,0.32276765
5269,0.20875156
25570,0.20875156
36913,0.24549836
33102,0.24549836
16696,0.20875156
40791,0.43309024
20155,0.20875156
14490,0.20875156
24207,0.34972963
1439,0.20875156
42921,0.43309024
34496,0.24549836
18707,0.20875156
16045,0.20875156
36565,0.24549836
35214,0.24549836
39773,0.24549836
4460,0.20875156
12671,0.34972963
41708,0.43309024
19298,0.20875156
9182,0.20875156
25864,0.20875156
20232,0.20875156
13920,0.20875156
31669,0.24549836
34568,0.24549836
25703,0.20875156
27986,0.24549836
44545,0.43309024
1635,0.20875156
13067,0.34972963
36587,0.24549836
17672,0.20875156
7523,0.20875156
1954,0.20875156
19672,0.20875156
10580,0.20875156
23388,0.20875156
10585,0.20875156
23149,0.20875156
33865,0.24549836
4542,0.20875156
9552,0.20875156
29694,0.24549836
18851,0.20875156
23023,0.20875156
13494,0.20875156
37488,0.24549836
37210,0.24549836
18877,0.20875156
36213,0.24549836
25224,0.20875156
17951,0.20875156
6960,0.20875156
2361,0.20875156
9234,0.20875156
25561,0.20875156
28462,0.24549836
22382,0.20875156
7658,0.34972963
29952,0.24549836
39620,0.24549836
43917,0.5488107
34770,0.24549836
16285,0.20875156
36086,0.24549836
37094,0.5488107
16497,0.34972963
2553,0.20875156
34624,0.24549836
29246,0.24549836
9204,0.20875156
35281,0.24549836
24536,0.20875156
10173,0.20875156
25440,0.34972963
17525,0.20875156
12365,0.20875156
3289,0.20875156
18748,0.20875156
16640,0.20875156
26616,0.20875156
40875,0.5488107
41545,0.32276765
11455,0.34972963
44507,0.43309024
21251,0.20875156
31951,0.24549836
47,0.20875156
6970,0.20875156
10929,0.20875156
38088,0.24549836
34720,0.24549836
29748,0.49668834
38917,0.24549836
14973,0.49668834
19506,0.20875156
15035,0.20875156
6581,0.20875156
30342,0.24549836
7893,0.20875156
34665,0.24549836
43366,0.32276765
38535,0.5488107
2059,0.20875156
25618,0.20875156
44719,0.43309024
26720,0.20875156
18580,0.20875156
35200,0.24549836
33572,0.24549836
9236,0.20875156
24929,0.20875156
22548,0.20875156
41414,0.5488107
9142,0.20875156
26106,0.20875156
35653,0.24549836
44505,0.43309024
26492,0.20875156
4832,0.20875156
29834,0.24549836
3703,0.34972963
761,0.20875156
8729,0.20875156
25336,0.34972963
42641,0.43309024
25634,0.20875156
22488,0.20875156
25996,0.20875156
1817,0.20875156
17813,0.20875156
4464,0.20875156
11860,0.34972963
29908,0.24549836
13133,0.20875156
1892,0.20875156
7240,0.20875156
17818,0.20875156
44443,0.43309024
13005,0.20875156
30496,0.24549836
10508,0.20875156
20433,0.20875156
38109,0.24549836
30360,0.24549836
8902,0.20875156
25631,0.20875156
12521,0.20875156
27302,0.20875156
13252,0.20875156
2729,0.20875156
36137,0.24549836
34799,0.24549836
18450,0.20875156
3900,0.20875156
25875,0.20875156
17358,0.20875156
9757,0.20875156
12094,0.20875156
3698,0.20875156
34721,0.24549836
5549,0.20875156
23061,0.20875156
23921,0.20875156
24084,0.20875156
27769,0.24549836
5293,0.20875156
1253,0.20875156
26914,0.20875156
41841,0.32276765
14672,0.34972963
35356,0.24549836
31369,0.24549836
34384,0.24549836
2805,0.20875156
2161,0.20875156
4616,0.20875156
31114,0.24549836
6928,0.20875156
32058,0.24549836
15440,0.34972963
13687,0.49668834
736,0.20875156
23249,0.20875156
39126,0.24549836
23488,0.20875156
23815,0.20875156
19833,0.20875156
3330,0.20875156
13298,0.20875156
4078,0.20875156
23450,0.20875156
10112,0.20875156
37910,0.24549836
33009,0.24549836
21333,0.20875156
44889,0.43309024
2549,0.20875156
36201,0.24549836
26239,0.20875156
37498,0.24549836
10983,0.20875156
38112,0.24549836
12089,0.20875156
33160,0.24549836
9217,0.20875156
31636,0.24549836
15075,0.20875156
15506,0.20875156
4210,0.20875156
2932,0.20875156
41726,0.32276765
6514,0.20875156
6053,0.20875156
43638,0.43309024
208,0.20875156
27399,0.24549836
28790,0.24549836
27512,0.24549836
42915,0.43309024
16027,0.20875156
17463,0.20875156
39728,0.24549836
27723,0.24549836
12552,0.20875156
21887,0.34972963
26372,0.49668834
14126,0.20875156
14791,0.20875156
12353,0.20875156
39494,0.24549836
15485,0.20875156
1842,0.20875156
28321,0.24549836
21349,0.20875156
20762,0.20875156
1800,0.20875156
12126,0.20875156
6646,0.20875156
43710,0.43309024
28743,0.24549836
16380,0.20875156
8375,0.34972963
36172,0.34972963
30327,0.34972963
8817,0.20875156
15754,0.20875156
42019,0.32276765
30354,0.34972963
40339,0.24549836
37172,0.48314685
31704,0.24549836
43372,0.32276765
20344,0.20875156
28185,0.24549836
12836,0.20875156
29127,0.24549836
8118,0.20875156
28652,0.24549836
40271,0.24549836
20490,0.20875156
25599,0.34972963
11358,0.20875156
5962,0.20875156
26313,0.20875156
11643,0.20875156
34122,0.24549836
11042,0.20875156
29656,0.24549836
4665,0.20875156
36970,0.24549836
1232,0.20875156
18803,0.20875156
1699,0.34972963
24887,0.20875156
1320,0.20875156
10905,0.20875156
13498,0.20875156
42145,0.43309024
36416,0.24549836
33849,0.24549836
37369,0.24549836
11278,0.20875156
1976,0.34972963
22167,0.20875156
38059,0.24549836
42432,0.43309024
22179,0.20875156
850,0.34972963
10426,0.20875156
29347,0.24549836
26530,0.20875156
28997,0.24549836
19401,0.20875156
29394,0.24549836
15517,0.20875156
31398,0.24549836
39042,0.24549836
7178,0.20875156
7311,0.20875156
15978,0.20875156
21282,0.20875156
20144,0.20875156
39898,0.24549836
36405,0.24549836
34653,0.24549836
24299,0.20875156
40227,0.24549836
19482,0.20875156
18600,0.20875156
27704,0.24549836
32460,0.24549836
37438,0.24549836
29385,0.24549836
32079,0.24549836
16979,0.20875156
15714,0.34972963
28241,0.24549836
35553,0.24549836
27912,0.24549836
44232,0.43309024
18689,0.20875156
31335,0.49668834
765,0.20875156
42152,0.32276765
33624,0.24549836
25367,0.20875156
34262,0.24549836
19581,0.20875156
34108,0.24549836
5031,0.20875156
16032,0.20875156
28311,0.24549836
4525,0.20875156
28360,0.24549836
12910,0.20875156
24488,0.20875156
7595,0.20875156
21402,0.20875156
1212,0.20875156
16023,0.20875156
22077,0.20875156
18960,0.20875156
23325,0.20875156
24651,0.20875156
11302,0.20875156
44049,0.32276765
37649,0.24549836
16855,0.20875156
2292,0.20875156
5574,0.20875156
27744,0.24549836
7028,0.20875156
45148,0.43309024
31712,0.24549836
31564,0.24549836
32015,0.24549836
41435,0.32276765
26956,0.20875156
43979,0.43309024
11572,0.20875156
33264,0.24549836
38114,0.24549836
22651,0.34972963
20966,0.20875156
7664,0.20875156
633,0.20875156
5501,0.20875156
2234,0.20875156
42862,0.43309024
35789,0.24549836
17541,0.34972963
35128,0.24549836
41913,0.43309024
32740,0.24549836
20146,0.20875156
3031,0.20875156
44816,0.43309024
40925,0.43309024
40059,0.24549836
29212,0.24549836
40602,0.24549836
6415,0.20875156
41974,0.32276765
38171,0.5488107
39687,0.24549836
30081,0.24549836
38159,0.24549836
10991,0.20875156
27159,0.34972963
1731,0.20875156
40463,0.24549836
16624,0.20875156
5224,0.20875156
25061,0.20875156
9672,0.49668834
20519,0.20875156
19722,0.34972963
27644,0.49668834
3735,0.20875156
39439,0.24549836
22789,0.20875156
25205,0.20875156
9797,0.20875156
4966,0.34972963
19555,0.20875156
29478,0.24549836
38328,0.24549836
19394,0.20875156
27579,0.24549836
28649,0.24549836
29575,0.24549836
39681,0.24549836
16467,0.20875156
13711,0.20875156
39014,0.24549836
2216,0.20875156
15718,0.20875156
41656,0.43309024
207,0.20875156
16791,0.20875156
36259,0.24549836
6102,0.20875156
8563,0.20875156
43164,0.43309024
28346,0.24549836
28739,0.34972963
16240,0.20875156
21539,0.20875156
34896,0.24549836
13917,0.20875156
38690,0.24549836
40344,0.24549836
31706,0.24549836
9703,0.20875156
29205,0.24549836
28259,0.24549836
32744,0.24549836
22214,0.20875156
14270,0.20875156
16926,0.20875156
8750,0.20875156
18395,0.20875156
21439,0.20875156
31067,0.24549836
11587,0.20875156
22250,0.20875156
28811,0.24549836
44539,0.43309024
15539,0.20875156
836,0.20875156
20154,0.20875156
13066,0.20875156
7125,0.20875156
10513,0.34972963
11539,0.20875156
4746,0.20875156
35915,0.24549836
7201,0.20875156
40398,0.24549836
14564,0.34972963
25763,0.49668834
41240,0.32276765
33637,0.24549836
40114,0.24549836
29965,0.24549836
29794,0.24549836
22175,0.20875156
33401,0.24549836
11532,0.20875156
9947,0.20875156
36217,0.24549836
30370,0.24549836
16365,0.20875156
40897,0.32276765
27954,0.24549836
26455,0.20875156
5454,0.20875156
22147,0.20875156
43115,0.32276765
11861,0.20875156
19050,0.20875156
18655,0.20875156
24219,0.20875156
29284,0.24549836
30124,0.24549836
4049,0.20875156
16293,0.20875156
19307,0.20875156
178,0.20875156
10195,0.20875156
11692,0.20875156
3250,0.20875156
18268,0.20875156
8833,0.49668834
29238,0.24549836
15488,0.34972963
19710,0.20875156
37687,0.24549836
37458,0.5488107
20462,0.20875156
9331,0.20875156
3253,0.20875156
16215,0.20875156
12665,0.20875156
25387,0.20875156
16884,0.20875156
41616,0.43309024
34976,0.24549836
13912,0.20875156
4417,0.49668834
6600,0.20875156
11110,0.20875156
20563,0.20875156
1097,0.20875156
38248,0.24549836
22642,0.20875156
18490,0.20875156
41608,0.32276765
3998,0.20875156
12004,0.20875156
40112,0.24549836
36030,0.24549836
32776,0.24549836
20467,0.20875156
4343,0.20875156
43655,0.43309024
8702,0.20875156
14388,0.20875156
25403,0.20875156
19056,0.20875156
29220,0.24549836
44376,0.43309024
43879,0.43309024
4017,0.20875156
4433,0.34972963
35135,0.24549836
26932,0.20875156
1425,0.20875156
12264,0.20875156
10752,0.34972963
43315,0.5488107
17057,0.20875156
29719,0.24549836
4048,0.20875156
11878,0.20875156
38715,0.24549836
27182,0.20875156
42610,0.32276765
35787,0.24549836
11316,0.20875156
413,0.34972963
2300,0.20875156
11544,0.20875156
35337,0.24549836
38296,0.24549836
35388,0.24549836
3732,0.20875156
12570,0.20875156
10895,0.20875156
878,0.49668834
25527,0.20875156
17182,0.20875156
26772,0.20875156
40652,0.24549836
44779,0.43309024
20267,0.20875156
33455,0.24549836
15648,0.20875156
19739,0.20875156
43210,0.32276765
34448,0.24549836
2058,0.20875156
41193,0.32276765
17308,0.20875156
5462,0.34972963
32726,0.24549836
15712,0.20875156
41305,0.32276765
34982,0.34972963
36747,0.24549836
15685,0.20875156
36032,0.24549836
7461,0.49668834
13955,0.20875156
32675,0.24549836
37865,0.24549836
17970,0.20875156
44243,0.32276765
6718,0.20875156
42131,0.43309024
31755,0.34972963
16056,0.20875156
824,0.20875156
18374,0.20875156
5973,0.20875156
6705,0.20875156
12306,0.20875156
44964,0.32276765
12969,0.20875156
34483,0.24549836
33006,0.24549836
9034,0.20875156
26133,0.34972963
17136,0.20875156
34314,0.49668834
4040,0.20875156
28694,0.24549836
18828,0.20875156
6455,0.20875156
19558,0.20875156
36430,0.24549836
23984,0.20875156
26319,0.20875156
11414,0.20875156
36774,0.24549836
22173,0.20875156
34357,0.24549836
1242,0.20875156
17391,0.20875156
7927,0.49668834
44740,0.5488107
37733,0.24549836
23802,0.20875156
10463,0.20875156
5633,0.20875156
45019,0.43309024
23922,0.20875156
21136,0.20875156
37424,0.24549836
16800,0.20875156
43304,0.32276765
37085,0.24549836
25357,0.49668834
6285,0.20875156
6822,0.34972963
36714,0.24549836
32734,0.34972963
4281,0.20875156
34885,0.24549836
43534,0.43309024
42654,0.43309024
9866,0.20875156
28310,0.49668834
44642,0.43309024
17043,0.20875156
20840,0.20875156
20051,0.20875156
443,0.20875156
18736,0.20875156
6548,0.20875156
20198,0.20875156
22531,0.20875156
35344,0.24549836
23736,0.20875156
37973,0.24549836
31295,0.24549836
21034,0.20875156
9136,0.20875156
23437,0.20875156
15456,0.34972963
44504,0.43309024
8161,0.20875156
27668,0.24549836
37551,0.24549836
3923,0.20875156
7608,0.20875156
40928,0.43309024
40913,0.32276765
35030,0.24549836
22294,0.20875156
7443,0.20875156
37298,0.24549836
4892,0.34972963
12974,0.20875156
20917,0.20875156
23924,0.20875156
45194,0.43309024
6612,0.20875156
7366,0.20875156
28485,0.24549836
1717,0.20875156
38822,0.24549836
10543,0.34972963
29041,0.24549836
16638,0.49668834
36644,0.24549836
35687,0.24549836
8031,0.20875156
4015,0.20875156
26250,0.20875156
31059,0.24549836
152,0.34972963
32683,0.24549836
12277,0.34972963
10416,0.20875156
40389,0.24549836
36532,0.24549836
20439,0.49668834
18242,0.20875156
8069,0.34972963
13887,0.20875156
25293,0.20875156
10470,0.20875156
3186,0.20875156
4624,0.20875156
23835,0.20875156
38512,0.24549836
21161,0.20875156
4292,0.20875156
37602,0.5488107
37854,0.24549836
34163,0.24549836
1019,0.34972963
11556,0.20875156
25793,0.20875156
15502,0.20875156
19616,0.20875156
29533,0.24549836
4603,0.20875156
29126,0.24549836
4429,0.20875156
2435,0.20875156
14426,0.20875156
40550,0.24549836
25522,0.20875156
6038,0.20875156
23231,0.20875156
17553,0.20875156
25749,0.20875156
12915,0.20875156
27834,0.24549836
7704,0.20875156
21791,0.20875156
3054,0.20875156
14718,0.20875156
41792,0.32276765
42765,0.43309024
21424,0.20875156
11676,0.20875156
21627,0.20875156
82,0.20875156
10862,0.20875156
16757,0.49668834
29658,0.24549836
32126,0.24549836
43913,0.43309024
20391,0.20875156
35726,0.24549836
11930,0.20875156
34640,0.24549836
45173,0.32276765
14433,0.20875156
4822,0.20875156
10738,0.20875156
14990,0.20875156
860,0.20875156
3152,0.20875156
2290,0.20875156
21131,0.20875156
35040,0.24549836
26396,0.20875156
3608,0.20875156
29037,0.49668834
2415,0.20875156
14484,0.20875156
7045,0.20875156
20337,0.20875156
6401,0.20875156
38809,0.24549836
34501,0.24549836
40428,0.24549836
39633,0.24549836
12166,0.20875156
3098,0.20875156
1695,0.20875156
35833,0.24549836
2879,0.20875156
8745,0.34972963
39450,0.24549836
23064,0.20875156
27729,0.24549836
33800,0.24549836
38846,0.24549836
17415,0.20875156
27476,0.24549836
25982,0.20875156
34327,0.24549836
20302,0.20875156
44164,0.43309024
27900,0.24549836
11303,0.20875156
26800,0.20875156
20751,0.20875156
8098,0.20875156
40566,0.24549836
18633,0.20875156
17674,0.20875156
31609,0.24549836
5599,0.34972963
27730,0.24549836
5149,0.49668834
27664,0.24549836
41501,0.43309024
30312,0.24549836
38341,0.24549836
6783,0.20875156
39255,0.24549836
22674,0.20875156
9573,0.20875156
16571,0.20875156
20196,0.20875156
29546,0.24549836
33161,0.24549836
2061,0.20875156
12493,0.20875156
11411,0.20875156
35585,0.24549836
16830,0.20875156
37505,0.24549836
14511,0.20875156
13834,0.20875156
235,0.20875156
18586,0.20875156
17745,0.20875156
38189,0.24549836
766,0.20875156
38662,0.24549836
3306,0.34972963
3980,0.20875156
38557,0.47860748
37941,0.5488107
6417,0.20875156
6234,0.20875156
44234,0.43309024
22151,0.49668834
29594,0.24549836
38295,0.24549836
37328,0.24549836
18773,0.34972963
6088,0.20875156
1104,0.20875156
28073,0.24549836
14638,0.20875156
8395,0.20875156
3885,0.20875156
27740,0.24549836
29937,0.24549836
10022,0.34972963
9178,0.20875156
32142,0.24549836
7324,0.20875156
24224,0.20875156
16108,0.20875156
27882,0.24549836
15005,0.20875156
16992,0.20875156
10029,0.20875156
34329,0.24549836
17779,0.20875156
35919,0.24549836
28941,0.24549836
33500,0.34972963
25780,0.20875156
40002,0.24549836
42904,0.43309024
9850,0.20875156
26390,0.20875156
36153,0.24549836
37218,0.24549836
14510,0.20875156
28117,0.24549836
14359,0.20875156
5586,0.20875156
43209,0.43309024
22069,0.20875156
27006,0.34972963
18897,0.20875156
44699,0.32276765
440,0.20875156
35878,0.24549836
35197,0.24549836
40121,0.24549836
16645,0.34972963
42487,0.43309024
6608,0.20875156
25469,0.20875156
22497,0.20875156
26965,0.20875156
31796,0.24549836
22604,0.20875156
33081,0.24549836
40015,0.24549836
26315,0.34972963
10075,0.20875156
29183,0.24549836
14653,0.20875156
12958,0.20875156
2225,0.34972963
19682,0.20875156
19459,0.20875156
12303,0.20875156
7626,0.20875156
5528,0.20875156
37592,0.24549836
11830,0.20875156
9084,0.20875156
35906,0.24549836
16055,0.34972963
3821,0.20875156
14090,0.20875156
21423,0.20875156
19434,0.20875156
33059,0.24549836
40799,0.32276765
4154,0.20875156
27380,0.20875156
28994,0.24549836
10818,0.20875156
26830,0.34972963
10435,0.20875156
13303,0.49668834
27787,0.24549836
36241,0.24549836
20746,0.34972963
10296,0.20875156
14140,0.20875156
29463,0.24549836
37774,0.24549836
39124,0.47860748
23715,0.20875156
38160,0.24549836
41099,0.32276765
9696,0.20875156
30713,0.24549836
36597,0.24549836
11307,0.20875156
30773,0.24549836
27660,0.24549836
36976,0.24549836
30344,0.24549836
27612,0.24549836
27663,0.24549836
7167,0.20875156
21682,0.20875156
43868,0.32276765
28730,0.24549836
37003,0.24549836
12430,0.34972963
33536,0.24549836
31978,0.24549836
4847,0.20875156
41773,0.48314685
23457,0.20875156
18233,0.20875156
38951,0.24549836
8504,0.20875156
9043,0.20875156
35504,0.24549836
8343,0.20875156
39842,0.24549836
10025,0.20875156
15045,0.20875156
4123,0.20875156
37927,0.24549836
7571,0.34972963
38538,0.24549836
750,0.20875156
35772,0.24549836
31236,0.24549836
40186,0.24549836
39343,0.24549836
10314,0.20875156
6384,0.20875156
6507,0.20875156
27638,0.24549836
33296,0.24549836
23031,0.20875156
44250,0.32276765
28224,0.24549836
40674,0.24549836
26083,0.49668834
33834,0.24549836
19693,0.20875156
32123,0.24549836
17837,0.20875156
9097,0.20875156
2151,0.20875156
17374,0.34972963
37931,0.24549836
27896,0.24549836
17578,0.20875156
24904,0.20875156
20892,0.20875156
11906,0.20875156
1326,0.20875156
44601,0.32276765
40274,0.24549836
28731,0.34972963
18163,0.20875156
43677,0.43309024
1171,0.20875156
7722,0.20875156
45193,0.43309024
21166,0.20875156
33842,0.24549836
14889,0.34972963
40588,0.24549836
43893,0.43309024
45055,0.43309024
39712,0.24549836
6694,0.20875156
37364,0.24549836
15516,0.20875156
16194,0.20875156
25690,0.20875156
22708,0.20875156
28202,0.24549836
12235,0.20875156
26263,0.20875156
18361,0.20875156
2724,0.20875156
2117,0.20875156
9158,0.20875156
39642,0.24549836
35955,0.24549836
5018,0.20875156
32164,0.24549836
22282,0.20875156
38391,0.24549836
12840,0.20875156
28235,0.24549836
12919,0.20875156
7826,0.20875156
20861,0.20875156
17642,0.20875156
1724,0.20875156
2757,0.20875156
4920,0.20875156
17323,0.20875156
4911,0.20875156
22099,0.20875156
25707,0.20875156
21018,0.20875156
20411,0.20875156
42335,0.43309024
6208,0.20875156
2187,0.20875156
34479,0.24549836
39016,0.5488107
35056,0.24549836
22302,0.20875156
42989,0.5488107
19785,0.20875156
44809,0.43309024
39565,0.24549836
34937,0.24549836
11409,0.20875156
43965,0.47860748
36870,0.24549836
8435,0.20875156
14315,0.20875156
39690,0.24549836
6195,0.20875156
4312,0.20875156
35698,0.34972963
17557,0.20875156
4237,0.20875156
24124,0.20875156
33323,0.24549836
42119,0.32276765
29412,0.24549836
4232,0.20875156
578,0.20875156
19208,0.20875156
23452,0.20875156
9784,0.20875156
18258,0.20875156
4380,0.20875156
41016,0.32276765
15158,0.20875156
104,0.20875156
31265,0.24549836
12692,0.20875156
14659,0.20875156
14446,0.20875156
40499,0.24549836
34698,0.24549836
31412,0.24549836
33343,0.24549836
11761,0.20875156
27852,0.24549836
8913,0.20875156
25684,0.20875156
43320,0.43309024
27653,0.24549836
21589,0.20875156
20304,0.20875156
5102,0.20875156
19070,0.34972963
37571,0.24549836
29357,0.24549836
41691,0.43309024
42029,0.43309024
41266,0.5488107
32790,0.24549836
4487,0.20875156
38156,0.24549836
36280,0.24549836
12524,0.20875156
27422,0.24549836
9029,0.20875156
25242,0.20875156
12334,0.20875156
3501,0.49668834
9670,0.20875156
31987,0.24549836
42246,0.32276765
13801,0.20875156
42675,0.43309024
27610,0.24549836
21549,0.49668834
18906,0.20875156
229,0.20875156
16989,0.20875156
11428,0.34972963
17503,0.20875156
469,0.20875156
42924,0.32276765
3859,0.20875156
3879,0.20875156
9549,0.20875156
2341,0.20875156
8200,0.20875156
26564,0.20875156
36665,0.24549836
27195,0.34972963
30667,0.24549836
28037,0.24549836
886,0.20875156
36953,0.24549836
6447,0.20875156
38812,0.24549836
6075,0.20875156
7076,0.20875156
7662,0.20875156
34014,0.24549836
619,0.20875156
37846,0.24549836
42233,0.32276765
18107,0.20875156
17264,0.20875156
8361,0.20875156
44944,0.32276765
17856,0.20875156
39147,0.24549836
21990,0.20875156
8784,0.20875156
8413,0.20875156
16878,0.20875156
515,0.20875156
15575,0.20875156
36911,0.24549836
30439,0.24549836
26419,0.20875156
20362,0.20875156
9348,0.20875156
15886,0.20875156
45138,0.43309024
14787,0.34972963
5075,0.20875156
26192,0.20875156
40690,0.24549836
34117,0.24549836
31061,0.24549836
6634,0.20875156
17409,0.20875156
24368,0.20875156
5925,0.20875156
18704,0.20875156
26916,0.20875156
14835,0.34972963
34627,0.24549836
30549,0.34972963
22400,0.20875156
11881,0.20875156
13312,0.20875156
9481,0.20875156
15003,0.20875156
28183,0.24549836
20631,0.20875156
35015,0.24549836
13990,0.20875156
25752,0.20875156
38371,0.24549836
37052,0.24549836
9480,0.20875156
697,0.20875156
11523,0.20875156
3890,0.20875156
9996,0.20875156
30803,0.24549836
39135,0.24549836
12096,0.20875156
21396,0.20875156
7408,0.20875156
31779,0.49668834
29717,0.24549836
34116,0.24549836
41117,0.5488107
22539,0.20875156
30228,0.24549836
10867,0.20875156
15492,0.20875156
35387,0.24549836
23841,0.20875156
28280,0.24549836
36009,0.24549836
25424,0.20875156
34280,0.49668834
24228,0.20875156
31014,0.24549836
31000,0.24549836
22522,0.20875156
22202,0.20875156
42787,0.32276765
42783,0.43309024
5597,0.20875156
2831,0.20875156
10894,0.20875156
12370,0.20875156
37157,0.24549836
42975,0.43309024
15020,0.20875156
39635,0.24549836
41606,0.5488107
16609,0.20875156
40830,0.43309024
14324,0.20875156
7313,0.20875156
4842,0.20875156
39619,0.24549836
44384,0.43309024
26340,0.20875156
43313,0.43309024
37504,0.24549836
12656,0.20875156
44963,0.43309024
1133,0.20875156
14599,0.20875156
39982,0.24549836
34324,0.24549836
3790,0.20875156
25043,0.20875156
2717,0.20875156
41783,0.43309024
7953,0.20875156
9767,0.20875156
39750,0.24549836
6465,0.20875156
35748,0.24549836
19337,0.20875156
42336,0.32276765
23391,0.20875156
26376,0.20875156
15809,0.20875156
23955,0.20875156
16936,0.20875156
3194,0.34972963
32715,0.34972963
12273,0.20875156
8170,0.20875156
5450,0.20875156
34307,0.24549836
14808,0.20875156
24305,0.20875156
4222,0.20875156
8300,0.34972963
32730,0.24549836
10697,0.20875156
29804,0.24549836
6889,0.20875156
33523,0.24549836
28344,0.24549836
32044,0.24549836
41105,0.43309024
44568,0.43309024
10493,0.20875156
7434,0.20875156
16939,0.34972963
29079,0.24549836
7331,0.20875156
31882,0.24549836
10984,0.20875156
35024,0.24549836
4798,0.20875156
29643,0.24549836
20912,0.20875156
42537,0.32276765
17395,0.20875156
30293,0.24549836
21373,0.20875156
40023,0.24549836
1551,0.20875156
26641,0.20875156
35948,0.24549836
6441,0.20875156
34271,0.24549836
44330,0.43309024
10681,0.20875156
6767,0.20875156
39684,0.24549836
42611,0.32276765
15476,0.20875156
21679,0.34972963
909,0.20875156
13646,0.20875156
37323,0.24549836
6143,0.20875156
42553,0.43309024
10593,0.20875156
13700,0.20875156
32103,0.24549836
22064,0.20875156
35438,0.24549836
41270,0.32276765
35864,0.24549836
40831,0.32276765
10425,0.20875156
8917,0.20875156
23274,0.20875156
27949,0.24549836
7341,0.20875156
4198,0.20875156
15717,0.34972963
19936,0.20875156
13204,0.20875156
34970,0.24549836
19897,0.20875156
4067,0.20875156
35134,0.24549836
8297,0.20875156
9186,0.49668834
7005,0.20875156
21907,0.20875156
1265,0.20875156
31276,0.24549836
26823,0.20875156
30235,0.24549836
9634,0.20875156
5279,0.20875156
41288,0.43309024
17820,0.20875156
4348,0.20875156
39358,0.24549836
35073,0.24549836
35321,0.49668834
27353,0.20875156
18527,0.20875156
7358,0.20875156
5652,0.20875156
36671,0.24549836
23327,0.20875156
27427,0.24549836
34414,0.24549836
15015,0.20875156
4656,0.20875156
25550,0.34972963
35068,0.24549836
4290,0.20875156
41160,0.5488107
6733,0.20875156
20243,0.20875156
11263,0.20875156
18031,0.20875156
35937,0.24549836
4851,0.20875156
26822,0.49668834
14078,0.34972963
18013,0.20875156
9349,0.20875156
11149,0.34972963
20503,0.20875156
18518,0.20875156
3110,0.20875156
30403,0.24549836
33616,0.24549836
21379,0.20875156
10055,0.20875156
41267,0.32276765
37532,0.24549836
17923,0.20875156
4712,0.20875156
23576,0.20875156
15519,0.20875156
21815,0.20875156
11890,0.20875156
30576,0.24549836
16374,0.20875156
28744,0.24549836
22657,0.34972963
44845,0.43309024
30878,0.24549836
27781,0.24549836
42600,0.32276765
14824,0.20875156
9088,0.20875156
20368,0.20875156
10734,0.20875156
8150,0.20875156
10512,0.20875156
6605,0.20875156
252,0.20875156
15520,0.34972963
20140,0.20875156
19072,0.20875156
17040,0.20875156
45198,0.43309024
22351,0.20875156
28691,0.24549836
10802,0.20875156
7382,0.20875156
26878,0.20875156
29262,0.24549836
26729,0.20875156
34544,0.24549836
30952,0.24549836
26330,0.20875156
12325,0.20875156
29642,0.24549836
38492,0.47860748
34399,0.24549836
11083,0.20875156
20061,0.20875156
16174,0.20875156
27014,0.20875156
26770,0.20875156
29532,0.24549836
23214,0.20875156
35554,0.34972963
764,0.20875156
15877,0.20875156
37569,0.24549836
42769,0.43309024
41673,0.32276765
1661,0.20875156
16387,0.20875156
23393,0.20875156
27950,0.34972963
32764,0.24549836
27647,0.24549836
38642,0.24549836
22996,0.20875156
24361,0.20875156
44325,0.43309024
6590,0.20875156
3791,0.20875156
1951,0.20875156
23440,0.20875156
19374,0.34972963
40852,0.5488107
12550,0.20875156
34617,0.24549836
11998,0.20875156
5267,0.20875156
43131,0.43309024
15889,0.20875156
12763,0.20875156
16822,0.20875156
43746,0.43309024
39596,0.24549836
34050,0.24549836
25969,0.20875156
22136,0.20875156
23126,0.20875156
35928,0.24549836
16036,0.20875156
33017,0.24549836
39136,0.24549836
7081,0.34972963
37937,0.24549836
2107,0.20875156
38273,0.24549836
29324,0.24549836
36731,0.5488107
20989,0.20875156
42829,0.32276765
6294,0.20875156
1410,0.20875156
6672,0.20875156
3784,0.20875156
23170,0.20875156
39204,0.24549836
665,0.20875156
2516,0.20875156
8137,0.20875156
29629,0.24549836
39298,0.24549836
12514,0.20875156
16099,0.20875156
35213,0.24549836
33577,0.24549836
21998,0.20875156
5211,0.20875156
25888,0.20875156
40340,0.24549836
20364,0.20875156
12426,0.20875156
25674,0.20875156
16650,0.20875156
27243,0.20875156
24897,0.34972963
11963,0.20875156
7032,0.20875156
129,0.20875156
42347,0.43309024
42892,0.5488107
21994,0.20875156
9959,0.49668834
35312,0.24549836
8412,0.20875156
11286,0.20875156
37631,0.24549836
11777,0.20875156
15205,0.20875156
41340,0.32276765
41878,0.32276765
38765,0.24549836
6551,0.20875156
26147,0.20875156
33552,0.24549836
7845,0.20875156
12964,0.20875156
44728,0.43309024
2451,0.20875156
15831,0.20875156
45145,0.43309024
422,0.20875156
41198,0.32276765
24437,0.20875156
43226,0.43309024
18859,0.20875156
3899,0.20875156
40521,0.24549836
41776,0.43309024
33256,0.24549836
14594,0.20875156
32450,0.34972963
11138,0.20875156
42849,0.43309024
12770,0.20875156
35032,0.24549836
4461,0.20875156
20921,0.20875156
45097,0.43309024
33853,0.24549836
25518,0.20875156
6666,0.20875156
23779,0.20875156
29450,0.24549836
26646,0.20875156
37129,0.24549836
14435,0.20875156
35496,0.24549836
7958,0.20875156
22073,0.20875156
13695,0.20875156
16457,0.20875156
6060,0.20875156
19883,0.20875156
21061,0.20875156
41487,0.43309024
8698,0.20875156
3979,0.20875156
16600,0.20875156
16165,0.20875156
32458,0.24549836
6944,0.20875156
1825,0.20875156
17560,0.20875156
7396,0.20875156
34903,0.24549836
23151,0.20875156
32552,0.24549836
30918,0.24549836
39363,0.24549836
10018,0.20875156
22057,0.20875156
10745,0.20875156
29712,0.24549836
31250,0.24549836
23550,0.20875156
31853,0.24549836
38962,0.24549836
3178,0.20875156
19076,0.20875156
26727,0.20875156
4819,0.34972963
2758,0.20875156
13516,0.20875156
26551,0.20875156
15081,0.20875156
36112,0.24549836
584,0.20875156
30748,0.49668834
9772,0.20875156
35139,0.24549836
18090,0.20875156
36661,0.24549836
37984,0.24549836
26625,0.20875156
35261,0.49668834
13733,0.49668834
3190,0.20875156
24429,0.20875156
5453,0.20875156
28404,0.24549836
21280,0.20875156
33379,0.24549836
27113,0.20875156
1064,0.20875156
37496,0.24549836
12439,0.20875156
905,0.20875156
4097,0.20875156
30006,0.34972963
29873,0.24549836
30442,0.24549836
40944,0.43309024
33679,0.24549836
7527,0.20875156
28047,0.24549836
5467,0.20875156
20623,0.49668834
37404,0.24549836
32168,0.49668834
9586,0.20875156
7094,0.20875156
39213,0.41364262
965,0.20875156
33442,0.24549836
8349,0.20875156
19346,0.20875156
7538,0.20875156
40714,0.24549836
6539,0.20875156
27314,0.20875156
24405,0.20875156
11802,0.20875156
4000,0.49668834
44108,0.43309024
32225,0.24549836
29552,0.24549836
41575,0.5488107
41495,0.43309024
39613,0.24549836
1846,0.20875156
42778,0.32276765
42070,0.5488107
21787,0.20875156
26908,0.20875156
20347,0.20875156
42585,0.5488107
38793,0.24549836
37001,0.24549836
29049,0.24549836
44461,0.43309024
4618,0.20875156
33875,0.24549836
15259,0.20875156
37921,0.24549836
10302,0.20875156
31983,0.24549836
12377,0.20875156
26781,0.20875156
6982,0.20875156
11728,0.20875156
26714,0.20875156
38110,0.24549836
27960,0.24549836
22576,0.20875156
13457,0.20875156
17298,0.20875156
6382,0.20875156
21754,0.20875156
43795,0.43309024
32667,0.24549836
44620,0.43309024
6400,0.34972963
23770,0.20875156
9421,0.20875156
17193,0.20875156
36852,0.24549836
44884,0.43309024
342,0.20875156
42607,0.32276765
14138,0.20875156
1044,0.20875156
23088,0.20875156
12455,0.20875156
31232,0.24549836
30577,0.24549836
14345,0.20875156
40168,0.24549836
17616,0.20875156
31054,0.24549836
22556,0.20875156
24596,0.20875156
5606,0.20875156
14363,0.20875156
41620,0.32276765
37194,0.24549836
30423,0.24549836
42114,0.32276765
13497,0.20875156
31947,0.24549836
16274,0.20875156
14365,0.34972963
41221,0.32276765
19411,0.20875156
23168,0.20875156
15527,0.34972963
31650,0.24549836
3635,0.34972963
8211,0.34972963
26173,0.20875156
42133,0.5488107
9473,0.20875156
21272,0.20875156
7046,0.20875156
22935,0.20875156
30657,0.24549836
25660,0.20875156
18476,0.20875156
39137,0.41364262
28795,0.34972963
28620,0.24549836
32352,0.34972963
28892,0.24549836
24873,0.20875156
42572,0.43309024
34171,0.24549836
14652,0.20875156
37530,0.24549836
13151,0.20875156
36909,0.24549836
2836,0.20875156
28308,0.24549836
35765,0.24549836
42204,0.43309024
27282,0.20875156
17593,0.20875156
9541,0.20875156
16017,0.20875156
41002,0.5488107
39627,0.24549836
2926,0.34972963
30204,0.24549836
33701,0.24549836
2585,0.20875156
20396,0.20875156
11815,0.20875156
24932,0.20875156
8628,0.20875156
5649,0.20875156
33657,0.24549836
34440,0.24549836
31310,0.24549836
708,0.20875156
38576,0.47860748
33148,0.24549836
7502,0.20875156
8022,0.34972963
31730,0.24549836
29325,0.34972963
7944,0.20875156
9161,0.20875156
27495,0.24549836
1510,0.20875156
7835,0.20875156
2940,0.20875156
7544,0.49668834
31541,0.24549836
33894,0.24549836
31300,0.24549836
21600,0.20875156
11636,0.49668834
43479,0.32276765
19687,0.20875156
38270,0.24549836
34737,0.24549836
20509,0.20875156
15180,0.34972963
19913,0.20875156
25497,0.20875156
21112,0.20875156
7890,0.20875156
33267,0.24549836
14369,0.20875156
44734,0.5488107
14954,0.20875156
40692,0.24549836
29055,0.24549836
30512,0.24549836
17301,0.20875156
23094,0.20875156
41038,0.43309024
28631,0.24549836
19967,0.20875156
34313,0.24549836
33548,0.24549836
13907,0.20875156
21387,0.20875156
13503,0.20875156
15617,0.20875156
35741,0.24549836
28307,0.24549836
25645,0.20875156
21546,0.20875156
28227,0.24549836
14534,0.20875156
37098,0.24549836
551,0.20875156
34850,0.24549836
18758,0.20875156
20974,0.20875156
6932,0.20875156
12525,0.20875156
15672,0.20875156
7069,0.34972963
1387,0.20875156
3966,0.20875156
26857,0.34972963
38504,0.24549836
11966,0.20875156
28913,0.24549836
44668,0.32276765
11328,0.20875156
22636,0.20875156
25665,0.20875156
25777,0.20875156
44083,0.43309024
25472,0.20875156
39934,0.24549836
26920,0.20875156
2408,0.20875156
25429,0.20875156
5890,0.20875156
21009,0.20875156
41470,0.5488107
37809,0.24549836
12822,0.34972963
41343,0.32276765
9985,0.20875156
14231,0.20875156
44925,0.32276765
33295,0.24549836
14573,0.20875156
16886,0.34972963
39579,0.24549836
31546,0.24549836
5978,0.20875156
22917,0.20875156
45066,0.43309024
3074,0.20875156
608,0.20875156
30555,0.34972963
33092,0.24549836
40614,0.24549836
9358,0.20875156
30562,0.49668834
20574,0.20875156
32483,0.24549836
13464,0.20875156
15972,0.20875156
25968,0.34972963
801,0.20875156
22431,0.20875156
22352,0.34972963
33130,0.24549836
11482,0.20875156
43219,0.32276765
15241,0.34972963
44598,0.32276765
30292,0.24549836
28238,0.34972963
21764,0.20875156
19248,0.20875156
12019,0.20875156
6330,0.20875156
16832,0.20875156
13327,0.20875156
41518,0.43309024
478,0.20875156
4862,0.34972963
41785,0.43309024
31157,0.24549836
25930,0.20875156
23824,0.20875156
44526,0.32276765
24850,0.34972963
37923,0.24549836
9037,0.20875156
16080,0.20875156
11210,0.20875156
38254,0.24549836
7514,0.20875156
33418,0.24549836
24687,0.20875156
33419,0.24549836
29919,0.24549836
12666,0.20875156
33019,0.34972963
13565,0.20875156
36070,0.34972963
43636,0.43309024
20610,0.34972963
31191,0.24549836
34620,0.24549836
17413,0.20875156
13691,0.49668834
11757,0.20875156
11374,0.20875156
8776,0.20875156
33116,0.49668834
18197,0.20875156
34908,0.24549836
18524,0.20875156
12646,0.20875156
26644,0.20875156
11028,0.20875156
4814,0.34972963
14244,0.20875156
43685,0.43309024
21002,0.20875156
28033,0.24549836
40886,0.43309024
25829,0.20875156
14447,0.34972963
373,0.34972963
8606,0.20875156
14389,0.20875156
29342,0.49668834
26266,0.20875156
39555,0.24549836
3349,0.20875156
29625,0.24549836
12702,0.20875156
25248,0.20875156
31285,0.24549836
42756,0.43309024
35017,0.24549836
36302,0.24549836
5005,0.20875156
2049,0.20875156
14350,0.20875156
22765,0.20875156
2062,0.20875156
18565,0.20875156
7122,0.20875156
17899,0.20875156
31826,0.24549836
26076,0.20875156
8021,0.20875156
4268,0.20875156
28018,0.24549836
21425,0.20875156
40235,0.24549836
32972,0.34972963
41969,0.32276765
27333,0.20875156
12348,0.49668834
8561,0.20875156
21239,0.20875156
10825,0.34972963
37246,0.24549836
17469,0.20875156
42386,0.32276765
16993,0.20875156
29297,0.24549836
12549,0.20875156
25596,0.20875156
19925,0.20875156
4261,0.20875156
38191,0.24549836
11324,0.20875156
13965,0.20875156
22182,0.34972963
43167,0.5488107
44595,0.43309024
29857,0.24549836
37945,0.24549836
32653,0.24549836
992,0.20875156
14048,0.20875156
36106,0.24549836
5424,0.20875156
40178,0.24549836
8450,0.20875156
575,0.20875156
27953,0.24549836
36078,0.24549836
36791,0.24549836
9309,0.20875156
5992,0.20875156
5831,0.34972963
16668,0.20875156
31633,0.49668834
4557,0.20875156
10640,0.20875156
34091,0.24549836
4891,0.20875156
10069,0.20875156
28519,0.24549836
41998,0.32276765
20258,0.20875156
10834,0.20875156
3659,0.20875156
34977,0.34972963
11882,0.20875156
14518,0.20875156
22918,0.20875156
14978,0.20875156
29700,0.24549836
16223,0.20875156
37771,0.24549836
30194,0.24549836
14962,0.49668834
29703,0.24549836
2196,0.20875156
28999,0.24549836
8557,0.20875156
36013,0.24549836
16131,0.20875156
28077,0.24549836
24569,0.20875156
7297,0.20875156
15689,0.20875156
26422,0.20875156
18802,0.20875156
6404,0.20875156
10039,0.20875156
31945,0.24549836
10172,0.20875156
43321,0.43309024
37326,0.24549836
29209,0.24549836
44731,0.32276765
21056,0.20875156
14677,0.20875156
22153,0.20875156
6546,0.20875156
12161,0.20875156
958,0.20875156
19604,0.20875156
4291,0.20875156
4764,0.20875156
88,0.49668834
33673,0.24549836
42683,0.43309024
40917,0.43309024
37513,0.24549836
5829,0.20875156
35663,0.24549836
14725,0.34972963
12597,0.20875156
275,0.20875156
40754,0.43309024
4744,0.20875156
40687,0.24549836
41954,0.43309024
21064,0.20875156
12635,0.20875156
12659,0.20875156
44336,0.43309024
9047,0.20875156
35191,0.24549836
11435,0.20875156
19104,0.20875156
9023,0.20875156
3043,0.20875156
23438,0.34972963
17998,0.20875156
38659,0.24549836
13488,0.20875156
5178,0.20875156
34569,0.24549836
6477,0.20875156
26747,0.49668834
11735,0.20875156
22615,0.20875156
38632,0.24549836
11685,0.20875156
3518,0.20875156
26283,0.20875156
38445,0.24549836
24443,0.20875156
25298,0.20875156
14239,0.20875156
44379,0.32276765
33986,0.24549836
5492,0.20875156
32154,0.24549836
12317,0.20875156
10667,0.20875156
33364,0.24549836
32535,0.34972963
34809,0.24549836
3390,0.20875156
26196,0.20875156
43553,0.43309024
3277,0.20875156
7696,0.20875156
38915,0.24549836
38835,0.24549836
39445,0.24549836
10033,0.20875156
37314,0.5488107
5323,0.20875156
32912,0.24549836
29125,0.24549836
34185,0.24549836
13486,0.20875156
44093,0.43309024
13853,0.20875156
13517,0.20875156
29075,0.24549836
25032,0.20875156
14949,0.20875156
43336,0.43309024
21186,0.20875156
13997,0.20875156
35111,0.24549836
5708,0.20875156
39768,0.24549836
10538,0.20875156
18673,0.20875156
18941,0.20875156
15329,0.20875156
37150,0.24549836
11010,0.34972963
29335,0.49668834
43522,0.43309024
33576,0.34972963
21826,0.20875156
37916,0.24549836
21635,0.49668834
18200,0.20875156
6065,0.20875156
2872,0.20875156
33476,0.24549836
28791,0.34972963
41123,0.32276765
36268,0.24549836
4346,0.20875156
41535,0.43309024
8466,0.20875156
6233,0.20875156
21089,0.20875156
4991,0.20875156
11799,0.20875156
9665,0.20875156
38622,0.24549836
8493,0.20875156
28030,0.24549836
4859,0.20875156
37788,0.24549836
45118,0.43309024
16522,0.20875156
22928,0.20875156
39729,0.24549836
31942,0.24549836
1303,0.20875156
8785,0.20875156
38240,0.24549836
3841,0.34972963
19256,0.20875156
28606,0.24549836
8790,0.20875156
37149,0.24549836
29781,0.24549836
20886,0.20875156
22525,0.20875156
42449,0.5488107
35745,0.24549836
19764,0.20875156
14832,0.20875156
20547,0.20875156
26846,0.34972963
25401,0.20875156
15304,0.20875156
23014,0.20875156
7219,0.20875156
33709,0.24549836
23524,0.20875156
10924,0.20875156
36958,0.5488107
21545,0.20875156
33237,0.24549836
22716,0.20875156
41082,0.43309024
26812,0.20875156
26562,0.20875156
29387,0.24549836
42153,0.32276765
7301,0.20875156
34090,0.34972963
31980,0.24549836
41241,0.5488107
10768,0.20875156
43508,0.43309024
13944,0.20875156
23145,0.20875156
40403,0.24549836
24033,0.20875156
16853,0.20875156
1647,0.34972963
12924,0.20875156
14682,0.20875156
7983,0.20875156
8025,0.34972963
15204,0.20875156
25671,0.20875156
13447,0.20875156
11505,0.20875156
34205,0.24549836
33481,0.24549836
12819,0.20875156
5679,0.20875156
7740,0.49668834
20960,0.20875156
40733,0.24549836
2138,0.20875156
12478,0.20875156
35865,0.24549836
36470,0.24549836
18610,0.20875156
2177,0.20875156
1086,0.20875156
37455,0.5488107
39731,0.24549836
45075,0.43309024
20018,0.34972963
42934,0.43309024
28590,0.24549836
5830,0.20875156
31773,0.24549836
11239,0.20875156
2339,0.20875156
34877,0.24549836
37820,0.24549836
35210,0.24549836
36686,0.24549836
27599,0.24549836
5975,0.20875156
20485,0.20875156
9067,0.20875156
31324,0.24549836
487,0.20875156
105,0.20875156
5639,0.20875156
18902,0.20875156
1871,0.20875156
7438,0.20875156
9499,0.20875156
11200,0.20875156
42127,0.41364262
21364,0.20875156
21422,0.49668834
37793,0.24549836
31531,0.49668834
18820,0.20875156
24477,0.20875156
10966,0.20875156
41899,0.32276765
42069,0.43309024
25876,0.20875156
32518,0.24549836
722,0.20875156
26010,0.20875156
17789,0.20875156
39063,0.24549836
38237,0.24549836
5800,0.20875156
19250,0.34972963
13000,0.20875156
2375,0.20875156
35875,0.24549836
21033,0.34972963
28336,0.24549836
29911,0.24549836
14888,0.20875156
6012,0.20875156
4838,0.20875156
2974,0.20875156
33388,0.24549836
21046,0.20875156
40509,0.24549836
41759,0.32276765
35123,0.24549836
37398,0.24549836
28024,0.24549836
17183,0.20875156
20936,0.34972963
31829,0.24549836
8905,0.20875156
9475,0.20875156
40667,0.24549836
16968,0.20875156
7964,0.20875156
5888,0.20875156
38992,0.24549836
30917,0.24549836
26149,0.20875156
6081,0.20875156
37048,0.5488107
27266,0.20875156
677,0.20875156
16903,0.20875156
21911,0.20875156
11598,0.34972963
2966,0.20875156
11695,0.20875156
35723,0.24549836
25339,0.34972963
41169,0.43309024
3384,0.20875156
36138,0.24549836
21455,0.20875156
15222,0.20875156
7920,0.20875156
44259,0.43309024
32570,0.24549836
28093,0.24549836
31199,0.24549836
11473,0.20875156
35641,0.24549836
42430,0.32276765
5924,0.20875156
42852,0.43309024
34961,0.24549836
19736,0.20875156
31492,0.24549836
25932,0.20875156
23144,0.20875156
35162,0.24549836
40554,0.24549836
14803,0.20875156
25751,0.20875156
40841,0.5488107
2282,0.20875156
38004,0.24549836
24199,0.20875156
15107,0.20875156
31883,0.24549836
31663,0.49668834
33591,0.24549836
23320,0.34972963
44606,0.32276765
348,0.34972963
5174,0.20875156
4104,0.34972963
4755,0.34972963
37063,0.24549836
13142,0.20875156
2576,0.20875156
17488,0.20875156
32851,0.24549836
19538,0.20875156
44915,0.43309024
33665,0.24549836
37400,0.24549836
13807,0.20875156
26078,0.20875156
15383,0.20875156
11147,0.49668834
6727,0.34972963
779,0.20875156
12128,0.20875156
19266,0.20875156
7337,0.20875156
36398,0.49668834
37970,0.5488107
18097,0.20875156
10414,0.20875156
871,0.20875156
10828,0.34972963
41982,0.32276765
10545,0.20875156
14767,0.20875156
9491,0.20875156
37422,0.24549836
29607,0.24549836
13116,0.20875156
15913,0.20875156
3898,0.20875156
30671,0.24549836
21723,0.20875156
19680,0.20875156
35573,0.24549836
9762,0.20875156
10295,0.20875156
10323,0.20875156
1996,0.20875156
2619,0.20875156
23790,0.20875156
18422,0.20875156
11191,0.20875156
37925,0.48314685
34813,0.24549836
21369,0.20875156
36651,0.24549836
24568,0.20875156
38612,0.24549836
23108,0.20875156
33078,0.24549836
24618,0.20875156
18491,0.49668834
3486,0.20875156
45061,0.5488107
28264,0.24549836
2690,0.34972963
21227,0.34972963
26162,0.20875156
24711,0.20875156
8344,0.20875156
7488,0.20875156
16706,0.20875156
20915,0.20875156
27973,0.24549836
14605,0.20875156
29435,0.24549836
44353,0.5488107
10504,0.34972963
22613,0.20875156
35081,0.49668834
4734,0.20875156
14763,0.20875156
43967,0.43309024
33789,0.24549836
24041,0.20875156
9722,0.20875156
42009,0.32276765
19746,0.20875156
27743,0.34972963
827,0.20875156
38607,0.24549836
340,0.20875156
20590,0.20875156
33662,0.24549836
45204,0.43309024
16929,0.20875156
5826,0.20875156
31542,0.24549836
41392,0.32276765
43114,0.43309024
44094,0.43309024
7056,0.20875156
6893,0.20875156
23397,0.20875156
29022,0.24549836
39381,0.24549836
21979,0.20875156
38172,0.24549836
10104,0.20875156
26414,0.20875156
2370,0.20875156
43981,0.32276765
1398,0.20875156
36650,0.24549836
26921,0.20875156
42691,0.43309024
29555,0.24549836
10301,0.20875156
11401,0.20875156
37663,0.24549836
4766,0.34972963
26511,0.20875156
37394,0.24549836
39837,0.24549836
12247,0.20875156
14930,0.20875156
39178,0.24549836
36995,0.24549836
22608,0.20875156
32332,0.24549836
44010,0.43309024
25737,0.20875156
35867,0.24549836
5414,0.20875156
11733,0.20875156
28514,0.24549836
38344,0.24549836
39378,0.24549836
3399,0.20875156
3426,0.20875156
36954,0.24549836
40985,0.43309024
1413,0.20875156
25346,0.20875156
32691,0.34972963
42861,0.43309024
40520,0.24549836
25026,0.20875156
14998,0.20875156
18757,0.20875156
15069,0.20875156
36270,0.24549836
42339,0.43309024
5892,0.20875156
33594,0.24549836
40402,0.24549836
12634,0.20875156
23447,0.20875156
24859,0.20875156
19598,0.20875156
7803,0.34972963
7098,0.20875156
17687,0.20875156
23065,0.20875156
43463,0.43309024
35327,0.24549836
36581,0.24549836
38969,0.47860748
28157,0.24549836
18807,0.20875156
38178,0.24549836
2067,0.20875156
32305,0.24549836
8111,0.20875156
7569,0.20875156
10061,0.20875156
35639,0.24549836
37932,0.24549836
32702,0.24549836
43671,0.43309024
5066,0.20875156
12814,0.20875156
7726,0.20875156
18372,0.20875156
33145,0.24549836
5126,0.20875156
1285,0.20875156
16852,0.20875156
25593,0.20875156
997,0.34972963
28959,0.49668834
13048,0.20875156
34892,0.24549836
29111,0.24549836
26257,0.20875156
14872,0.49668834
40629,0.24549836
41633,0.32276765
19915,0.20875156
20543,0.20875156
10742,0.20875156
4759,0.20875156
33869,0.24549836
28222,0.24549836
43132,0.43309024
21857,0.20875156
35629,0.24549836
43319,0.43309024
1902,0.20875156
1098,0.34972963
27320,0.20875156
30769,0.24549836
42749,0.43309024
7821,0.20875156
35700,0.24549836
44785,0.43309024
8110,0.20875156
19452,0.20875156
7422,0.20875156
424,0.20875156
4535,0.20875156
13163,0.34972963
39992,0.5488107
8092,0.49668834
3023,0.20875156
6776,0.20875156
17941,0.20875156
41063,0.43309024
19075,0.20875156
23326,0.34972963
31321,0.24549836
35149,0.24549836
25743,0.20875156
41184,0.32276765
17738,0.34972963
6105,0.20875156
391,0.49668834
25234,0.20875156
12456,0.20875156
13649,0.20875156
17231,0.20875156
5910,0.20875156
12147,0.20875156
1478,0.20875156
11760,0.20875156
6599,0.49668834
25746,0.20875156
6965,0.20875156
35982,0.24549836
8510,0.20875156
4711,0.34972963
21378,0.49668834
7140,0.20875156
22206,0.20875156
43734,0.43309024
19398,0.20875156
21250,0.20875156
1969,0.20875156
43105,0.43309024
22137,0.20875156
12155,0.20875156
37996,0.24549836
20253,0.49668834
12486,0.49668834
22301,0.20875156
39422,0.24549836
15530,0.49668834
5179,0.20875156
12392,0.20875156
40756,0.32276765
42917,0.32276765
30890,0.24549836
30166,0.24549836
35217,0.24549836
5673,0.20875156
17504,0.20875156
36146,0.24549836
27806,0.24549836
26057,0.20875156
44882,0.43309024
36930,0.24549836
37749,0.24549836
5581,0.20875156
15425,0.20875156
37343,0.24549836
36169,0.24549836
25476,0.20875156
28761,0.24549836
36723,0.24549836
18791,0.20875156
18492,0.20875156
36703,0.24549836
22756,0.20875156
33395,0.24549836
10796,0.20875156
40063,0.24549836
14053,0.20875156
12700,0.20875156
44923,0.32276765
25706,0.20875156
33676,0.24549836
15956,0.20875156
7814,0.20875156
22983,0.20875156
18561,0.20875156
15740,0.20875156
11745,0.20875156
21490,0.20875156
724,0.20875156
26867,0.34972963
19190,0.20875156
24471,0.20875156
30659,0.24549836
29526,0.24549836
16697,0.20875156
8474,0.20875156
39800,0.24549836
37335,0.5488107
28512,0.24549836
17882,0.20875156
3868,0.20875156
8419,0.20875156
41985,0.32276765
11852,0.20875156
27590,0.24549836
23832,0.20875156
24106,0.20875156
2199,0.20875156
17347,0.20875156
510,0.20875156
43833,0.5488107
18232,0.20875156
21060,0.20875156
6030,0.20875156
3669,0.20875156
40184,0.24549836
12897,0.20875156
12110,0.20875156
3160,0.20875156
9398,0.20875156
29444,0.34972963
41642,0.43309024
19262,0.20875156
8506,0.34972963
17475,0.20875156
10086,0.20875156
35151,0.34972963
37562,0.24549836
1250,0.20875156
2372,0.20875156
32757,0.24549836
18063,0.20875156
16960,0.34972963
1962,0.20875156
9746,0.20875156
39832,0.24549836
33945,0.34972963
19198,0.20875156
13765,0.20875156
18602,0.20875156
2521,0.20875156
20902,0.20875156
11096,0.20875156
8399,0.20875156
39337,0.24549836
18094,0.20875156
10150,0.20875156
20451,0.20875156
34245,0.24549836
33277,0.24549836
1568,0.20875156
17855,0.20875156
23740,0.20875156
815,0.34972963
25656,0.20875156
11697,0.20875156
26827,0.49668834
32639,0.24549836
44275,0.43309024
23667,0.20875156
13203,0.20875156
16002,0.20875156
8710,0.20875156
9251,0.20875156
920,0.20875156
19206,0.20875156
13084,0.34972963
5592,0.20875156
24969,0.20875156
21591,0.20875156
23757,0.20875156
44358,0.32276765
19,0.20875156
36830,0.24549836
38349,0.24549836
13125,0.20875156
36200,0.24549836
29264,0.24549836
40833,0.32276765
4444,0.20875156
26117,0.34972963
14250,0.20875156
17737,0.34972963
14632,0.20875156
7216,0.20875156
3331,0.20875156
23195,0.20875156
6559,0.20875156
14334,0.20875156
34178,0.24549836
40302,0.24549836
5641,0.20875156
14524,0.20875156
1266,0.20875156
26218,0.20875156
40187,0.24549836
27027,0.20875156
32404,0.49668834
33340,0.24549836
37953,0.24549836
6921,0.20875156
38277,0.24549836
43991,0.43309024
20466,0.20875156
33684,0.24549836
8968,0.20875156
6885,0.20875156
28855,0.24549836
18278,0.34972963
6353,0.20875156
21174,0.20875156
32499,0.24549836
32926,0.24549836
16292,0.34972963
42022,0.32276765
32530,0.24549836
30078,0.24549836
33348,0.24549836
20867,0.20875156
43180,0.43309024
18948,0.20875156
33299,0.24549836
1919,0.20875156
4716,0.20875156
23590,0.20875156
39346,0.24549836
28806,0.24549836
7424,0.20875156
22943,0.20875156
11275,0.20875156
157,0.20875156
27499,0.24549836
10256,0.20875156
25705,0.20875156
33855,0.49668834
25874,0.20875156
19751,0.20875156
39456,0.24549836
14531,0.20875156
6313,0.49668834
1725,0.20875156
39371,0.24549836
33342,0.24549836
30103,0.24549836
6802,0.20875156
19221,0.20875156
30356,0.24549836
3799,0.20875156
8728,0.20875156
37336,0.24549836
14457,0.20875156
44935,0.5488107
33878,0.49668834
29160,0.24549836
26335,0.20875156
5461,0.34972963
22256,0.20875156
38011,0.24549836
39208,0.24549836
36005,0.24549836
16047,0.20875156
29144,0.24549836
9292,0.20875156
27457,0.24549836
5320,0.20875156
33797,0.24549836
2010,0.20875156
30770,0.24549836
215,0.20875156
5027,0.20875156
43742,0.43309024
43472,0.43309024
30054,0.34972963
42058,0.32276765
8804,0.20875156
8422,0.20875156
38430,0.24549836
37403,0.24549836
4134,0.20875156
8966,0.20875156
15632,0.20875156
4091,0.34972963
22624,0.20875156
26105,0.34972963
30778,0.24549836
566,0.20875156
41659,0.43309024
40313,0.24549836
4208,0.20875156
5063,0.20875156
44073,0.43309024
34863,0.24549836
43934,0.43309024
19652,0.20875156
24813,0.20875156
6278,0.20875156
17173,0.20875156
31168,0.24549836
42838,0.43309024
38231,0.24549836
20007,0.20875156
13183,0.20875156
23302,0.20875156
34389,0.24549836
39180,0.24549836
22809,0.20875156
2047,0.34972963
31789,0.24549836
16474,0.34972963
19975,0.20875156
34004,0.24549836
42753,0.43309024
16230,0.20875156
24183,0.20875156
12409,0.20875156
9655,0.20875156
16288,0.20875156
37843,0.24549836
22015,0.20875156
27330,0.20875156
2889,0.20875156
32762,0.24549836
43526,0.32276765
9010,0.20875156
8822,0.34972963
11437,0.20875156
4277,0.20875156
16298,0.20875156
10865,0.20875156
15574,0.20875156
35399,0.24549836
30,0.20875156
21812,0.20875156
17171,0.20875156
44036,0.43309024
22795,0.20875156
11725,0.20875156
21858,0.20875156
32648,0.24549836
12373,0.20875156
20000,0.20875156
8719,0.34972963
31774,0.24549836
31038,0.24549836
44838,0.32276765
9118,0.20875156
28813,0.24549836
1972,0.20875156
5130,0.20875156
36736,0.24549836
2074,0.20875156
33544,0.24549836
20938,0.20875156
41122,0.5488107
31807,0.24549836
18227,0.20875156
9039,0.34972963
12838,0.20875156
26880,0.34972963
8122,0.20875156
6567,0.20875156
25923,0.20875156
44566,0.43309024
12541,0.20875156
25368,0.34972963
41509,0.43309024
17261,0.20875156
36315,0.24549836
12356,0.20875156
21263,0.20875156
20644,0.20875156
44055,0.32276765
40695,0.24549836
12250,0.20875156
28025,0.24549836
6522,0.20875156
3621,0.20875156
44480,0.43309024
19027,0.20875156
4986,0.20875156
40856,0.43309024
3344,0.20875156
24012,0.20875156
5808,0.20875156
3045,0.20875156
38724,0.24549836
5234,0.20875156
19516,0.20875156
22430,0.20875156
5838,0.20875156
259,0.20875156
27840,0.24549836
18366,0.20875156
34459,0.24549836
21229,0.20875156
44770,0.43309024
35407,0.24549836
40156,0.5488107
2302,0.20875156
31416,0.24549836
28042,0.24549836
1091,0.20875156
34941,0.24549836
12214,0.20875156
15146,0.34972963
20743,0.20875156
6359,0.20875156
37236,0.24549836
15953,0.20875156
15189,0.20875156
40871,0.32276765
39936,0.24549836
35471,0.24549836
18091,0.20875156
3312,0.20875156
12677,0.20875156
10439,0.20875156
18313,0.20875156
11766,0.20875156
41492,0.43309024
45123,0.32276765
7666,0.20875156
34388,0.24549836
4641,0.34972963
11739,0.20875156
28733,0.24549836
10483,0.20875156
20903,0.20875156
8134,0.20875156
5406,0.20875156
20299,0.20875156
10890,0.20875156
18507,0.34972963
36338,0.24549836
5183,0.20875156
29495,0.24549836
10348,0.20875156
10480,0.20875156
25568,0.20875156
43878,0.32276765
31362,0.24549836
29396,0.24549836
8726,0.20875156
8362,0.20875156
11331,0.20875156
34906,0.24549836
17592,0.20875156
32212,0.24549836
27086,0.20875156
5720,0.20875156
2823,0.20875156
37080,0.24549836
38158,0.24549836
34881,0.24549836
2469,0.20875156
5729,0.20875156
32508,0.24549836
21218,0.20875156
22273,0.20875156
38701,0.5488107
34475,0.24549836
36739,0.24549836
43557,0.43309024
22280,0.20875156
12728,0.20875156
27406,0.34972963
19684,0.34972963
25272,0.20875156
29255,0.24549836
732,0.20875156
28878,0.24549836
5181,0.20875156
1908,0.20875156
8579,0.20875156
29109,0.24549836
35420,0.24549836
2621,0.20875156
35245,0.24549836
10799,0.20875156
26691,0.20875156
44787,0.43309024
15855,0.20875156
38948,0.24549836
14628,0.20875156
22076,0.20875156
14552,0.20875156
40697,0.24549836
5960,0.49668834
37512,0.47860748
26143,0.20875156
43776,0.5488107
34079,0.24549836
12670,0.20875156
27649,0.24549836
37487,0.24549836
5659,0.20875156
5812,0.20875156
34316,0.24549836
30789,0.49668834
28673,0.24549836
2857,0.20875156
34248,0.24549836
43784,0.43309024
5,0.20875156
13614,0.34972963
4477,0.20875156
32275,0.24549836
38260,0.24549836
18796,0.20875156
43125,0.43309024
32784,0.24549836
19784,0.20875156
10031,0.20875156
42287,0.43309024
853,0.20875156
32322,0.24549836
33742,0.24549836
27601,0.34972963
34119,0.24549836
6557,0.20875156
23599,0.20875156
32914,0.24549836
9512,0.20875156
38847,0.24549836
18949,0.20875156
18632,0.20875156
33887,0.24549836
2215,0.34972963
21419,0.20875156
29964,0.24549836
23987,0.20875156
44371,0.32276765
20184,0.20875156
20387,0.49668834
14497,0.20875156
20927,0.20875156
11749,0.20875156
39009,0.24549836
12086,0.20875156
8376,0.20875156
42877,0.43309024
30040,0.24549836
26464,0.20875156
21141,0.20875156
27937,0.24549836
43230,0.32276765
3310,0.20875156
3521,0.20875156
5124,0.20875156
17705,0.20875156
14175,0.20875156
15999,0.20875156
43259,0.43309024
24404,0.20875156
29315,0.34972963
35693,0.24549836
29155,0.24549836
26199,0.20875156
36255,0.24549836
2015,0.20875156
32938,0.34972963
36155,0.24549836
26842,0.34972963
2079,0.20875156
13992,0.34972963
4406,0.20875156
22438,0.20875156
40710,0.24549836
31935,0.24549836
3904,0.20875156
12518,0.49668834
41065,0.32276765
27319,0.20875156
15115,0.20875156
37370,0.24549836
31852,0.24549836
2371,0.20875156
42292,0.43309024
15960,0.20875156
1911,0.20875156
16534,0.20875156
19509,0.20875156
30714,0.24549836
15262,0.20875156
12367,0.20875156
9143,0.20875156
17384,0.34972963
27616,0.24549836
233,0.34972963
15782,0.20875156
17294,0.20875156
8097,0.20875156
24187,0.20875156
7220,0.20875156
15302,0.20875156
12442,0.20875156
29503,0.24549836
25589,0.20875156
14976,0.20875156
4723,0.20875156
9938,0.20875156
11926,0.20875156
5583,0.20875156
38316,0.24549836
31954,0.24549836
12179,0.20875156
44002,0.32276765
9558,0.20875156
25893,0.20875156
17655,0.20875156
40141,0.24549836
39593,0.24549836
24085,0.20875156
15902,0.20875156
21148,0.20875156
20020,0.20875156
41560,0.43309024
13856,0.20875156
7729,0.34972963
3484,0.20875156
43559,0.43309024
25097,0.20875156
32246,0.24549836
36946,0.48314685
42988,0.43309024
4332,0.20875156
11078,0.20875156
33110,0.24549836
19838,0.20875156
35241,0.24549836
23266,0.49668834
33381,0.24549836
26228,0.20875156
12970,0.20875156
9208,0.20875156
15501,0.20875156
31607,0.24549836
15893,0.20875156
29624,0.24549836
14062,0.20875156
26427,0.20875156
22156,0.20875156
42056,0.43309024
31618,0.49668834
37354,0.24549836
9521,0.20875156
44011,0.43309024
44440,0.43309024
25299,0.20875156
39600,0.24549836
14931,0.20875156
10339,0.20875156
187,0.20875156
32584,0.24549836
32515,0.24549836
12380,0.20875156
19730,0.20875156
36324,0.24549836
37418,0.24549836
27694,0.24549836
20825,0.34972963
32628,0.24549836
36755,0.24549836
36128,0.24549836
5404,0.20875156
24014,0.20875156
35236,0.24549836
25942,0.20875156
27364,0.20875156
10800,0.20875156
26265,0.20875156
13860,0.34972963
44901,0.43309024
26021,0.20875156
4582,0.20875156
10491,0.20875156
32034,0.24549836
22949,0.20875156
37600,0.24549836
22721,0.20875156
28908,0.24549836
511,0.20875156
17320,0.34972963
34773,0.24549836
42639,0.32276765
24775,0.20875156
26523,0.20875156
30021,0.24549836
4905,0.20875156
18662,0.20875156
528,0.20875156
39917,0.24549836
23960,0.34972963
763,0.20875156
9811,0.20875156
22454,0.20875156
16433,0.20875156
854,0.49668834
42498,0.43309024
45137,0.32276765
38282,0.48314685
25015,0.20875156
41397,0.32276765
28648,0.24549836
43745,0.43309024
24552,0.20875156
43831,0.32276765
30800,0.34972963
3385,0.20875156
16685,0.20875156
31570,0.24549836
32069,0.24549836
32405,0.24549836
25941,0.20875156
8348,0.20875156
220,0.20875156
22483,0.20875156
30635,0.24549836
39983,0.24549836
17605,0.20875156
26886,0.20875156
16485,0.20875156
8305,0.20875156
6817,0.20875156
12545,0.20875156
36132,0.24549836
19524,0.20875156
40990,0.32276765
7660,0.34972963
655,0.20875156
950,0.20875156
27815,0.24549836
63,0.20875156
14818,0.20875156
1316,0.20875156
29828,0.24549836
5155,0.20875156
2440,0.20875156
28009,0.24549836
33533,0.24549836
20166,0.20875156
33385,0.24549836
19645,0.20875156
21889,0.20875156
22341,0.20875156
29485,0.24549836
18075,0.20875156
23930,0.20875156
17806,0.20875156
11845,0.20875156
10891,0.20875156
23982,0.20875156
35944,0.24549836
28963,0.24549836
41109,0.32276765
35411,0.24549836
38444,0.5488107
45009,0.32276765
12320,0.20875156
2769,0.20875156
28866,0.24549836
38113,0.24549836
26673,0.20875156
5678,0.20875156
29014,0.24549836
10217,0.20875156
22007,0.20875156
6483,0.20875156
29278,0.24549836
29663,0.34972963
32605,0.24549836
23837,0.20875156
43605,0.43309024
4345,0.20875156
12111,0.20875156
15801,0.20875156
3528,0.20875156
11831,0.20875156
12573,0.20875156
31258,0.24549836
39219,0.24549836
15441,0.20875156
12123,0.20875156
6092,0.20875156
27009,0.20875156
4975,0.20875156
16500,0.49668834
43624,0.32276765
22283,0.20875156
33872,0.34972963
21445,0.20875156
27992,0.24549836
17788,0.20875156
23152,0.20875156
988,0.34972963
6427,0.20875156
39503,0.24549836
43801,0.5488107
35794,0.24549836
12133,0.20875156
11424,0.20875156
4070,0.34972963
29737,0.24549836
29187,0.24549836
41393,0.43309024
26541,0.20875156
14313,0.20875156
32680,0.49668834
27219,0.20875156
30443,0.24549836
17986,0.34972963
44219,0.32276765
22701,0.20875156
6040,0.20875156
37892,0.24549836
12240,0.20875156
15313,0.20875156
7741,0.20875156
15434,0.20875156
28178,0.24549836
1740,0.20875156
8596,0.20875156
5816,0.20875156
10517,0.20875156
8070,0.34972963
18947,0.20875156
1762,0.20875156
14856,0.20875156
16322,0.20875156
8244,0.20875156
31468,0.24549836
19843,0.20875156
41015,0.5488107
12100,0.20875156
44584,0.43309024
22829,0.20875156
13205,0.34972963
32958,0.24549836
39291,0.24549836
44675,0.43309024
15230,0.20875156
17123,0.20875156
30450,0.24549836
13738,0.20875156
18985,0.34972963
30691,0.24549836
30986,0.24549836
30724,0.24549836
38099,0.24549836
37756,0.24549836
6367,0.20875156
29137,0.24549836
18380,0.20875156
18991,0.20875156
6959,0.20875156
42950,0.32276765
11563,0.20875156
19367,0.20875156
7271,0.20875156
8911,0.20875156
33268,0.24549836
28760,0.24549836
44824,0.43309024
22112,0.20875156
12624,0.34972963
7910,0.20875156
13825,0.20875156
29082,0.24549836
29946,0.24549836
39496,0.24549836
41451,0.5488107
29371,0.24549836
32749,0.24549836
166,0.20875156
34790,0.24549836
14427,0.20875156
32324,0.24549836
3233,0.20875156
5619,0.20875156
39038,0.24549836
15998,0.34972963
24507,0.34972963
4089,0.20875156
20355,0.20875156
30325,0.49668834
14238,0.20875156
27720,0.24549836
32270,0.24549836
30237,0.24549836
33634,0.24549836
2825,0.20875156
25709,0.20875156
8306,0.20875156
14333,0.20875156
30541,0.24549836
22794,0.20875156
23572,0.20875156
26497,0.20875156
32603,0.24549836
23511,0.20875156
42562,0.43309024
9447,0.20875156
5351,0.20875156
45081,0.43309024
39806,0.24549836
36303,0.24549836
38635,0.24549836
26051,0.49668834
28524,0.24549836
33168,0.24549836
39981,0.24549836
8920,0.20875156
37712,0.47860748
34683,0.24549836
11953,0.20875156
43335,0.32276765
34940,0.24549836
26007,0.20875156
39835,0.24549836
30046,0.34972963
13459,0.49668834
44795,0.32276765
34305,0.24549836
6966,0.20875156
5794,0.20875156
12404,0.20875156
11924,0.20875156
12598,0.20875156
21037,0.34972963
43516,0.43309024
17430,0.20875156
32409,0.24549836
33319,0.24549836
22391,0.20875156
42764,0.5488107
17259,0.20875156
15549,0.20875156
29481,0.24549836
26131,0.20875156
28456,0.24549836
2289,0.20875156
16716,0.20875156
38375,0.24549836
23923,0.20875156
9469,0.20875156
25182,0.20875156
24717,0.20875156
26801,0.20875156
19123,0.20875156
44749,0.43309024
7042,0.20875156
12315,0.34972963
24287,0.20875156
20836,0.20875156
41335,0.5488107
28938,0.34972963
17623,0.20875156
39805,0.24549836
15898,0.34972963
28053,0.24549836
13247,0.20875156
2133,0.20875156
43370,0.5488107
40191,0.24549836
39924,0.24549836
14765,0.20875156
39428,0.24549836
8397,0.20875156
37699,0.24549836
14119,0.34972963
24086,0.20875156
20659,0.20875156
7737,0.20875156
21352,0.20875156
39918,0.24549836
3641,0.20875156
24005,0.20875156
44228,0.32276765
39432,0.24549836
4044,0.20875156
12309,0.20875156
40809,0.43309024
22464,0.20875156
43778,0.47860748
29847,0.24549836
20510,0.20875156
44540,0.5488107
17361,0.34972963
20786,0.20875156
7618,0.20875156
18065,0.20875156
13359,0.20875156
26581,0.20875156
31624,0.24549836
2887,0.20875156
32132,0.24549836
28142,0.24549836
1948,0.20875156
41919,0.32276765
6552,0.20875156
24761,0.20875156
17472,0.20875156
42559,0.47860748
35132,0.24549836
33675,0.24549836
9145,0.49668834
6734,0.20875156
13721,0.20875156
42651,0.43309024
41277,0.43309024
11850,0.20875156
4990,0.20875156
40966,0.32276765
12060,0.20875156
28773,0.24549836
19754,0.20875156
34387,0.34972963
9905,0.20875156
14071,0.20875156
19661,0.20875156
16071,0.34972963
31001,0.34972963
28821,0.24549836
22583,0.20875156
23657,0.20875156
12689,0.20875156
42804,0.32276765
32816,0.24549836
903,0.20875156
15504,0.20875156
19924,0.20875156
22612,0.20875156
34609,0.24549836
32610,0.24549836
20977,0.20875156
23798,0.20875156
13309,0.20875156
43102,0.32276765
31701,0.24549836
27323,0.20875156
41672,0.43309024
25652,0.20875156
20456,0.20875156
44496,0.43309024
42439,0.43309024
6610,0.20875156
23809,0.20875156
33881,0.24549836
263,0.20875156
31430,0.24549836
26433,0.20875156
32559,0.24549836
36307,0.34972963
20386,0.20875156
8108,0.20875156
1074,0.20875156
17533,0.20875156
37661,0.24549836
23903,0.20875156
33625,0.24549836
80,0.20875156
21509,0.20875156
32591,0.24549836
14399,0.49668834
30975,0.24549836
23780,0.34972963
23520,0.20875156
9540,0.20875156
868,0.20875156
32589,0.24549836
14485,0.34972963
25340,0.20875156
34829,0.24549836
7516,0.20875156
19993,0.20875156
35523,0.24549836
37785,0.5488107
11639,0.20875156
37851,0.24549836
14001,0.20875156
3846,0.20875156
21279,0.20875156
9430,0.20875156
29787,0.24549836
14986,0.20875156
12000,0.20875156
34874,0.24549836
4929,0.20875156
21917,0.20875156
38482,0.24549836
28345,0.24549836
35302,0.24549836
33769,0.24549836
27945,0.49668834
37763,0.24549836
36728,0.24549836
31105,0.24549836
8857,0.20875156
42523,0.43309024
34439,0.24549836
39678,0.5488107
17072,0.20875156
36141,0.24549836
28934,0.24549836
30210,0.24549836
14535,0.20875156
34106,0.24549836
35713,0.24549836
37777,0.24549836
16068,0.49668834
21734,0.20875156
21657,0.20875156
26061,0.20875156
3525,0.34972963
13530,0.20875156
16982,0.20875156
27109,0.20875156
25898,0.34972963
548,0.20875156
25373,0.20875156
2946,0.20875156
19887,0.20875156
13872,0.20875156
39245,0.24549836
27081,0.20875156
36017,0.24549836
25115,0.20875156
19629,0.20875156
41149,0.43309024
11438,0.20875156
38749,0.24549836
35077,0.24549836
18489,0.20875156
11700,0.20875156
44220,0.43309024
65,0.20875156
3679,0.20875156
17313,0.20875156
28477,0.24549836
10431,0.20875156
33621,0.24549836
32213,0.24549836
4978,0.20875156
30842,0.24549836
6942,0.20875156
34797,0.24549836
8431,0.20875156
26352,0.20875156
29188,0.24549836
39172,0.24549836
6314,0.20875156
32226,0.24549836
8065,0.20875156
25489,0.20875156
6106,0.20875156
1230,0.20875156
7974,0.20875156
5447,0.20875156
10780,0.20875156
11961,0.20875156
8757,0.20875156
18983,0.20875156
41910,0.43309024
27414,0.24549836
38805,0.24549836
31572,0.24549836
7882,0.20875156
66,0.20875156
33558,0.24549836
23468,0.20875156
1168,0.20875156
42741,0.43309024
39932,0.24549836
44733,0.43309024
15176,0.49668834
28536,0.24549836
5723,0.20875156
42976,0.43309024
3579,0.20875156
5020,0.20875156
18089,0.20875156
4927,0.20875156
17670,0.20875156
8969,0.20875156
11489,0.20875156
31474,0.24549836
8921,0.20875156
13016,0.20875156
44021,0.43309024
43457,0.43309024
26863,0.20875156
28348,0.24549836
32526,0.24549836
16175,0.20875156
9320,0.20875156
24102,0.20875156
24623,0.49668834
14683,0.34972963
44883,0.32276765
10094,0.20875156
6527,0.20875156
31778,0.24549836
33122,0.34972963
9044,0.20875156
26378,0.20875156
28464,0.24549836
11044,0.20875156
25910,0.34972963
43645,0.32276765
26201,0.20875156
26972,0.20875156
31072,0.24549836
25692,0.20875156
693,0.20875156
44017,0.43309024
615,0.20875156
2182,0.20875156
26180,0.20875156
26661,0.20875156
27372,0.20875156
38868,0.24549836
16011,0.20875156
28954,0.24549836
31786,0.24549836
20326,0.20875156
15795,0.34972963
33973,0.34972963
44894,0.43309024
39711,0.24549836
27548,0.24549836
21466,0.20875156
4047,0.20875156
42910,0.43309024
29836,0.24549836
24221,0.20875156
10857,0.20875156
20575,0.20875156
40412,0.24549836
25583,0.20875156
6188,0.20875156
33261,0.24549836
359,0.20875156
7397,0.20875156
25232,0.20875156
6140,0.20875156
13230,0.20875156
5175,0.49668834
13644,0.20875156
651,0.20875156
28932,0.24549836
28748,0.24549836
9766,0.20875156
14018,0.20875156
25398,0.20875156
23045,0.20875156
15932,0.20875156
145,0.20875156
6473,0.20875156
40474,0.24549836
22098,0.20875156
21946,0.20875156
18269,0.20875156
43454,0.32276765
7209,0.20875156
19606,0.20875156
38934,0.24549836
22266,0.20875156
11818,0.20875156
30567,0.24549836
39,0.34972963
28573,0.24549836
40349,0.24549836
39201,0.5488107
11233,0.20875156
26688,0.20875156
10672,0.20875156
28198,0.49668834
18604,0.20875156
14008,0.20875156
31617,0.24549836
3467,0.20875156
35617,0.24549836
4434,0.20875156
6976,0.20875156
19765,0.49668834
19329,0.20875156
43501,0.43309024
10342,0.20875156
23522,0.20875156
29516,0.24549836
31292,0.24549836
16657,0.20875156
21700,0.20875156
17140,0.20875156
353,0.20875156
42139,0.43309024
10381,0.49668834
43762,0.43309024
17470,0.20875156
26252,0.49668834
41812,0.5488107
9685,0.20875156
44145,0.43309024
37738,0.41364262
11669,0.20875156
22911,0.20875156
7712,0.20875156
27520,0.24549836
6017,0.20875156
42285,0.43309024
17485,0.20875156
37152,0.24549836
13034,0.20875156
11157,0.20875156
38133,0.48314685
35711,0.24549836
24111,0.20875156
41794,0.43309024
28122,0.24549836
27962,0.24549836
19200,0.20875156
18332,0.20875156
39818,0.24549836
30718,0.34972963
25103,0.20875156
21610,0.20875156
25425,0.20875156
18267,0.20875156
34699,0.24549836
4224,0.34972963
7782,0.20875156
42078,0.32276765
43038,0.43309024
8337,0.20875156
32701,0.34972963
19803,0.20875156
7409,0.20875156
35517,0.24549836
44072,0.43309024
3307,0.20875156
42413,0.32276765
6153,0.20875156
38681,0.24549836
16608,0.20875156
36616,0.24549836
37700,0.24549836
28762,0.24549836
27654,0.24549836
3611,0.20875156
21480,0.20875156
23853,0.20875156
32641,0.24549836
4907,0.20875156
38987,0.24549836
7634,0.20875156
43708,0.43309024
987,0.20875156
2157,0.20875156
7738,0.20875156
17011,0.20875156
3578,0.20875156
15085,0.20875156
28374,0.24549836
15279,0.20875156
29687,0.24549836
16415,0.20875156
30712,0.24549836
2174,0.20875156
30239,0.24549836
34652,0.24549836
14977,0.20875156
15314,0.20875156
19048,0.20875156
10159,0.49668834
35989,0.24549836
15888,0.20875156
40734,0.24549836
14917,0.20875156
10262,0.20875156
20238,0.20875156
2180,0.20875156
30858,0.34972963
9192,0.20875156
568,0.20875156
43572,0.32276765
23938,0.20875156
36811,0.5488107
34319,0.24549836
35426,0.24549836
39024,0.24549836
39049,0.24549836
1624,0.20875156
18373,0.20875156
30619,0.24549836
28463,0.24549836
8617,0.20875156
36454,0.24549836
22502,0.20875156
169,0.34972963
5281,0.20875156
40050,0.24549836
18330,0.20875156
40937,0.32276765
6538,0.20875156
33146,0.24549836
31458,0.34972963
28172,0.24549836
4881,0.20875156
10626,0.20875156
27617,0.24549836
18792,0.20875156
29087,0.24549836
32633,0.24549836
9553,0.20875156
34153,0.49668834
26410,0.20875156
31137,0.24549836
19577,0.20875156
36935,0.24549836
22839,0.20875156
21959,0.20875156
22553,0.20875156
1496,0.20875156
28219,0.24549836
26332,0.20875156
41253,0.32276765
16203,0.20875156
44716,0.32276765
22872,0.20875156
27316,0.20875156
43798,0.32276765
32021,0.24549836
42167,0.32276765
42395,0.43309024
39132,0.24549836
38754,0.24549836
43256,0.43309024
44635,0.5488107
7101,0.20875156
11021,0.20875156
20053,0.20875156
33573,0.24549836
21381,0.20875156
89,0.20875156
12363,0.20875156
37164,0.24549836
20987,0.20875156
22892,0.20875156
42362,0.43309024
42758,0.32276765
5768,0.20875156
40364,0.5488107
32738,0.24549836
14884,0.20875156
23692,0.20875156
36584,0.48314685
31614,0.24549836
29603,0.24549836
9881,0.20875156
29661,0.24549836
37731,0.24549836
4079,0.20875156
38465,0.48314685
43488,0.43309024
16431,0.20875156
42192,0.32276765
29419,0.24549836
18555,0.20875156
44554,0.43309024
41364,0.43309024
32876,0.24549836
7857,0.20875156
13479,0.20875156
37440,0.24549836
36196,0.24549836
16401,0.20875156
28263,0.24549836
21376,0.20875156
40603,0.24549836
34437,0.24549836
31088,0.24549836
8179,0.20875156
44593,0.32276765
39940,0.24549836
18125,0.20875156
12412,0.20875156
9606,0.20875156
40677,0.24549836
25601,0.20875156
36358,0.24549836
18636,0.34972963
10227,0.20875156
18424,0.20875156
3594,0.20875156
33411,0.24549836
30934,0.24549836
20115,0.20875156
6310,0.20875156
6487,0.20875156
30913,0.24549836
12748,0.20875156
25792,0.20875156
5448,0.49668834
27652,0.24549836
35026,0.24549836
44866,0.43309024
18248,0.20875156
9644,0.20875156
21640,0.20875156
22332,0.20875156
3694,0.20875156
14630,0.20875156
5133,0.20875156
4852,0.20875156
41057,0.43309024
34298,0.24549836
12253,0.20875156
1798,0.20875156
12962,0.20875156
19996,0.20875156
34003,0.24549836
22228,0.20875156
15945,0.20875156
28058,0.24549836
40244,0.24549836
39666,0.24549836
44483,0.43309024
38037,0.24549836
27594,0.24549836
31493,0.24549836
3817,0.20875156
9444,0.20875156
20739,0.20875156
2493,0.20875156
11782,0.49668834
3983,0.49668834
26715,0.34972963
29906,0.24549836
26996,0.34972963
44703,0.43309024
33958,0.24549836
5233,0.20875156
36237,0.24549836
2237,0.20875156
12328,0.20875156
23077,0.20875156
31832,0.24549836
30945,0.24549836
26276,0.20875156
15507,0.20875156
26726,0.20875156
43971,0.5488107
24709,0.20875156
24821,0.20875156
16378,0.20875156
11403,0.20875156
14123,0.20875156
6739,0.20875156
23718,0.20875156
8560,0.34972963
32864,0.24549836
28479,0.24549836
25524,0.20875156
36428,0.24549836
25995,0.20875156
42323,0.32276765
20292,0.34972963
18307,0.20875156
2287,0.20875156
32410,0.24549836
12503,0.20875156
31253,0.24549836
15922,0.20875156
10707,0.20875156
17108,0.20875156
3926,0.20875156
27415,0.24549836
18310,0.20875156
8580,0.20875156
38204,0.24549836
17095,0.49668834
5534,0.20875156
1885,0.20875156
6876,0.20875156
5308,0.20875156
30579,0.24549836
39816,0.24549836
11887,0.20875156
14513,0.20875156
43358,0.43309024
30308,0.24549836
34658,0.24549836
35031,0.34972963
16367,0.20875156
17137,0.20875156
28505,0.24549836
14874,0.20875156
40679,0.24549836
42927,0.32276765
11037,0.20875156
10457,0.20875156
799,0.20875156
315,0.20875156
22596,0.20875156
13085,0.20875156
9053,0.20875156
40330,0.24549836
9522,0.20875156
5509,0.20875156
30401,0.24549836
14894,0.20875156
33336,0.34972963
16301,0.20875156
33817,0.24549836
17730,0.34972963
461,0.20875156
41851,0.32276765
5028,0.20875156
56,0.20875156
7095,0.20875156
18350,0.20875156
20350,0.20875156
22455,0.20875156
42253,0.43309024
3965,0.49668834
38261,0.47860748
40230,0.24549836
19439,0.20875156
32426,0.24549836
22017,0.20875156
25670,0.20875156
1794,0.20875156
7327,0.20875156
9117,0.20875156
752,0.20875156
25235,0.20875156
5375,0.20875156
5546,0.49668834
17939,0.20875156
35478,0.24549836
19571,0.20875156
20813,0.20875156
42944,0.43309024
44649,0.32276765
14686,0.49668834
12980,0.20875156
36594,0.24549836
38106,0.24549836
28713,0.24549836
6186,0.20875156
17279,0.20875156
7851,0.20875156
7073,0.20875156
24328,0.20875156
19043,0.20875156
5835,0.20875156
42517,0.43309024
10456,0.20875156
23797,0.20875156
14392,0.20875156
20408,0.34972963
14272,0.20875156
33430,0.24549836
8287,0.20875156
1850,0.20875156
16257,0.20875156
1544,0.20875156
28584,0.24549836
37913,0.47860748
33188,0.24549836
25884,0.20875156
2116,0.20875156
28104,0.24549836
30997,0.24549836
15257,0.20875156
15536,0.20875156
38664,0.24549836
29053,0.24549836
4804,0.20875156
14848,0.20875156
14603,0.20875156
7941,0.20875156
9786,0.20875156
26959,0.20875156
9546,0.20875156
41012,0.32276765
18205,0.34972963
34561,0.24549836
11681,0.20875156
28985,0.24549836
33501,0.24549836
21318,0.20875156
33260,0.34972963
44694,0.32276765
20776,0.20875156
5054,0.20875156
8723,0.20875156
2391,0.20875156
3212,0.20875156
26339,0.20875156
31188,0.24549836
14400,0.20875156
40360,0.24549836
39682,0.24549836
13816,0.20875156
9312,0.49668834
3564,0.20875156
42301,0.43309024
5859,0.20875156
37217,0.24549836
8009,0.20875156
37835,0.24549836
30384,0.24549836
37795,0.24549836
34998,0.34972963
41143,0.43309024
34953,0.24549836
35717,0.24549836
31066,0.24549836
3288,0.20875156
10225,0.20875156
32890,0.24549836
16373,0.20875156
2602,0.20875156
31024,0.24549836
6352,0.20875156
42880,0.43309024
42268,0.43309024
23221,0.20875156
16350,0.20875156
14945,0.20875156
22945,0.20875156
35852,0.34972963
25484,0.20875156
23636,0.20875156
7022,0.20875156
7410,0.49668834
1032,0.20875156
7840,0.20875156
32258,0.24549836
773,0.20875156
35432,0.34972963
38056,0.24549836
26742,0.20875156
30082,0.24549836
27466,0.24549836
11611,0.20875156
3520,0.49668834
10364,0.20875156
8095,0.20875156
17148,0.20875156
5661,0.20875156
24186,0.20875156
17156,0.20875156
25166,0.20875156
13082,0.20875156
19584,0.20875156
13185,0.20875156
26635,0.20875156
20854,0.20875156
1342,0.20875156
32831,0.24549836
25292,0.20875156
43467,0.43309024
31536,0.24549836
10355,0.20875156
32107,0.24549836
17722,0.20875156
42066,0.43309024
41213,0.32276765
44077,0.43309024
29922,0.24549836
33068,0.24549836
16494,0.20875156
30900,0.24549836
25642,0.20875156
3278,0.20875156
22870,0.20875156
15098,0.20875156
35736,0.24549836
16397,0.20875156
11872,0.20875156
43016,0.43309024
24876,0.20875156
6121,0.20875156
18285,0.34972963
18414,0.20875156
43007,0.43309024
19334,0.20875156
13596,0.20875156
23417,0.20875156
42421,0.5488107
20499,0.20875156
25716,0.20875156
19247,0.20875156
35659,0.24549836
25364,0.20875156
36373,0.24549836
19300,0.20875156
38399,0.24549836
35354,0.24549836
15688,0.20875156
8607,0.20875156
40628,0.24549836
34831,0.24549836
18397,0.20875156
3463,0.20875156
27354,0.20875156
3936,0.34972963
40975,0.32276765
42582,0.43309024
23476,0.20875156
9216,0.20875156
7035,0.20875156
24031,0.20875156
26019,0.49668834
40471,0.24549836
931,0.34972963
31868,0.24549836
8333,0.20875156
10100,0.20875156
14374,0.20875156
28561,0.24549836
13012,0.34972963
2906,0.20875156
30025,0.24549836
32747,0.24549836
34223,0.24549836
29032,0.24549836
17530,0.20875156
38179,0.24549836
13140,0.20875156
8795,0.20875156
22641,0.20875156
31836,0.24549836
228,0.20875156
2481,0.20875156
18921,0.20875156
25960,0.20875156
35528,0.24549836
18501,0.20875156
36988,0.24549836
41930,0.32276765
29909,0.24549836
42235,0.43309024
31325,0.24549836
29921,0.24549836
16687,0.20875156
36322,0.24549836
10294,0.20875156
27213,0.20875156
6298,0.20875156
39834,0.24549836
22123,0.20875156
14651,0.20875156
1027,0.20875156
10338,0.20875156
6366,0.20875156
22868,0.20875156
41716,0.43309024
34110,0.24549836
24326,0.20875156
35790,0.24549836
6020,0.20875156
24989,0.20875156
13208,0.20875156
27432,0.34972963
18556,0.20875156
36261,0.24549836
38022,0.24549836
36590,0.24549836
35380,0.24549836
15653,0.20875156
41481,0.43309024
41054,0.43309024
6720,0.20875156
11167,0.20875156
33635,0.34972963
43159,0.5488107
10165,0.49668834
31366,0.24549836
9639,0.34972963
19640,0.49668834
42969,0.5488107
11051,0.20875156
34084,0.24549836
44949,0.32276765
40940,0.32276765
31025,0.24549836
20378,0.49668834
942,0.20875156
39913,0.5488107
4378,0.49668834
15528,0.20875156
42140,0.43309024
10077,0.34972963
34242,0.24549836
3609,0.20875156
6368,0.20875156
29849,0.24549836
23271,0.20875156
26346,0.20875156
3693,0.20875156
15639,0.20875156
23246,0.20875156
951,0.20875156
11430,0.20875156
16653,0.20875156
39692,0.24549836
10474,0.20875156
7072,0.20875156
25677,0.20875156
27412,0.24549836
21401,0.20875156
8285,0.20875156
1728,0.20875156
946,0.34972963
24433,0.20875156
38981,0.24549836
36656,0.24549836
24472,0.20875156
33186,0.24549836
43337,0.43309024
43182,0.43309024
15997,0.20875156
3560,0.20875156
28613,0.34972963
1867,0.20875156
44370,0.32276765
7263,0.20875156
38145,0.24549836
17097,0.20875156
4823,0.20875156
18416,0.20875156
40169,0.24549836
29940,0.24549836
15977,0.20875156
13878,0.20875156
44615,0.5488107
32209,0.24549836
21728,0.20875156
4568,0.20875156
8330,0.20875156
4367,0.20875156
14657,0.34972963
41410,0.32276765
23825,0.20875156
23733,0.20875156
41463,0.32276765
30373,0.24549836
12300,0.20875156
24697,0.20875156
270,0.20875156
1228,0.20875156
30416,0.24549836
1692,0.34972963
33143,0.24549836
40149,0.24549836
19836,0.20875156
44061,0.43309024
29670,0.49668834
16618,0.20875156
45186,0.32276765
43053,0.32276765
38450,0.5488107
21801,0.20875156
1182,0.20875156
6907,0.20875156
38105,0.24549836
29711,0.24549836
6737,0.20875156
13197,0.20875156
7251,0.20875156
13747,0.20875156
35986,0.24549836
17345,0.20875156
27120,0.34972963
33506,0.49668834
34768,0.24549836
31758,0.34972963
41932,0.43309024
2607,0.20875156
9294,0.20875156
6756,0.20875156
4173,0.20875156
5611,0.20875156
43026,0.43309024
44286,0.32276765
7384,0.20875156
27890,0.24549836
28587,0.24549836
44035,0.43309024
24082,0.20875156
13876,0.20875156
17726,0.34972963
25119,0.20875156
38131,0.47860748
16437,0.20875156
42017,0.43309024
34493,0.24549836
4668,0.20875156
30319,0.24549836
10363,0.20875156
1594,0.20875156
787,0.20875156
22117,0.49668834
26453,0.20875156
23794,0.20875156
21249,0.20875156
26744,0.20875156
20110,0.20875156
43639,0.32276765
28149,0.24549836
5033,0.20875156
15470,0.34972963
4381,0.20875156
6185,0.34972963
6167,0.20875156
36854,0.24549836
7317,0.20875156
15524,0.20875156
6344,0.20875156
21962,0.20875156
17786,0.20875156
9396,0.20875156
5053,0.34972963
17719,0.20875156
17987,0.20875156
21069,0.20875156
28255,0.24549836
7849,0.20875156
16149,0.20875156
37993,0.24549836
9796,0.20875156
4564,0.20875156
22977,0.34972963
12868,0.20875156
16067,0.34972963
25147,0.20875156
17760,0.34972963
31889,0.24549836
28656,0.24549836
28987,0.24549836
2749,0.20875156
9341,0.34972963
20261,0.20875156
9366,0.20875156
6616,0.20875156
22187,0.20875156
13455,0.20875156
21029,0.20875156
8490,0.34972963
18121,0.20875156
15397,0.20875156
3177,0.20875156
2827,0.20875156
34891,0.24549836
17082,0.20875156
32805,0.34972963
41515,0.43309024
24139,0.20875156
17793,0.20875156
35702,0.24549836
42722,0.43309024
9175,0.20875156
33463,0.24549836
23374,0.20875156
22919,0.20875156
41898,0.43309024
25308,0.20875156
21437,0.20875156
31851,0.49668834
3985,0.20875156
32104,0.49668834
18614,0.20875156
5115,0.20875156
39224,0.24549836
33841,0.24549836
41264,0.43309024
13160,0.20875156
3795,0.20875156
37486,0.24549836
44297,0.5488107
18503,0.20875156
8898,0.20875156
34685,0.24549836
43374,0.43309024
2346,0.20875156
14600,0.20875156
5955,0.49668834
17161,0.20875156
43938,0.43309024
16205,0.20875156
14751,0.20875156
29436,0.24549836
17824,0.20875156
39410,0.24549836
44858,0.5488107
35582,0.24549836
23557,0.20875156
7933,0.20875156
3570,0.20875156
26160,0.34972963
27343,0.20875156
18956,0.20875156
10387,0.20875156
17994,0.20875156
11103,0.20875156
39614,0.24549836
6155,0.20875156
15114,0.20875156
33760,0.24549836
9083,0.20875156
25877,0.20875156
19614,0.49668834
8374,0.20875156
28126,0.24549836
30953,0.24549836
32973,0.24549836
43536,0.43309024
34227,0.24549836
16715,0.20875156
37978,0.24549836
15750,0.20875156
15623,0.20875156
41685,0.43309024
23535,0.20875156
27570,0.24549836
35669,0.24549836
28379,0.24549836
7804,0.20875156
29129,0.24549836
881,0.20875156
21900,0.20875156
18060,0.20875156
24921,0.20875156
17918,0.20875156
33330,0.34972963
20459,0.20875156
41399,0.43309024
24331,0.20875156
27974,0.24549836
26090,0.20875156
22247,0.20875156
25849,0.20875156
5776,0.20875156
30417,0.24549836
3754,0.20875156
10936,0.49668834
42743,0.43309024
17509,0.20875156
43836,0.43309024
20617,0.20875156
16549,0.20875156
35070,0.24549836
22938,0.20875156
42588,0.43309024
37192,0.24549836
28666,0.24549836
26360,0.20875156
26738,0.20875156
43826,0.5488107
30289,0.24549836
25785,0.20875156
6529,0.34972963
22638,0.20875156
26222,0.20875156
40172,0.24549836
24865,0.20875156
8566,0.20875156
29479,0.24549836
61,0.20875156
21516,0.20875156
39763,0.24549836
5913,0.20875156
10892,0.20875156
1898,0.20875156
5961,0.20875156
6412,0.20875156
45003,0.43309024
4094,0.20875156
20601,0.20875156
8919,0.20875156
3092,0.20875156
40443,0.24549836
37660,0.24549836
40883,0.32276765
2045,0.20875156
20084,0.20875156
20852,0.20875156
34087,0.24549836
11535,0.20875156
44930,0.32276765
22238,0.20875156
8741,0.20875156
43717,0.43309024
7635,0.20875156
27032,0.20875156
19333,0.20875156
24860,0.20875156
26997,0.20875156
40593,0.24549836
11425,0.20875156
43384,0.43309024
17128,0.20875156
36105,0.24549836
2999,0.20875156
17299,0.20875156
30471,0.24549836
15037,0.34972963
7235,0.20875156
36504,0.24549836
9492,0.20875156
26242,0.20875156
2614,0.20875156
42807,0.43309024
25920,0.20875156
44038,0.32276765
11208,0.20875156
40069,0.24549836
20880,0.20875156
20199,0.20875156
21393,0.20875156
34457,0.24549836
1982,0.20875156
11651,0.20875156
13587,0.20875156
21566,0.20875156
31956,0.24549836
12885,0.20875156
37720,0.24549836
9221,0.20875156
12095,0.20875156
25098,0.20875156
12729,0.34972963
36276,0.24549836
37815,0.24549836
29028,0.24549836
8863,0.20875156
33822,0.24549836
5645,0.20875156
27994,0.24549836
36752,0.24549836
41022,0.43309024
17404,0.20875156
4302,0.20875156
31108,0.24549836
16157,0.20875156
24330,0.20875156
32218,0.24549836
31986,0.24549836
33732,0.24549836
44432,0.43309024
22043,0.20875156
15850,0.20875156
26871,0.20875156
25925,0.20875156
24195,0.20875156
37561,0.24549836
21910,0.34972963
42266,0.5488107
39612,0.24549836
406,0.20875156
39878,0.24549836
3263,0.20875156
18223,0.20875156
27148,0.20875156
37466,0.24549836
33109,0.24549836
2971,0.20875156
25106,0.20875156
26964,0.20875156
11829,0.20875156
5817,0.20875156
604,0.20875156
39310,0.24549836
7862,0.20875156
3017,0.20875156
15391,0.20875156
30263,0.34972963
5300,0.20875156
32373,0.24549836
9016,0.20875156
9533,0.20875156
283,0.20875156
14519,0.34972963
39154,0.24549836
34637,0.24549836
30307,0.24549836
10343,0.20875156
40665,0.24549836
9736,0.20875156
15512,0.20875156
32615,0.24549836
18459,0.20875156
16061,0.20875156
22016,0.20875156
40656,0.24549836
94,0.20875156
13229,0.34972963
40155,0.24549836
3485,0.49668834
2194,0.20875156
1560,0.20875156
15088,0.20875156
29565,0.24549836
3863,0.34972963
13266,0.20875156
34671,0.34972963
32946,0.24549836
20027,0.20875156
35165,0.24549836
2554,0.20875156
26658,0.20875156
8811,0.20875156
12786,0.20875156
37385,0.24549836
6998,0.20875156
23866,0.20875156
17287,0.34972963
32276,0.24549836
29045,0.24549836
44138,0.32276765
16843,0.49668834
781,0.20875156
1125,0.49668834
26470,0.20875156
28516,0.24549836
33871,0.34972963
18213,0.20875156
2392,0.20875156
19231,0.34972963
17594,0.20875156
38447,0.24549836
18378,0.20875156
29604,0.24549836
13219,0.20875156
3739,0.20875156
947,0.20875156
28974,0.24549836
10466,0.20875156
34947,0.24549836
35282,0.24549836
4025,0.20875156
27794,0.24549836
4298,0.20875156
28680,0.24549836
38588,0.24549836
5529,0.20875156
13986,0.20875156
18966,0.49668834
8801,0.20875156
20309,0.20875156
8220,0.20875156
11794,0.20875156
19909,0.20875156
28717,0.24549836
24381,0.34972963
14865,0.20875156
13581,0.34972963
39903,0.24549836
1566,0.20875156
243,0.20875156
2928,0.20875156
30248,0.24549836
4875,0.20875156
40334,0.24549836
42088,0.43309024
35430,0.24549836
24448,0.20875156
7604,0.20875156
24076,0.20875156
32638,0.24549836
37180,0.47860748
30503,0.24549836
32889,0.24549836
34202,0.24549836
36834,0.24549836
23946,0.20875156
30051,0.24549836
31859,0.24549836
32186,0.24549836
43324,0.43309024
2120,0.20875156
32180,0.24549836
5451,0.20875156
25520,0.20875156
16933,0.20875156
10107,0.34972963
38839,0.24549836
39829,0.24549836
23996,0.20875156
43357,0.43309024
23681,0.20875156
37722,0.24549836
41765,0.32276765
35727,0.24549836
31271,0.24549836
26456,0.49668834
24796,0.20875156
10388,0.34972963
32358,0.24549836
26998,0.34972963
28711,0.34972963
15604,0.20875156
37333,0.24549836
44238,0.43309024
17562,0.20875156
11593,0.20875156
19388,0.20875156
17819,0.20875156
16263,0.20875156
15439,0.34972963
19921,0.20875156
18822,0.20875156
23611,0.49668834
41025,0.43309024
41356,0.32276765
44677,0.32276765
15546,0.20875156
30274,0.24549836
21869,0.20875156
10998,0.20875156
39279,0.24549836
11314,0.20875156
33737,0.24549836
44420,0.43309024
770,0.20875156
44381,0.32276765
21868,0.20875156
33774,0.24549836
28776,0.24549836
20550,0.20875156
24961,0.20875156
22956,0.20875156
25718,0.20875156
22696,0.20875156
30526,0.24549836
23673,0.20875156
1615,0.20875156
30262,0.24549836
9367,0.20875156
41550,0.43309024
11095,0.20875156
20976,0.20875156
44069,0.32276765
39901,0.24549836
31714,0.24549836
34169,0.24549836
20370,0.34972963
41839,0.5488107
13480,0.20875156
30404,0.24549836
42884,0.32276765
27983,0.24549836
8476,0.20875156
15266,0.34972963
18175,0.20875156
4304,0.20875156
33580,0.24549836
22500,0.34972963
18737,0.49668834
13184,0.20875156
2530,0.20875156
12222,0.20875156
30563,0.24549836
45171,0.32276765
39047,0.24549836
27757,0.24549836
40171,0.24549836
9828,0.20875156
37260,0.24549836
37619,0.24549836
28915,0.24549836
16975,0.20875156
25635,0.20875156
8044,0.20875156
40892,0.32276765
15370,0.20875156
42156,0.43309024
6528,0.20875156
26240,0.20875156
41639,0.43309024
3880,0.34972963
34713,0.24549836
3412,0.20875156
28269,0.24549836
35036,0.24549836
23504,0.20875156
23735,0.20875156
5037,0.20875156
1918,0.34972963
26675,0.34972963
10569,0.49668834
31219,0.24549836
21030,0.49668834
44531,0.43309024
4596,0.20875156
11472,0.20875156
9266,0.34972963
19553,0.20875156
13736,0.20875156
11429,0.20875156
37456,0.24549836
40678,0.24549836
43040,0.5488107
36440,0.34972963
20688,0.34972963
2645,0.20875156
40569,0.24549836
25376,0.20875156
40712,0.24549836
15593,0.20875156
32051,0.49668834
41140,0.43309024
13446,0.20875156
9061,0.20875156
3624,0.20875156
30065,0.24549836
30584,0.24549836
30329,0.24549836
22427,0.20875156
957,0.34972963
18349,0.20875156
3133,0.20875156
14593,0.20875156
33054,0.24549836
9493,0.20875156
24357,0.20875156
20714,0.20875156
18027,0.20875156
25116,0.20875156
36789,0.24549836
38911,0.24549836
17908,0.20875156
35090,0.24549836
10603,0.20875156
14753,0.20875156
27771,0.24549836
28978,0.49668834
28989,0.24549836
20618,0.34972963
26681,0.20875156
6604,0.20875156
14143,0.34972963
8623,0.34972963
27814,0.24549836
13985,0.20875156
14566,0.20875156
17715,0.20875156
19767,0.20875156
42601,0.43309024
39658,0.24549836
3866,0.20875156
3947,0.20875156
39166,0.24549836
2165,0.20875156
44032,0.43309024
9679,0.20875156
5802,0.20875156
24191,0.20875156
3272,0.20875156
22172,0.34972963
6836,0.20875156
3793,0.34972963
14121,0.20875156
36176,0.24549836
40462,0.5488107
37279,0.24549836
23660,0.20875156
38060,0.24549836
17985,0.20875156
39825,0.24549836
31035,0.24549836
15875,0.20875156
14230,0.20875156
17724,0.20875156
19232,0.34972963
12098,0.20875156
5412,0.34972963
21923,0.20875156
20832,0.20875156
38731,0.24549836
954,0.20875156
29899,0.34972963
38058,0.24549836
7256,0.20875156
30133,0.24549836
15105,0.20875156
6118,0.20875156
37087,0.24549836
29558,0.24549836
19892,0.20875156
44732,0.43309024
19539,0.20875156
16978,0.20875156
18978,0.20875156
32654,0.24549836
29091,0.24549836
32795,0.34972963
40295,0.24549836
28329,0.24549836
42414,0.5488107
16238,0.20875156
43201,0.5488107
29251,0.24549836
22848,0.20875156
27802,0.24549836
16458,0.20875156
15361,0.20875156
36295,0.24549836
42933,0.32276765
45092,0.32276765
3165,0.20875156
42548,0.43309024
24109,0.20875156
3588,0.20875156
18939,0.20875156
135,0.20875156
10613,0.49668834
3606,0.20875156
40046,0.24549836
3914,0.20875156
14950,0.20875156
3404,0.20875156
18511,0.20875156
29104,0.24549836
26866,0.20875156
35091,0.49668834
35785,0.24549836
13171,0.20875156
18784,0.20875156
35103,0.24549836
3596,0.20875156
9270,0.20875156
37071,0.24549836
43931,0.43309024
2884,0.20875156
23981,0.20875156
30218,0.24549836
38787,0.24549836
7521,0.20875156
8829,0.20875156
31299,0.24549836
29392,0.24549836
41289,0.32276765
11031,0.20875156
20082,0.20875156
10386,0.20875156
32096,0.34972963
40134,0.24549836
10853,0.20875156
23404,0.20875156
31766,0.34972963
2271,0.20875156
14133,0.20875156
31008,0.24549836
12145,0.20875156
29936,0.24549836
25184,0.20875156
11708,0.20875156
18702,0.20875156
14813,0.20875156
22961,0.20875156
20549,0.20875156
10713,0.20875156
40252,0.24549836
32007,0.24549836
14817,0.20875156
37934,0.24549836
18647,0.20875156
30208,0.24549836
32072,0.24549836
43318,0.43309024
41404,0.43309024
39962,0.24549836
17683,0.20875156
26080,0.20875156
25659,0.20875156
35927,0.24549836
8656,0.20875156
37125,0.24549836
44599,0.32276765
11909,0.20875156
38606,0.48314685
6524,0.20875156
26073,0.20875156
11346,0.20875156
12945,0.20875156
25815,0.20875156
11791,0.20875156
10532,0.20875156
41823,0.43309024
37665,0.24549836
29865,0.24549836
26362,0.20875156
4373,0.34972963
8309,0.49668834
7144,0.20875156
32040,0.34972963
7670,0.20875156
4035,0.20875156
28140,0.24549836
38442,0.24549836
30369,0.24549836
4846,0.20875156
18778,0.20875156
32479,0.24549836
642,0.20875156
17907,0.20875156
34542,0.24549836
5671,0.20875156
29863,0.24549836
5785,0.20875156
7901,0.20875156
12359,0.20875156
22812,0.20875156
12441,0.20875156
7060,0.20875156
18275,0.20875156
7563,0.20875156
38280,0.24549836
37812,0.47860748
41223,0.32276765
17225,0.20875156
2555,0.20875156
23028,0.20875156
18630,0.20875156
36540,0.24549836
12756,0.34972963
16123,0.20875156
33485,0.24549836
39746,0.24549836
35946,0.34972963
11497,0.20875156
3878,0.20875156
1238,0.20875156
18611,0.20875156
25552,0.20875156
5238,0.20875156
37242,0.24549836
27194,0.20875156
33020,0.34972963
14918,0.20875156
10437,0.20875156
4194,0.20875156
43980,0.32276765
2390,0.20875156
33361,0.24549836
35646,0.34972963
9649,0.20875156
14827,0.20875156
28599,0.24549836
40781,0.32276765
29128,0.24549836
11885,0.20875156
20186,0.20875156
17338,0.49668834
44468,0.32276765
26220,0.20875156
37317,0.5488107
33856,0.24549836
22859,0.20875156
20818,0.20875156
43829,0.5488107
35362,0.24549836
33431,0.24549836
16239,0.20875156
6753,0.20875156
37302,0.24549836
35758,0.34972963
16362,0.20875156
26294,0.20875156
6950,0.20875156
43214,0.5488107
15965,0.20875156
6351,0.20875156
40522,0.24549836
1131,0.20875156
9290,0.20875156
39146,0.24549836
20345,0.20875156
26525,0.49668834
11857,0.20875156
37195,0.24549836
40556,0.24549836
22644,0.20875156
2497,0.20875156
15384,0.20875156
20181,0.20875156
10934,0.20875156
25399,0.20875156
6263,0.20875156
37715,0.24549836
22667,0.20875156
31076,0.24549836
33326,0.24549836
21298,0.20875156
29898,0.24549836
40439,0.24549836
9425,0.20875156
39588,0.24549836
26356,0.20875156
30335,0.24549836
42172,0.43309024
27321,0.20875156
7790,0.20875156
25118,0.20875156
24937,0.20875156
43497,0.43309024
37790,0.24549836
2793,0.20875156
2626,0.20875156
22664,0.20875156
37168,0.24549836
13350,0.20875156
27021,0.20875156
34097,0.34972963
24906,0.20875156
30057,0.24549836
17678,0.20875156
34374,0.24549836
27731,0.24549836
12845,0.20875156
534,0.20875156
40751,0.43309024
42699,0.43309024
30158,0.24549836
195,0.20875156
28461,0.24549836
41603,0.32276765
37197,0.24549836
42018,0.32276765
9630,0.20875156
24613,0.20875156
39891,0.24549836
25547,0.20875156
1465,0.20875156
1723,0.20875156
37847,0.24549836
38207,0.24549836
8229,0.20875156
19419,0.20875156
564,0.20875156
44993,0.43309024
34878,0.24549836
6671,0.20875156
9807,0.20875156
38995,0.24549836
2252,0.20875156
3670,0.20875156
11747,0.20875156
31301,0.24549836
37471,0.24549836
16145,0.20875156
25833,0.20875156
39015,0.24549836
2853,0.20875156
26404,0.20875156
22986,0.20875156
1904,0.20875156
32309,0.24549836
37056,0.5488107
4650,0.20875156
23198,0.20875156
34380,0.24549836
11178,0.20875156
42507,0.32276765
1569,0.20875156
35712,0.24549836
22850,0.20875156
11310,0.20875156
45190,0.43309024
18039,0.34972963
10821,0.20875156
38825,0.24549836
11355,0.20875156
38443,0.47860748
6835,0.20875156
7575,0.20875156
465,0.20875156
11595,0.20875156
28861,0.24549836
5476,0.20875156
18824,0.20875156
5747,0.20875156
21525,0.34972963
16389,0.20875156
39646,0.24549836
768,0.20875156
3948,0.49668834
38750,0.24549836
18194,0.20875156
3538,0.20875156
19438,0.20875156
31329,0.24549836
16746,0.34972963
12423,0.20875156
26665,0.20875156
13462,0.20875156
42441,0.43309024
36641,0.24549836
26237,0.20875156
8301,0.20875156
9867,0.20875156
16758,0.20875156
11090,0.20875156
5693,0.20875156
2814,0.20875156
19265,0.20875156
9897,0.20875156
40107,0.24549836
21767,0.20875156
10841,0.20875156
34351,0.49668834
41534,0.32276765
40333,0.24549836
27696,0.24549836
33007,0.24549836
21440,0.20875156
36492,0.24549836
13953,0.20875156
32109,0.24549836
7172,0.20875156
12858,0.20875156
37772,0.24549836
12068,0.20875156
6964,0.20875156
9525,0.20875156
23194,0.20875156
38827,0.5488107
32724,0.24549836
31,0.20875156
40234,0.24549836
3029,0.20875156
25263,0.20875156
8652,0.20875156
13859,0.20875156
16721,0.34972963
35620,0.24549836
4992,0.34972963
33950,0.24549836
27541,0.24549836
5347,0.20875156
40960,0.32276765
44857,0.5488107
2797,0.20875156
10676,0.20875156
38746,0.5488107
5840,0.20875156
19679,0.20875156
41807,0.32276765
26136,0.34972963
6805,0.20875156
6504,0.20875156
36232,0.34972963
24161,0.20875156
13236,0.20875156
40425,0.24549836
13321,0.20875156
43434,0.5488107
24733,0.49668834
2229,0.20875156
30282,0.24549836
37146,0.24549836
4299,0.20875156
28491,0.24549836
33438,0.24549836
40551,0.24549836
18751,0.20875156
36021,0.24549836
20036,0.20875156
12139,0.20875156
30123,0.24549836
20131,0.20875156
24498,0.20875156
43408,0.43309024
17520,0.20875156
24791,0.20875156
37093,0.24549836
2935,0.20875156
22183,0.20875156
9884,0.20875156
10560,0.20875156
35630,0.24549836
4854,0.20875156
41286,0.32276765
1779,0.34972963
7187,0.20875156
43274,0.43309024
5111,0.20875156
41825,0.32276765
25632,0.20875156
34136,0.24549836
10665,0.34972963
18853,0.20875156
6389,0.20875156
10524,0.20875156
7791,0.20875156
28793,0.24549836
35264,0.34972963
43813,0.5488107
11006,0.20875156
35836,0.24549836
34597,0.24549836
1129,0.20875156
14514,0.20875156
32531,0.24549836
26721,0.34972963
14353,0.20875156
20203,0.20875156
41493,0.43309024
23305,0.20875156
29504,0.34972963
28356,0.24549836
2973,0.20875156
34032,0.24549836
40507,0.24549836
6192,0.20875156
33279,0.34972963
29823,0.24549836
311,0.20875156
33189,0.24549836
14196,0.20875156
27567,0.24549836
37959,0.24549836
15816,0.20875156
31705,0.24549836
5248,0.20875156
25420,0.20875156
34063,0.34972963
5919,0.20875156
37759,0.24549836
38943,0.24549836
20270,0.20875156
12625,0.20875156
40106,0.24549836
8223,0.20875156
19854,0.20875156
16576,0.20875156
6179,0.34972963
32817,0.24549836
21660,0.20875156
33587,0.24549836
8997,0.20875156
9122,0.49668834
29224,0.24549836
41407,0.43309024
2490,0.20875156
31085,0.24549836
43997,0.43309024
36355,0.24549836
44665,0.43309024
38906,0.24549836
27736,0.24549836
8353,0.20875156
12529,0.20875156
5317,0.20875156
30983,0.24549836
22712,0.20875156
42380,0.43309024
9285,0.34972963
3842,0.20875156
39757,0.24549836
44608,0.32276765
6206,0.20875156
980,0.20875156
23119,0.20875156
15903,0.20875156
35275,0.24549836
5459,0.20875156
21705,0.49668834
34270,0.24549836
3808,0.20875156
42319,0.43309024
13743,0.20875156
7174,0.20875156
40926,0.43309024
35649,0.24549836
32269,0.24549836
11145,0.20875156
29309,0.24549836
3007,0.20875156
13054,0.20875156
19183,0.20875156
7437,0.20875156
3822,0.20875156
42472,0.32276765
4500,0.20875156
758,0.20875156
44187,0.43309024
2745,0.20875156
14135,0.20875156
6723,0.20875156
20067,0.20875156
35566,0.24549836
7836,0.20875156
36246,0.24549836
17843,0.34972963
22903,0.20875156
27624,0.24549836
25938,0.20875156
27339,0.20875156
24952,0.20875156
23060,0.20875156
7423,0.34972963
7864,0.20875156
6931,0.20875156
13862,0.34972963
34606,0.24549836
36019,0.24549836
28440,0.24549836
9576,0.34972963
4726,0.49668834
26273,0.20875156
6138,0.20875156
27430,0.24549836
41870,0.32276765
8517,0.34972963
8896,0.20875156
43785,0.5488107
39075,0.24549836
32163,0.34972963
16868,0.20875156
12832,0.20875156
20428,0.20875156
9963,0.20875156
30826,0.24549836
8381,0.20875156
34602,0.24549836
20017,0.20875156
2764,0.20875156
20286,0.20875156
38459,0.24549836
29684,0.24549836
7079,0.20875156
23668,0.20875156
33561,0.24549836
22513,0.20875156
35561,0.24549836
33487,0.24549836
40206,0.24549836
35747,0.34972963
26884,0.20875156
39416,0.24549836
32737,0.34972963
16337,0.20875156
12926,0.20875156
24214,0.20875156
27880,0.24549836
8482,0.20875156
25422,0.20875156
7025,0.20875156
22735,0.20875156
3081,0.34972963
21828,0.20875156
953,0.20875156
24371,0.20875156
9069,0.20875156
6416,0.20875156
2880,0.20875156
17957,0.20875156
24801,0.20875156
43371,0.32276765
12195,0.20875156
19528,0.20875156
30964,0.24549836
15532,0.20875156
30543,0.34972963
29317,0.24549836
22788,0.20875156
6748,0.20875156
22327,0.20875156
37852,0.24549836
10999,0.34972963
3598,0.20875156
20823,0.20875156
39283,0.5488107
12511,0.20875156
42681,0.43309024
4779,0.20875156
26684,0.34972963
42426,0.32276765
34830,0.24549836
15921,0.20875156
10795,0.20875156
26950,0.20875156
25317,0.20875156
27969,0.49668834
13025,0.20875156
35485,0.24549836
9764,0.20875156
8386,0.20875156
4249,0.20875156
15155,0.20875156
15121,0.34972963
17414,0.20875156
14655,0.20875156
32230,0.24549836
5683,0.20875156
20895,0.20875156
12371,0.34972963
33674,0.24549836
19637,0.20875156
28799,0.24549836
3297,0.20875156
8961,0.34972963
25426,0.20875156
25546,0.20875156
21038,0.20875156
19024,0.20875156
17280,0.49668834
15821,0.20875156
32634,0.24549836
43178,0.32276765
7294,0.20875156
20846,0.20875156
1533,0.20875156
22698,0.20875156
3733,0.34972963
41621,0.32276765
11076,0.20875156
37160,0.24549836
38990,0.24549836
20752,0.20875156
15796,0.20875156
43367,0.32276765
17484,0.20875156
27943,0.49668834
15591,0.20875156
2122,0.20875156
41126,0.43309024
17019,0.20875156
37775,0.24549836
39733,0.24549836
9189,0.20875156
12835,0.20875156
7541,0.20875156
1244,0.20875156
36223,0.24549836
41200,0.43309024
36047,0.24549836
20881,0.20875156
13129,0.20875156
30105,0.24549836
17549,0.20875156
6257,0.20875156
2780,0.20875156
24635,0.34972963
39151,0.24549836
3033,0.20875156
30333,0.24549836
28889,0.24549836
3087,0.20875156
17467,0.20875156
14878,0.20875156
30829,0.24549836
3458,0.20875156
10912,0.20875156
11825,0.20875156
20453,0.20875156
4264,0.20875156
38529,0.24549836
18149,0.20875156
32158,0.24549836
16909,0.20875156
2303,0.20875156
28096,0.49668834
27948,0.24549836
10421,0.20875156
26701,0.20875156
42875,0.43309024
20096,0.20875156
39190,0.24549836
44976,0.43309024
1291,0.20875156
42931,0.43309024
24097,0.20875156
38722,0.24549836
29418,0.24549836
26363,0.20875156
44846,0.43309024
20771,0.20875156
33508,0.24549836
28260,0.24549836
44493,0.43309024
20535,0.20875156
16760,0.20875156
36478,0.24549836
38848,0.24549836
8760,0.20875156
35715,0.24549836
32751,0.24549836
38097,0.24549836
30062,0.24549836
11376,0.20875156
24170,0.20875156
37974,0.24549836
27766,0.49668834
23101,0.20875156
37727,0.24549836
20653,0.34972963
16840,0.34972963
37362,0.24549836
45032,0.5488107
42243,0.32276765
12307,0.20875156
3407,0.20875156
43714,0.47860748
40770,0.32276765
40092,0.24549836
42340,0.5488107
1358,0.20875156
23602,0.20875156
34618,0.24549836
35685,0.24549836
21191,0.20875156
28457,0.24549836
30489,0.24549836
4384,0.20875156
22298,0.20875156
37311,0.24549836
7496,0.34972963
43764,0.43309024
35891,0.24549836
6321,0.20875156
39919,0.24549836
29759,0.24549836
15216,0.20875156
39287,0.24549836
30818,0.24549836
32585,0.24549836
33706,0.24549836
13754,0.20875156
877,0.20875156
44626,0.43309024
13097,0.20875156
44413,0.32276765
535,0.20875156
27547,0.24549836
9147,0.20875156
7425,0.20875156
29593,0.24549836
19639,0.20875156
38155,0.24549836
26122,0.20875156
11925,0.20875156
29806,0.24549836
34691,0.24549836
32129,0.24549836
22602,0.20875156
30128,0.24549836
16592,0.20875156
36486,0.24549836
43657,0.32276765
36001,0.24549836
23876,0.20875156
25689,0.20875156
30279,0.24549836
828,0.20875156
17812,0.20875156
27904,0.24549836
2883,0.34972963
28359,0.49668834
33843,0.24549836
28900,0.24549836
12027,0.20875156
7412,0.20875156
40661,0.24549836
45000,0.32276765
43962,0.5488107
14031,0.34972963
12297,0.20875156
45175,0.43309024
11754,0.20875156
25011,0.20875156
18746,0.20875156
28378,0.24549836
28293,0.24549836
27881,0.24549836
35832,0.24549836
19146,0.20875156
35924,0.24549836
28612,0.24549836
21624,0.20875156
13914,0.49668834
8012,0.49668834
33514,0.24549836
7400,0.20875156
30283,0.24549836
24790,0.20875156
18795,0.20875156
11896,0.20875156
38994,0.24549836
29620,0.24549836
44792,0.43309024
11313,0.20875156
20063,0.20875156
18699,0.20875156
11936,0.20875156
8562,0.20875156
25356,0.20875156
42799,0.43309024
24565,0.20875156
20109,0.20875156
22630,0.20875156
19163,0.20875156
21972,0.20875156
17767,0.20875156
28168,0.24549836
44211,0.32276765
26837,0.20875156
1742,0.20875156
34717,0.24549836
17539,0.20875156
12192,0.20875156
18460,0.20875156
30812,0.24549836
29459,0.24549836
30224,0.24549836
21618,0.20875156
4216,0.20875156
7146,0.34972963
8813,0.20875156
7844,0.20875156
8763,0.20875156
35596,0.24549836
34729,0.24549836
42707,0.32276765
12654,0.20875156
11932,0.20875156
33397,0.24549836
40225,0.24549836
8876,0.34972963
14546,0.20875156
40170,0.24549836
9206,0.49668834
38404,0.24549836
4471,0.20875156
4621,0.20875156
10121,0.20875156
10608,0.20875156
14149,0.20875156
44567,0.32276765
42428,0.43309024
25225,0.20875156
15613,0.20875156
4501,0.20875156
37868,0.24549836
28541,0.34972963
21269,0.20875156
22623,0.20875156
16847,0.20875156
2540,0.20875156
39392,0.24549836
25555,0.20875156
19392,0.20875156
29868,0.24549836
43149,0.47860748
1274,0.49668834
43286,0.43309024
41449,0.32276765
25578,0.20875156
23237,0.20875156
11001,0.20875156
34102,0.34972963
7006,0.20875156
34635,0.24549836
20468,0.20875156
34693,0.24549836
1575,0.20875156
33445,0.24549836
42365,0.43309024
44166,0.5488107
21354,0.20875156
33923,0.24549836
26942,0.20875156
34583,0.34972963
5608,0.20875156
8599,0.34972963
9675,0.20875156
12284,0.20875156
7559,0.20875156
40934,0.43309024
12209,0.20875156
20288,0.20875156
42011,0.32276765
33889,0.24549836
36088,0.49668834
32612,0.24549836
21678,0.20875156
23196,0.20875156
14642,0.34972963
35417,0.24549836
29457,0.24549836
19500,0.20875156
42052,0.43309024
3093,0.20875156
11377,0.34972963
23580,0.20875156
7416,0.20875156
8732,0.49668834
4408,0.20875156
28251,0.24549836
16085,0.20875156
15787,0.20875156
39493,0.5488107
42010,0.43309024
22213,0.49668834
12740,0.20875156
4768,0.20875156
2892,0.20875156
8291,0.20875156
27780,0.24549836
36229,0.24549836
5009,0.20875156
4853,0.20875156
18204,0.20875156
34201,0.24549836
7652,0.20875156
29634,0.24549836
14892,0.34972963
28734,0.24549836
3719,0.20875156
1666,0.20875156
39580,0.24549836
4636,0.20875156
3137,0.20875156
2564,0.20875156
14898,0.20875156
3094,0.20875156
45128,0.43309024
19681,0.20875156
23340,0.20875156
25283,0.20875156
44662,0.32276765
30258,0.24549836
2003,0.20875156
9513,0.20875156
10095,0.20875156
4159,0.20875156
33773,0.24549836
31583,0.24549836
33183,0.24549836
746,0.20875156
3047,0.20875156
32513,0.24549836
15337,0.20875156
5304,0.20875156
43840,0.5488107
811,0.20875156
41595,0.5488107
24087,0.20875156
42534,0.43309024
4585,0.20875156
12673,0.20875156
22326,0.20875156
4762,0.20875156
27156,0.34972963
30901,0.24549836
39634,0.24549836
23171,0.20875156
25443,0.20875156
13,0.20875156
36154,0.24549836
21362,0.20875156
44085,0.43309024
450,0.20875156
8335,0.20875156
43042,0.43309024
22397,0.20875156
18766,0.20875156
15590,0.20875156
7148,0.34972963
20907,0.20875156
31378,0.24549836
29776,0.24549836
17258,0.20875156
15092,0.20875156
38221,0.24549836
24982,0.20875156
32489,0.24549836
12640,0.34972963
13182,0.20875156
21323,0.20875156
23726,0.20875156
16048,0.20875156
4883,0.20875156
12271,0.20875156
3340,0.20875156
35520,0.24549836
1169,0.20875156
33955,0.24549836
2968,0.20875156
37855,0.24549836
8269,0.34972963
41690,0.32276765
18573,0.20875156
27379,0.49668834
40362,0.24549836
19137,0.20875156
15522,0.20875156
44959,0.43309024
44163,0.5488107
9647,0.20875156
26213,0.20875156
34162,0.24549836
29,0.20875156
27163,0.20875156
32090,0.24549836
30322,0.24549836
1005,0.20875156
11009,0.20875156
8338,0.20875156
18847,0.20875156
21043,0.20875156
39713,0.24549836
42495,0.32276765
16402,0.20875156
17166,0.20875156
32745,0.24549836
28197,0.24549836
468,0.34972963
11755,0.20875156
22607,0.20875156
18407,0.20875156
31118,0.49668834
9185,0.34972963
4024,0.20875156
33003,0.24549836
2979,0.20875156
8015,0.34972963
41087,0.32276765
5170,0.20875156
27899,0.24549836
35179,0.24549836
23346,0.20875156
1856,0.20875156
7593,0.20875156
21367,0.20875156
41021,0.43309024
42350,0.32276765
18299,0.20875156
26799,0.20875156
8213,0.20875156
11332,0.20875156
43910,0.47860748
37525,0.24549836
33244,0.34972963
19173,0.34972963
8519,0.20875156
26089,0.20875156
36566,0.5488107
16983,0.20875156
42417,0.32276765
5748,0.20875156
5384,0.34972963
38627,0.24549836
36420,0.34972963
26256,0.20875156
21047,0.20875156
38210,0.24549836
16033,0.20875156
43361,0.43309024
19371,0.20875156
26428,0.20875156
36634,0.24549836
30012,0.34972963
35043,0.24549836
41331,0.32276765
24313,0.20875156
26955,0.34972963
38640,0.24549836
26096,0.20875156
42250,0.43309024
41847,0.5488107
29790,0.24549836
27388,0.20875156
43814,0.32276765
33450,0.24549836
3342,0.20875156
8187,0.34972963
8339,0.20875156
19031,0.20875156
38810,0.24549836
11899,0.20875156
9605,0.20875156
29543,0.24549836
444,0.20875156
12809,0.20875156
24810,0.20875156
25963,0.20875156
15129,0.20875156
18147,0.20875156
2496,0.20875156
4457,0.20875156
21241,0.20875156
43739,0.32276765
44292,0.43309024
1194,0.49668834
7115,0.49668834
41318,0.32276765
39198,0.24549836
20189,0.20875156
26100,0.20875156
12829,0.20875156
9461,0.20875156
44319,0.5488107
10618,0.20875156
31574,0.34972963
19496,0.20875156
4695,0.20875156
20418,0.20875156
42223,0.43309024
11475,0.20875156
12162,0.20875156
38953,0.24549836
16456,0.20875156
3955,0.20875156
30481,0.24549836
8909,0.20875156
37245,0.24549836
43325,0.43309024
7068,0.20875156
9472,0.20875156
12313,0.20875156
19331,0.20875156
41564,0.32276765
11680,0.20875156
28050,0.24549836
5991,0.20875156
5165,0.20875156
39483,0.24549836
20750,0.20875156
624,0.20875156
43045,0.43309024
40680,0.24549836
7152,0.20875156
43275,0.43309024
20035,0.20875156
30609,0.24549836
3912,0.20875156
11093,0.20875156
966,0.20875156
38144,0.24549836
9869,0.20875156
17752,0.20875156
32222,0.24549836
15471,0.20875156
18264,0.20875156
33892,0.24549836
40415,0.24549836
32357,0.24549836
43330,0.43309024
15400,0.20875156
24857,0.20875156
33341,0.34972963
40385,0.24549836
25903,0.20875156
10514,0.20875156
25532,0.20875156
40325,0.48314685
16513,0.20875156
27796,0.24549836
16381,0.20875156
24993,0.20875156
33786,0.24549836
4980,0.20875156
22526,0.20875156
22639,0.20875156
16425,0.34972963
28408,0.24549836
20922,0.20875156
9332,0.20875156
12870,0.20875156
13397,0.20875156
20636,0.20875156
41129,0.32276765
6915,0.20875156
15418,0.20875156
4959,0.20875156
14768,0.20875156
25586,0.20875156
16231,0.34972963
4305,0.20875156
6839,0.34972963
884,0.20875156
6820,0.20875156
44123,0.32276765
24020,0.20875156
7401,0.34972963
36243,0.34972963
19440,0.20875156
18722,0.20875156
7275,0.20875156
27286,0.20875156
25091,0.20875156
8101,0.20875156
4368,0.20875156
5105,0.20875156
5423,0.20875156
16088,0.20875156
41014,0.43309024
44450,0.32276765
28944,0.24549836
36008,0.24549836
37578,0.24549836
19435,0.20875156
10727,0.49668834
10218,0.34972963
13794,0.20875156
36036,0.24549836
30347,0.24549836
3296,0.20875156
43844,0.32276765
28635,0.24549836
11131,0.20875156
2498,0.20875156
27833,0.24549836
31487,0.24549836
13153,0.20875156
15191,0.20875156
6573,0.20875156
13173,0.20875156
31759,0.24549836
18952,0.20875156
17702,0.20875156
23545,0.20875156
25514,0.20875156
19513,0.20875156
26864,0.34972963
30694,0.24549836
39536,0.24549836
39694,0.5488107
39293,0.24549836
40938,0.32276765
22606,0.20875156
32167,0.24549836
26941,0.20875156
40570,0.24549836
27246,0.20875156
44965,0.32276765
21982,0.20875156
10123,0.20875156
41339,0.43309024
21293,0.20875156
25396,0.20875156
39700,0.24549836
25549,0.20875156
17770,0.20875156
16773,0.20875156
13568,0.20875156
41386,0.43309024
19941,0.20875156
42650,0.43309024
37258,0.24549836
25327,0.20875156
8321,0.20875156
36502,0.24549836
7962,0.20875156
13087,0.20875156
11944,0.20875156
12824,0.20875156
35697,0.24549836
4019,0.20875156
13593,0.34972963
34883,0.24549836
4671,0.20875156
694,0.20875156
40866,0.5488107
42578,0.43309024
18515,0.20875156
28367,0.24549836
12422,0.20875156
20683,0.20875156
21652,0.20875156
8082,0.20875156
27278,0.20875156
9674,0.20875156
12662,0.20875156
12890,0.20875156
38070,0.24549836
12585,0.49668834
38574,0.24549836
36479,0.24549836
38667,0.24549836
27008,0.20875156
7586,0.20875156
30451,0.24549836
13959,0.20875156
7607,0.20875156
39243,0.24549836
11741,0.34972963
13231,0.20875156
6076,0.34972963
11479,0.20875156
13428,0.20875156
2035,0.20875156
29281,0.24549836
5945,0.20875156
1600,0.20875156
36992,0.24549836
29797,0.24549836
14005,0.20875156
23236,0.20875156
26825,0.20875156
19390,0.20875156
12213,0.20875156
16436,0.20875156
39081,0.24549836
370,0.20875156
39826,0.24549836
33877,0.34972963
31831,0.24549836
38865,0.24549836
39752,0.24549836
12185,0.20875156
27726,0.24549836
29874,0.24549836
35866,0.24549836
43898,0.43309024
40693,0.24549836
40685,0.24549836
20200,0.20875156
27752,0.49668834
44549,0.32276765
40378,0.24549836
34862,0.24549836
5715,0.20875156
29932,0.24549836
10042,0.20875156
21659,0.20875156
41104,0.32276765
21625,0.20875156
24163,0.20875156
23720,0.20875156
13624,0.49668834
45072,0.43309024
14160,0.20875156
19484,0.20875156
5341,0.20875156
21553,0.20875156
44400,0.43309024
44423,0.43309024
31964,0.34972963
26141,0.20875156
43191,0.43309024
21322,0.20875156
30127,0.24549836
29705,0.24549836
22257,0.20875156
44288,0.47860748
21178,0.20875156
18920,0.49668834
37303,0.24549836
1659,0.20875156
15987,0.20875156
16963,0.34972963
14418,0.34972963
31666,0.24549836
34172,0.24549836
27536,0.24549836
16671,0.20875156
21446,0.20875156
2683,0.20875156
34350,0.24549836
44895,0.32276765
2279,0.20875156
2474,0.20875156
31581,0.24549836
3279,0.20875156
11536,0.20875156
1082,0.20875156
24524,0.20875156
33351,0.24549836
39193,0.24549836
18771,0.20875156
19753,0.20875156
29726,0.24549836
19691,0.34972963
22401,0.20875156
13465,0.34972963
9050,0.49668834
22747,0.20875156
14305,0.20875156
4955,0.20875156
22292,0.20875156
44648,0.32276765
15738,0.20875156
28655,0.24549836
10189,0.20875156
25316,0.20875156
30160,0.24549836
24482,0.20875156
23703,0.20875156
6160,0.20875156
21078,0.20875156
7479,0.20875156
20052,0.20875156
10438,0.20875156
3576,0.20875156
24610,0.20875156
44015,0.32276765
37732,0.24549836
27554,0.49668834
34944,0.34972963
41069,0.32276765
7439,0.20875156
42440,0.43309024
34684,0.24549836
18289,0.20875156
29150,0.24549836
39904,0.24549836
897,0.20875156
2590,0.20875156
11447,0.20875156
24784,0.20875156
26460,0.20875156
44186,0.43309024
41516,0.43309024
5662,0.20875156
38003,0.24549836
14091,0.20875156
21085,0.20875156
27722,0.24549836
29311,0.34972963
41337,0.43309024
20246,0.49668834
26962,0.34972963
2235,0.20875156
13364,0.20875156
18433,0.20875156
27588,0.24549836
44125,0.32276765
8963,0.20875156
12184,0.20875156
8275,0.20875156
895,0.20875156
34275,0.24549836
35892,0.24549836
40096,0.24549836
10108,0.20875156
3893,0.20875156
44676,0.5488107
24290,0.20875156
27526,0.24549836
1862,0.20875156
41371,0.32276765
23669,0.20875156
18319,0.20875156
11094,0.20875156
5881,0.34972963
15899,0.20875156
1941,0.20875156
41615,0.43309024
38361,0.24549836
24870,0.20875156
16951,0.20875156
27703,0.24549836
6216,0.20875156
26454,0.20875156
41416,0.32276765
7292,0.20875156
20242,0.20875156
25594,0.20875156
17120,0.20875156
42614,0.43309024
20911,0.20875156
17514,0.20875156
717,0.34972963
45210,0.43309024
33759,0.24549836
9681,0.20875156
38882,0.24549836
25082,0.20875156
37433,0.24549836
5634,0.20875156
14711,0.20875156
44784,0.43309024
7723,0.20875156
8303,0.20875156
924,0.20875156
9534,0.34972963
808,0.20875156
6111,0.20875156
17270,0.20875156
27605,0.24549836
16874,0.20875156
2652,0.20875156
33479,0.24549836
36326,0.24549836
41174,0.43309024
16224,0.20875156
14875,0.20875156
21673,0.20875156
12720,0.20875156
26320,0.20875156
28410,0.24549836
34232,0.24549836
3261,0.20875156
3603,0.34972963
18862,0.20875156
42330,0.43309024
10288,0.20875156
45126,0.43309024
9160,0.20875156
24541,0.20875156
27391,0.20875156
40782,0.43309024
22006,0.20875156
27686,0.24549836
38163,0.24549836
33248,0.24549836
22470,0.20875156
11464,0.20875156
43547,0.43309024
41702,0.32276765
14093,0.20875156
19101,0.20875156
4106,0.20875156
11557,0.20875156
22075,0.20875156
5617,0.20875156
9628,0.20875156
11694,0.20875156
14742,0.20875156
11933,0.34972963
9666,0.20875156
31222,0.24549836
30592,0.24549836
14070,0.20875156
4953,0.20875156
41703,0.5488107
1068,0.20875156
5928,0.20875156
29743,0.49668834
30839,0.24549836
35203,0.24549836
37539,0.24549836
16291,0.20875156
25657,0.20875156
3666,0.20875156
35701,0.24549836
18756,0.34972963
23283,0.20875156
32390,0.34972963
13890,0.20875156
39463,0.24549836
44696,0.43309024
27262,0.20875156
27171,0.20875156
12855,0.20875156
10760,0.20875156
39779,0.24549836
6317,0.20875156
24152,0.20875156
29715,0.24549836
13452,0.20875156
4285,0.20875156
365,0.20875156
32424,0.49668834
7822,0.34972963
25351,0.20875156
14756,0.20875156
11767,0.20875156
1069,0.20875156
26108,0.20875156
25788,0.20875156
18823,0.34972963
38826,0.24549836
7957,0.20875156
6607,0.20875156
38927,0.47860748
27263,0.20875156
24258,0.20875156
93,0.34972963
5689,0.20875156
25430,0.20875156
12713,0.20875156
40619,0.24549836
15669,0.20875156
28657,0.24549836
14923,0.20875156
3566,0.20875156
27300,0.20875156
34880,0.24549836
991,0.20875156
32553,0.34972963
32797,0.24549836
34344,0.24549836
7651,0.20875156
14207,0.20875156
34417,0.24549836
45046,0.43309024
28205,0.24549836
10002,0.20875156
20770,0.34972963
31427,0.24549836
30421,0.24549836
11768,0.20875156
2085,0.20875156
8681,0.20875156
27742,0.24549836
35500,0.24549836
30941,0.24549836
39510,0.24549836
29956,0.34972963
1970,0.20875156
20687,0.20875156
29618,0.24549836
7537,0.20875156
31052,0.24549836
39988,0.24549836
29398,0.24549836
26903,0.20875156
36158,0.24549836
3076,0.20875156
18396,0.20875156
8574,0.20875156
12393,0.20875156
20690,0.20875156
32315,0.24549836
36062,0.24549836
13333,0.20875156
30709,0.24549836
9281,0.20875156
18890,0.20875156
24173,0.20875156
40079,0.24549836
16454,0.20875156
35755,0.24549836
23510,0.20875156
40644,0.24549836
24248,0.20875156
41519,0.43309024
19127,0.20875156
11869,0.20875156
17063,0.20875156
22573,0.20875156
37021,0.47860748
26465,0.20875156
30533,0.34972963
36907,0.24549836
28131,0.24549836
4051,0.20875156
26672,0.20875156
34434,0.24549836
4055,0.20875156
32911,0.24549836
40805,0.43309024
28427,0.24549836
20569,0.20875156
33355,0.24549836
40124,0.24549836
41395,0.43309024
25177,0.20875156
10884,0.20875156
4365,0.20875156
16081,0.20875156
44178,0.32276765
11710,0.20875156
16663,0.20875156
25515,0.20875156
22311,0.20875156
20979,0.20875156
24583,0.20875156
2547,0.34972963
13525,0.20875156
19086,0.20875156
24608,0.20875156
39360,0.5488107
7074,0.20875156
29249,0.24549836
30813,0.24549836
31082,0.24549836
39446,0.24549836
18548,0.20875156
3418,0.20875156
20567,0.20875156
6336,0.20875156
7533,0.20875156
10534,0.20875156
18335,0.20875156
28196,0.24549836
28301,0.24549836
20239,0.34972963
8312,0.20875156
23083,0.20875156
44587,0.32276765
42785,0.32276765
18072,0.20875156
3761,0.20875156
13495,0.34972963
34012,0.24549836
33114,0.24549836
21793,0.20875156
42902,0.43309024
14649,0.34972963
20724,0.20875156
21345,0.20875156
13451,0.20875156
31451,0.24549836
18464,0.20875156
32687,0.34972963
36462,0.24549836
36349,0.24549836
13191,0.20875156
3944,0.20875156
36006,0.24549836
3139,0.20875156
23618,0.20875156
29647,0.24549836
42797,0.32276765
10635,0.20875156
6230,0.20875156
38103,0.24549836
18231,0.20875156
37064,0.24549836
30434,0.24549836
42043,0.43309024
10720,0.20875156
11143,0.20875156
16776,0.34972963
31638,0.24549836
14434,0.20875156
9219,0.49668834
13910,0.20875156
21005,0.34972963
17989,0.34972963
22514,0.20875156
41860,0.32276765
27621,0.24549836
22842,0.20875156
16334,0.20875156
12323,0.20875156
1480,0.20875156
23502,0.20875156
17826,0.20875156
7513,0.20875156
20215,0.20875156
34767,0.24549836
44600,0.32276765
24322,0.20875156
25171,0.20875156
43994,0.43309024
33954,0.34972963
28182,0.24549836
53,0.20875156
24468,0.20875156
15193,0.34972963
448,0.20875156
4254,0.34972963
43247,0.32276765
40798,0.32276765
16633,0.20875156
25760,0.20875156
34126,0.24549836
24153,0.34972963
8943,0.20875156
14912,0.20875156
35624,0.24549836
9896,0.20875156
23348,0.20875156
1216,0.20875156
33895,0.24549836
3125,0.20875156
26152,0.20875156
29447,0.24549836
18184,0.20875156
23630,0.34972963
38880,0.24549836
11545,0.20875156
32056,0.24549836
12302,0.20875156
38422,0.24549836
12221,0.20875156
33394,0.24549836
24089,0.20875156
3662,0.20875156
572,0.20875156
4517,0.20875156
3835,0.20875156
27845,0.24549836
19562,0.20875156
2921,0.20875156
16885,0.20875156
14307,0.20875156
34470,0.24549836
33795,0.24549836
18666,0.20875156
18875,0.20875156
19552,0.20875156
30500,0.24549836
7613,0.20875156
19491,0.20875156
27463,0.24549836
43718,0.43309024
24105,0.20875156
16031,0.20875156
42014,0.32276765
6973,0.20875156
41406,0.43309024
28943,0.24549836
5663,0.20875156
35846,0.34972963
1905,0.20875156
13250,0.20875156
6262,0.34972963
106,0.20875156
10074,0.20875156
3083,0.20875156
337,0.20875156
5400,0.20875156
5719,0.49668834
38377,0.24549836
36226,0.24549836
45109,0.32276765
19548,0.20875156
39097,0.24549836
34441,0.24549836
6780,0.20875156
19164,0.20875156
41681,0.43309024
26698,0.20875156
25917,0.49668834
6227,0.20875156
21892,0.20875156
7832,0.20875156
27915,0.24549836
20122,0.20875156
25940,0.20875156
18951,0.20875156
38767,0.24549836
5231,0.20875156
39702,0.24549836
9795,0.20875156
24006,0.20875156
18220,0.20875156
18076,0.20875156
19130,0.20875156
6615,0.20875156
36655,0.48314685
11832,0.20875156
28121,0.24549836
29298,0.24549836
43322,0.32276765
5505,0.20875156
7085,0.34972963
34540,0.24549836
25571,0.20875156
1999,0.20875156
2382,0.20875156
27675,0.24549836
22560,0.20875156
14460,0.20875156
28788,0.24549836
43055,0.43309024
39189,0.24549836
37241,0.24549836
19039,0.20875156
21198,0.20875156
40320,0.24549836
13698,0.20875156
26847,0.20875156
23773,0.34972963
21561,0.20875156
6594,0.20875156
40451,0.24549836
15588,0.20875156
18353,0.20875156
8852,0.34972963
24695,0.20875156
757,0.20875156
16897,0.20875156
19734,0.20875156
39117,0.24549836
17238,0.20875156
22049,0.20875156
38412,0.24549836
24026,0.20875156
15473,0.34972963
3416,0.20875156
36530,0.24549836
19688,0.20875156
7370,0.34972963
43273,0.32276765
6355,0.20875156
171,0.49668834
5757,0.20875156
41460,0.32276765
24250,0.20875156
20594,0.20875156
13671,0.20875156
24786,0.20875156
28031,0.24549836
1150,0.20875156
25607,0.20875156
30364,0.24549836
788,0.20875156
26248,0.20875156
17389,0.20875156
19437,0.20875156
38476,0.24549836
39333,0.24549836
1947,0.20875156
44524,0.43309024
41803,0.43309024
37337,0.5488107
9526,0.20875156
43416,0.43309024
9166,0.20875156
40366,0.5488107
16828,0.34972963
25190,0.20875156
28340,0.24549836
9033,0.20875156
12867,0.34972963
31540,0.24549836
21261,0.20875156
4271,0.20875156
27635,0.24549836
366,0.20875156
34594,0.24549836
12534,0.20875156
27734,0.24549836
20812,0.34972963
12904,0.20875156
37632,0.24549836
7583,0.20875156
43382,0.32276765
16242,0.20875156
32160,0.24549836
14249,0.20875156
6700,0.20875156
14671,0.20875156
11868,0.20875156
35995,0.24549836
8048,0.20875156
38757,0.24549836
35860,0.24549836
30944,0.24549836
16020,0.20875156
29047,0.24549836
37891,0.5488107
5150,0.20875156
6194,0.20875156
4906,0.34972963
41228,0.43309024
16861,0.34972963
36468,0.24549836
25991,0.20875156
22126,0.20875156
16126,0.20875156
44265,0.43309024
32618,0.24549836
43999,0.43309024
18893,0.20875156
20624,0.20875156
9498,0.20875156
12889,0.20875156
36990,0.5488107
42370,0.43309024
4462,0.20875156
33235,0.24549836
6484,0.20875156
37332,0.24549836
42662,0.43309024
11865,0.20875156
15813,0.20875156
36453,0.49668834
23852,0.20875156
42317,0.32276765
35170,0.24549836
34759,0.24549836
11730,0.20875156
37318,0.24549836
10157,0.20875156
26949,0.20875156
8038,0.20875156
9152,0.20875156
29866,0.24549836
29814,0.24549836
12954,0.20875156
2513,0.20875156
4760,0.20875156
34886,0.24549836
10249,0.20875156
32428,0.24549836
25222,0.20875156
44516,0.43309024
35208,0.24549836
16309,0.34972963
42567,0.5488107
9735,0.20875156
8154,0.20875156
10805,0.20875156
35851,0.24549836
39316,0.24549836
24469,0.20875156
23470,0.20875156
22929,0.20875156
28870,0.24549836
3286,0.20875156
3224,0.20875156
3065,0.20875156
14631,0.20875156
30506,0.24549836
21894,0.20875156
26172,0.20875156
29206,0.24549836
23336,0.20875156
32557,0.24549836
38245,0.24549836
20876,0.20875156
31659,0.24549836
13429,0.20875156
15403,0.20875156
5060,0.20875156
2559,0.20875156
32966,0.24549836
41453,0.43309024
19745,0.20875156
35729,0.34972963
12149,0.20875156
31302,0.24549836
15909,0.20875156
30705,0.24549836
41283,0.32276765
1470,0.20875156
32828,0.34972963
13507,0.20875156
18079,0.20875156
22739,0.20875156
13370,0.20875156
8735,0.20875156
20899,0.20875156
23820,0.20875156
18863,0.20875156
32759,0.24549836
39070,0.24549836
40951,0.32276765
12607,0.20875156
28495,0.24549836
27153,0.20875156
41372,0.43309024
23792,0.20875156
37040,0.24549836
30280,0.24549836
12691,0.20875156
35879,0.24549836
22771,0.20875156
3933,0.20875156
36363,0.24549836
31214,0.24549836
12460,0.20875156
36928,0.41364262
20890,0.20875156
30254,0.24549836
39747,0.24549836
25451,0.20875156
44854,0.43309024
9971,0.20875156
24889,0.20875156
5329,0.20875156
41874,0.5488107
41815,0.32276765
8281,0.20875156
31364,0.24549836
37451,0.24549836
15825,0.20875156
26640,0.20875156
13650,0.20875156
32694,0.24549836
19772,0.20875156
11216,0.20875156
9436,0.20875156
41652,0.43309024
44326,0.32276765
4912,0.20875156
22191,0.20875156
17066,0.20875156
23381,0.20875156
14527,0.20875156
31523,0.24549836
6761,0.20875156
39847,0.24549836
18263,0.20875156
40382,0.24549836
31957,0.24549836
2696,0.20875156
1561,0.20875156
14640,0.20875156
16021,0.20875156
3348,0.20875156
9562,0.20875156
31862,0.24549836
14481,0.20875156
26333,0.20875156
27524,0.24549836
36040,0.24549836
16785,0.49668834
11742,0.20875156
29905,0.24549836
4801,0.20875156
10716,0.20875156
17831,0.20875156
15060,0.20875156
18732,0.20875156
29644,0.24549836
7823,0.34972963
5626,0.20875156
36187,0.24549836
13720,0.20875156
41131,0.32276765
36379,0.24549836
20673,0.34972963
30703,0.24549836
16443,0.20875156
38775,0.24549836
23725,0.20875156
29135,0.24549836
37579,0.24549836
26593,0.20875156
25902,0.20875156
21066,0.20875156
23696,0.20875156
33664,0.24549836
38739,0.24549836
9748,0.20875156
45168,0.43309024
21010,0.20875156
16332,0.20875156
31557,0.34972963
5977,0.20875156
16484,0.20875156
27103,0.20875156
35556,0.24549836
8212,0.20875156
25485,0.20875156
26014,0.20875156
34503,0.24549836
13970,0.34972963
42616,0.32276765
26703,0.20875156
40115,0.24549836
29897,0.24549836
21117,0.20875156
19935,0.20875156
13437,0.20875156
20992,0.20875156
7156,0.34972963
11942,0.20875156
13840,0.20875156
10909,0.20875156
30477,0.24549836
43428,0.5488107
19478,0.20875156
36063,0.34972963
2350,0.34972963
6764,0.20875156
2036,0.20875156
30735,0.24549836
33291,0.34972963
24200,0.20875156
8979,0.20875156
2207,0.20875156
17381,0.34972963
27211,0.20875156
27990,0.24549836
38693,0.24549836
45172,0.43309024
44154,0.43309024
42144,0.43309024
37651,0.24549836
9414,0.20875156
32366,0.24549836
10432,0.20875156
34902,0.24549836
4364,0.20875156
4684,0.34972963
14335,0.20875156
40838,0.43309024
8700,0.20875156
20102,0.20875156
20001,0.20875156
23862,0.20875156
36130,0.24549836
19627,0.20875156
9503,0.20875156
37797,0.24549836
23944,0.20875156
20539,0.20875156
18657,0.20875156
22622,0.20875156
38466,0.24549836
2739,0.34972963
26139,0.20875156
30828,0.24549836
1017,0.20875156
27137,0.20875156
12041,0.20875156
44140,0.43309024
9839,0.20875156
38922,0.24549836
9432,0.20875156
27741,0.24549836
39944,0.24549836
4962,0.20875156
34935,0.24549836
11948,0.20875156
2641,0.20875156
12918,0.20875156
22893,0.20875156
25540,0.20875156
45054,0.43309024
15435,0.20875156
42960,0.32276765
20141,0.20875156
10521,0.20875156
25850,0.20875156
29512,0.24549836
36980,0.24549836
7873,0.20875156
15112,0.20875156
28980,0.24549836
35830,0.24549836
28946,0.34972963
7154,0.20875156
19815,0.20875156
28549,0.24549836
19201,0.20875156
13149,0.20875156
31415,0.24549836
5936,0.20875156
13647,0.20875156
43755,0.43309024
42811,0.5488107
15694,0.20875156
9859,0.34972963
34405,0.24549836
30887,0.49668834
10810,0.20875156
34800,0.24549836
43441,0.43309024
13213,0.20875156
30132,0.49668834
43541,0.5488107
15339,0.20875156
37919,0.24549836
28254,0.24549836
39568,0.24549836
20321,0.20875156
26185,0.20875156
7582,0.20875156
22564,0.20875156
18015,0.20875156
7043,0.20875156
26494,0.20875156
35355,0.24549836
36612,0.24549836
4520,0.20875156
2526,0.20875156
17808,0.20875156
36569,0.24549836
30825,0.24549836
35902,0.24549836
8194,0.20875156
10264,0.20875156
17359,0.20875156
38596,0.24549836
24478,0.20875156
28384,0.24549836
21382,0.20875156
31921,0.24549836
40735,0.24549836
3689,0.20875156
20838,0.20875156
38908,0.24549836
5335,0.20875156
466,0.20875156
983,0.20875156
30539,0.24549836
38626,0.24549836
35994,0.24549836
28115,0.24549836
33308,0.24549836
7562,0.20875156
3534,0.20875156
7356,0.20875156
39679,0.24549836
3989,0.20875156
43073,0.32276765
31195,0.24549836
3690,0.20875156
19779,0.20875156
4120,0.20875156
20389,0.20875156
10724,0.20875156
6592,0.20875156
39804,0.24549836
4747,0.20875156
18965,0.20875156
41818,0.32276765
16178,0.34972963
21197,0.20875156
27767,0.24549836
610,0.20875156
8465,0.20875156
38630,0.24549836
188,0.20875156
16347,0.20875156
33464,0.24549836
23913,0.20875156
25528,0.20875156
23795,0.20875156
31885,0.34972963
9954,0.20875156
20518,0.20875156
24543,0.20875156
32621,0.24549836
32038,0.24549836
32207,0.24549836
22399,0.20875156
26232,0.34972963
6637,0.20875156
18800,0.20875156
42146,0.32276765
3997,0.20875156
17787,0.20875156
6129,0.20875156
42997,0.5488107
5561,0.20875156
24923,0.34972963
24121,0.20875156
29888,0.24549836
14701,0.34972963
12812,0.20875156
4273,0.20875156
37849,0.24549836
6582,0.20875156
4205,0.20875156
7956,0.20875156
14722,0.20875156
19260,0.34972963
37291,0.24549836
2629,0.20875156
36016,0.24549836
35268,0.24549836
17584,0.20875156
23265,0.20875156
11773,0.20875156
39168,0.24549836
39882,0.24549836
12440,0.20875156
36910,0.24549836
23317,0.20875156
12276,0.20875156
8890,0.34972963
5631,0.20875156
10656,0.20875156
39437,0.24549836
13193,0.20875156
34626,0.24549836
4566,0.20875156
39900,0.24549836
22306,0.20875156
11506,0.20875156
43575,0.43309024
41798,0.32276765
6501,0.20875156
33998,0.24549836
41357,0.32276765
34848,0.24549836
45045,0.32276765
21314,0.34972963
16560,0.20875156
10394,0.20875156
42081,0.5488107
25194,0.20875156
35869,0.24549836
14206,0.20875156
30810,0.24549836
17783,0.20875156
29182,0.24549836
35005,0.34972963
31268,0.24549836
8129,0.20875156
7435,0.20875156
18207,0.20875156
25141,0.20875156
16877,0.20875156
35390,0.24549836
6107,0.20875156
22178,0.20875156
2029,0.20875156
16233,0.20875156
27183,0.20875156
2304,0.20875156
39094,0.5488107
39531,0.24549836
36171,0.24549836
43018,0.43309024
19766,0.20875156
14168,0.34972963
31749,0.24549836
34308,0.34972963
30725,0.24549836
16335,0.20875156
9408,0.20875156
29102,0.34972963
10209,0.20875156
6819,0.20875156
26438,0.34972963
26948,0.20875156
33093,0.24549836
7841,0.20875156
40264,0.24549836
18765,0.20875156
2465,0.34972963
14260,0.20875156
24492,0.20875156
28146,0.24549836
8662,0.20875156
18032,0.20875156
43953,0.32276765
3327,0.20875156
30058,0.49668834
9820,0.20875156
43373,0.32276765
12198,0.20875156
23021,0.20875156
32640,0.24549836
43504,0.43309024
44847,0.43309024
28203,0.24549836
30414,0.24549836
44746,0.43309024
11284,0.20875156
12930,0.20875156
14932,0.20875156
38475,0.24549836
35292,0.24549836
23200,0.20875156
7863,0.20875156
37791,0.24549836
3474,0.20875156
25721,0.20875156
29163,0.24549836
44708,0.43309024
25062,0.20875156
43352,0.32276765
27751,0.24549836
15547,0.20875156
39511,0.24549836
24447,0.34972963
21355,0.20875156
15138,0.20875156
25344,0.20875156
42096,0.32276765
11518,0.20875156
20058,0.20875156
38799,0.24549836
9374,0.20875156
33250,0.24549836
14378,0.20875156
34656,0.34972963
33861,0.24549836
10045,0.20875156
15857,0.20875156
17172,0.20875156
12609,0.20875156
18665,0.20875156
10036,0.20875156
29191,0.24549836
40292,0.24549836
25680,0.34972963
8554,0.20875156
30291,0.24549836
1455,0.20875156
25654,0.20875156
321,0.20875156
14714,0.20875156
5909,0.20875156
3687,0.20875156
17928,0.20875156
41020,0.32276765
23079,0.20875156
22634,0.20875156
38098,0.24549836
43328,0.43309024
40763,0.32276765
24465,0.20875156
5989,0.20875156
1597,0.34972963
10125,0.20875156
9102,0.34972963
12116,0.20875156
44839,0.32276765
36695,0.24549836
14361,0.20875156
44245,0.43309024
1283,0.20875156
4677,0.20875156
25151,0.20875156
31521,0.24549836
28206,0.24549836
32997,0.24549836
21542,0.20875156
36214,0.34972963
15854,0.20875156
21559,0.20875156
10528,0.20875156
5061,0.20875156
41837,0.43309024
34696,0.24549836
19690,0.20875156
11312,0.20875156
30198,0.24549836
25624,0.20875156
27859,0.24549836
19364,0.20875156
25691,0.20875156
23512,0.20875156
22486,0.20875156
2794,0.20875156
21637,0.20875156
16212,0.20875156
33292,0.24549836
8359,0.20875156
22269,0.20875156
29816,0.24549836
22748,0.20875156
30575,0.24549836
35196,0.24549836
39959,0.24549836
15097,0.34972963
13148,0.20875156
42539,0.43309024
12737,0.20875156
12715,0.20875156
43735,0.43309024
43414,0.5488107
2428,0.20875156
2522,0.20875156
2955,0.20875156
22557,0.20875156
33713,0.34972963
38246,0.24549836
15686,0.20875156
24540,0.20875156
31761,0.24549836
28702,0.24549836
20264,0.20875156
3707,0.20875156
15543,0.20875156
32849,0.24549836
7763,0.20875156
38796,0.24549836
22353,0.34972963
34928,0.24549836
6454,0.20875156
174,0.20875156
45073,0.5488107
25530,0.20875156
38718,0.24549836
5065,0.20875156
19729,0.20875156
7573,0.34972963
10917,0.20875156
9300,0.20875156
37517,0.24549836
24752,0.20875156
16641,0.49668834
11308,0.20875156
4792,0.20875156
37025,0.24549836
36673,0.24549836
2702,0.20875156
16013,0.20875156
5432,0.34972963
4307,0.20875156
34796,0.24549836
44199,0.5488107
20039,0.20875156
23849,0.20875156
29870,0.24549836
552,0.20875156
29276,0.24549836
8059,0.20875156
39875,0.24549836
29345,0.24549836
40784,0.43309024
5297,0.20875156
23741,0.20875156
9776,0.34972963
6393,0.20875156
27719,0.24549836
1140,0.20875156
16095,0.20875156
36143,0.24549836
21372,0.20875156
29173,0.24549836
39890,0.24549836
2244,0.20875156
14783,0.20875156
23461,0.20875156
41448,0.32276765
44478,0.32276765
13379,0.20875156
22314,0.20875156
40351,0.24549836
7491,0.20875156
34088,0.24549836
5967,0.20875156
44782,0.43309024
44953,0.43309024
35688,0.24549836
16237,0.20875156
42726,0.32276765
29254,0.24549836
34806,0.24549836
2016,0.20875156
7911,0.20875156
30189,0.24549836
26926,0.20875156
22883,0.34972963
11189,0.20875156
20696,0.20875156
4133,0.20875156
26678,0.20875156
4887,0.20875156
11242,0.34972963
2982,0.34972963
7564,0.20875156
21341,0.20875156
8777,0.20875156
9698,0.20875156
42632,0.43309024
21996,0.20875156
26984,0.20875156
24126,0.20875156
39427,0.24549836
42205,0.32276765
32228,0.24549836
39393,0.24549836
5223,0.20875156
39831,0.24549836
10574,0.20875156
30928,0.24549836
18434,0.20875156
21666,0.20875156
18331,0.20875156
409,0.20875156
43422,0.47860748
8570,0.20875156
1172,0.20875156
30755,0.24549836
6674,0.20875156
33551,0.34972963
24266,0.20875156
35941,0.24549836
26669,0.20875156
34842,0.24549836
1427,0.20875156
40404,0.24549836
23868,0.20875156
41835,0.32276765
24466,0.20875156
13976,0.20875156
14100,0.20875156
39782,0.24549836
10278,0.20875156
38515,0.24549836
36101,0.34972963
1077,0.20875156
19088,0.20875156
21879,0.20875156
6765,0.20875156
27698,0.24549836
37366,0.47860748
28814,0.34972963
42454,0.32276765
27791,0.24549836
29012,0.24549836
325,0.20875156
8879,0.49668834
36776,0.24549836
23475,0.20875156
9830,0.20875156
15812,0.34972963
21321,0.20875156
20597,0.20875156
7108,0.20875156
29528,0.24549836
40229,0.24549836
38190,0.24549836
44316,0.43309024
11987,0.20875156
20849,0.34972963
17132,0.34972963
6425,0.20875156
300,0.20875156
39788,0.5488107
39277,0.24549836
30731,0.24549836
25965,0.20875156
30903,0.24549836
23425,0.20875156
17872,0.20875156
30413,0.24549836
32017,0.34972963
34786,0.34972963
324,0.20875156
40560,0.24549836
3953,0.20875156
3941,0.20875156
40943,0.43309024
16098,0.20875156
43621,0.43309024
8907,0.20875156
23154,0.20875156
20080,0.20875156
702,0.20875156
31270,0.24549836
2106,0.20875156
28473,0.24549836
44530,0.43309024
36417,0.24549836
29402,0.24549836
29290,0.24549836
21713,0.20875156
28421,0.24549836
35529,0.24549836
33899,0.24549836
23097,0.20875156
28364,0.24549836
10001,0.20875156
35384,0.24549836
34887,0.24549836
22766,0.20875156
36487,0.24549836
25405,0.20875156
11283,0.20875156
37374,0.24549836
1055,0.20875156
2009,0.20875156
43599,0.43309024
24758,0.20875156
40708,0.24549836
4993,0.20875156
31751,0.24549836
7907,0.20875156
15550,0.20875156
27517,0.24549836
19829,0.20875156
3602,0.20875156
10283,0.20875156
6241,0.20875156
1586,0.20875156
15140,0.34972963
29171,0.24549836
14703,0.20875156
32645,0.24549836
35555,0.34972963
12655,0.20875156
15052,0.20875156
296,0.20875156
41988,0.43309024
44956,0.43309024
18954,0.20875156
33436,0.24549836
36564,0.24549836
45002,0.32276765
43062,0.43309024
3191,0.49668834
10106,0.20875156
361,0.20875156
27352,0.20875156
4397,0.20875156
34373,0.24549836
3369,0.20875156
14879,0.34972963
16842,0.20875156
29431,0.24549836
926,0.20875156
17651,0.20875156
33471,0.24549836
44076,0.32276765
1154,0.20875156
30597,0.24549836
34288,0.24549836
2851,0.20875156
21488,0.20875156
10817,0.20875156
42589,0.32276765
19118,0.49668834
23275,0.20875156
38591,0.47860748
28108,0.24549836
39398,0.24549836
21957,0.20875156
27897,0.24549836
17246,0.34972963
23796,0.20875156
16914,0.20875156
29268,0.49668834
45091,0.43309024
43097,0.43309024
42818,0.43309024
18569,0.20875156
35190,0.34972963
15586,0.20875156
19494,0.20875156
29826,0.24549836
27820,0.24549836
5535,0.20875156
33890,0.24549836
31512,0.24549836
20542,0.20875156
23013,0.20875156
3607,0.20875156
38976,0.24549836
1944,0.20875156
40485,0.24549836
21400,0.20875156
27408,0.24549836
38910,0.24549836
35605,0.24549836
36993,0.24549836
39499,0.24549836
6824,0.34972963
43695,0.43309024
24150,0.20875156
41743,0.5488107
5734,0.20875156
29657,0.24549836
39864,0.5488107
40173,0.24549836
17579,0.20875156
13454,0.20875156
17848,0.20875156
13239,0.20875156
5189,0.20875156
12067,0.20875156
15346,0.20875156
40873,0.5488107
11994,0.20875156
44254,0.5488107
29650,0.24549836
17536,0.20875156
32328,0.24549836
23127,0.20875156
20548,0.20875156
25033,0.20875156
17454,0.20875156
43100,0.32276765
10430,0.34972963
36449,0.24549836
4402,0.20875156
9002,0.20875156
14000,0.20875156
34174,0.24549836
8222,0.20875156
11654,0.20875156
1530,0.20875156
25231,0.20875156
148,0.20875156
16413,0.20875156
5519,0.20875156
37275,0.24549836
33960,0.24549836
41906,0.43309024
29910,0.24549836
11580,0.20875156
7339,0.20875156
7735,0.20875156
14144,0.20875156
16714,0.20875156
6472,0.20875156
41278,0.43309024
41895,0.43309024
24426,0.34972963
26261,0.20875156
39737,0.24549836
15033,0.20875156
37380,0.24549836
6223,0.20875156
22308,0.20875156
27627,0.24549836
1476,0.20875156
32125,0.34972963
18958,0.20875156
35405,0.24549836
25616,0.20875156
906,0.20875156
14255,0.20875156
3752,0.20875156
8146,0.20875156
4436,0.20875156
20763,0.20875156
19541,0.20875156
15595,0.20875156
13843,0.20875156
31478,0.24549836
23296,0.20875156
24716,0.20875156
44796,0.43309024
37401,0.24549836
18789,0.20875156
668,0.20875156
11553,0.20875156
6749,0.34972963
16057,0.20875156
32175,0.24549836
33784,0.24549836
7837,0.20875156
14371,0.20875156
9824,0.20875156
6879,0.20875156
30954,0.24549836
36117,0.24549836
10237,0.20875156
22364,0.34972963
21804,0.20875156
28021,0.24549836
24745,0.20875156
31370,0.24549836
26762,0.20875156
24945,0.20875156
31245,0.24549836
27746,0.24549836
10076,0.20875156
39625,0.24549836
16446,0.20875156
14727,0.34972963
41754,0.32276765
29405,0.24549836
12983,0.20875156
43583,0.32276765
16626,0.20875156
19703,0.20875156
38124,0.24549836
4014,0.20875156
2963,0.20875156
44645,0.43309024
24192,0.20875156
39197,0.48314685
15618,0.20875156
39894,0.24549836
33534,0.24549836
39029,0.24549836
40792,0.32276765
10286,0.34972963
44430,0.32276765
31810,0.24549836
29633,0.24549836
33584,0.24549836
40472,0.24549836
43506,0.43309024
44879,0.43309024
33929,0.24549836
8625,0.20875156
17318,0.20875156
43020,0.32276765
38187,0.24549836
20208,0.20875156
20262,0.20875156
13928,0.20875156
43512,0.43309024
6010,0.20875156
4805,0.20875156
31689,0.24549836
13292,0.20875156
11982,0.20875156
32865,0.24549836
27407,0.24549836
18638,0.20875156
31144,0.24549836
12286,0.20875156
25181,0.20875156
34234,0.24549836
24705,0.49668834
242,0.34972963
34911,0.24549836
17902,0.20875156
32377,0.24549836
37982,0.24549836
27483,0.24549836
28703,0.34972963
21701,0.20875156
39671,0.24549836
19443,0.20875156
12593,0.20875156
45110,0.43309024
30862,0.24549836
21981,0.20875156
22939,0.20875156
33919,0.24549836
29465,0.24549836
7336,0.20875156
22150,0.20875156
22315,0.20875156
4485,0.20875156
40671,0.24549836
25865,0.20875156
16,0.20875156
28884,0.24549836
33064,0.24549836
15734,0.20875156
34133,0.24549836
7282,0.34972963
35051,0.24549836
24649,0.49668834
16725,0.34972963
4952,0.20875156
22194,0.20875156
4738,0.20875156
40370,0.24549836
43819,0.43309024
16690,0.20875156
23997,0.20875156
11893,0.20875156
18084,0.20875156
33352,0.24549836
23822,0.20875156
36134,0.24549836
15449,0.20875156
13690,0.20875156
32878,0.24549836
33053,0.24549836
9018,0.20875156
41960,0.43309024
32308,0.24549836
36687,0.24549836
12454,0.20875156
5219,0.20875156
21394,0.49668834
14209,0.20875156
3237,0.20875156
3956,0.20875156
20255,0.20875156
21453,0.20875156
8552,0.20875156
33736,0.34972963
26567,0.20875156
25159,0.20875156
96,0.20875156
21899,0.20875156
36189,0.24549836
3319,0.20875156
22695,0.20875156
5878,0.20875156
15701,0.20875156
22973,0.20875156
7886,0.20875156
13651,0.20875156
24169,0.20875156
30561,0.24549836
21013,0.20875156
18247,0.20875156
20311,0.20875156
2905,0.20875156
12061,0.20875156
7645,0.20875156
42625,0.43309024
31876,0.24549836
37684,0.24549836
9656,0.20875156
5369,0.20875156
42640,0.43309024
31746,0.34972963
1748,0.20875156
25333,0.20875156
3461,0.20875156
19194,0.20875156
17615,0.34972963
4212,0.20875156
33670,0.24549836
25958,0.34972963
18128,0.20875156
17090,0.20875156
2532,0.34972963
35753,0.24549836
24588,0.20875156
21712,0.20875156
2948,0.20875156
364,0.20875156
1528,0.20875156
13360,0.20875156
40968,0.43309024
36685,0.24549836
1894,0.34972963
15760,0.20875156
27420,0.24549836
40500,0.5488107
44537,0.43309024
6703,0.20875156
27269,0.20875156
24312,0.20875156
14243,0.20875156
42444,0.43309024
8202,0.20875156
30978,0.24549836
40590,0.24549836
42251,0.5488107
26275,0.20875156
44503,0.32276765
26584,0.20875156
38790,0.24549836
35183,0.24549836
7070,0.20875156
21113,0.20875156
34882,0.24549836
12652,0.20875156
34959,0.24549836
21560,0.20875156
28316,0.24549836
22711,0.20875156
37276,0.24549836
15377,0.20875156
11217,0.49668834
25353,0.20875156
17524,0.20875156
30645,0.24549836
27082,0.20875156
28338,0.24549836
30753,0.24549836
18976,0.20875156
42027,0.5488107
10126,0.20875156
42777,0.32276765
43668,0.43309024
34175,0.24549836
3906,0.20875156
40031,0.24549836
42269,0.43309024
2243,0.20875156
39040,0.24549836
15044,0.20875156
27879,0.24549836
30397,0.24549836
29077,0.24549836
36394,0.34972963
2112,0.20875156
43678,0.43309024
16972,0.49668834
32057,0.24549836
5444,0.20875156
19536,0.20875156
10484,0.20875156
10758,0.20875156
12782,0.20875156
38884,0.24549836
29011,0.24549836
6470,0.20875156
25487,0.20875156
24065,0.20875156
30207,0.24549836
28081,0.24549836
17764,0.20875156
12259,0.34972963
16642,0.20875156
10798,0.20875156
9907,0.20875156
11800,0.20875156
32306,0.24549836
40834,0.43309024
35972,0.34972963
16911,0.34972963
31575,0.24549836
4142,0.20875156
11240,0.20875156
20090,0.20875156
33593,0.24549836
26889,0.20875156
36244,0.24549836
31336,0.24549836
34563,0.34972963
12979,0.20875156
29016,0.24549836
17742,0.20875156
41415,0.43309024
25747,0.20875156
5243,0.20875156
30673,0.24549836
36733,0.24549836
30618,0.24549836
45156,0.43309024
12808,0.20875156
43308,0.43309024
23003,0.20875156
7734,0.20875156
34919,0.24549836
7801,0.20875156
43527,0.43309024
1852,0.49668834
21248,0.20875156
27138,0.20875156
23555,0.20875156
40416,0.24549836
10558,0.49668834
25988,0.20875156
7197,0.20875156
39652,0.24549836
35536,0.24549836
44756,0.43309024
585,0.20875156
31907,0.24549836
14028,0.20875156
37692,0.24549836
30306,0.24549836
15340,0.20875156
1004,0.20875156
24879,0.20875156
772,0.20875156
22334,0.34972963
24567,0.20875156
38869,0.24549836
36129,0.24549836
25975,0.20875156
37256,0.24549836
45101,0.43309024
30073,0.24549836
22675,0.20875156
12189,0.20875156
33907,0.24549836
20303,0.20875156
24445,0.20875156
16112,0.34972963
21999,0.20875156
37137,0.24549836
6091,0.20875156
26590,0.20875156
25579,0.20875156
19546,0.20875156
26246,0.20875156
22146,0.20875156
2324,0.20875156
9970,0.20875156
22414,0.20875156
8802,0.20875156
28611,0.24549836
26719,0.20875156
1076,0.20875156
8001,0.20875156
18236,0.20875156
30864,0.24549836
5841,0.20875156
15409,0.20875156
24394,0.20875156
25009,0.20875156
39908,0.24549836
10488,0.20875156
19148,0.20875156
1957,0.20875156
12080,0.20875156
30163,0.24549836
16502,0.20875156
39960,0.48314685
15376,0.20875156
24795,0.20875156
22984,0.20875156
21743,0.20875156
43992,0.32276765
43283,0.43309024
16483,0.34972963
24485,0.20875156
17669,0.20875156
8151,0.20875156
1276,0.20875156
35610,0.24549836
21622,0.20875156
8555,0.20875156
12848,0.20875156
40797,0.32276765
625,0.34972963
43311,0.43309024
40610,0.5488107
9673,0.20875156
35961,0.24549836
1940,0.20875156
19017,0.20875156
11847,0.49668834
1772,0.20875156
20076,0.20875156
39514,0.24549836
36458,0.24549836
27800,0.24549836
29586,0.24549836
21664,0.20875156
21319,0.20875156
40700,0.24549836
14097,0.20875156
29117,0.24549836
12902,0.20875156
26790,0.20875156
9632,0.20875156
20209,0.20875156
36116,0.24549836
22022,0.34972963
32037,0.34972963
9288,0.20875156
43290,0.32276765
22348,0.34972963
15382,0.20875156
8924,0.20875156
12892,0.20875156
1578,0.34972963
44027,0.43309024
39541,0.24549836
8402,0.20875156
20119,0.20875156
16338,0.20875156
12857,0.34972963
24725,0.20875156
9048,0.20875156
16917,0.20875156
28065,0.49668834
12591,0.20875156
25946,0.20875156
44090,0.43309024
39028,0.24549836
21631,0.20875156
27487,0.24549836
18483,0.20875156
43406,0.32276765
29273,0.24549836
40316,0.24549836
35410,0.24549836
18938,0.20875156
38092,0.24549836
41389,0.32276765
32664,0.24549836
5247,0.20875156
24683,0.34972963
44745,0.43309024
39194,0.5488107
17009,0.20875156
24676,0.20875156
8266,0.20875156
27433,0.34972963
35020,0.24549836
7131,0.20875156
15345,0.20875156
32182,0.24549836
43577,0.32276765
11524,0.20875156
15093,0.49668834
21395,0.20875156
17062,0.49668834
42865,0.43309024
40494,0.5488107
667,0.20875156
9355,0.20875156
20417,0.20875156
8261,0.20875156
20065,0.20875156
19638,0.20875156
4407,0.20875156
35793,0.24549836
26075,0.20875156
2438,0.20875156
43631,0.43309024
8631,0.20875156
8672,0.20875156
44156,0.43309024
3825,0.20875156
19295,0.20875156
29083,0.24549836
12251,0.34972963
5488,0.20875156
10829,0.20875156
29596,0.24549836
12492,0.49668834
42714,0.32276765
39095,0.24549836
38317,0.5488107
32003,0.24549836
38806,0.24549836
30502,0.24549836
39306,0.24549836
13945,0.49668834
42973,0.32276765
25759,0.20875156
12703,0.20875156
305,0.20875156
35812,0.24549836
34070,0.24549836
14146,0.20875156
28638,0.24549836
15646,0.20875156
5006,0.20875156
20193,0.20875156
17372,0.20875156
14505,0.20875156
26850,0.34972963
13387,0.20875156
32119,0.24549836
27020,0.34972963
33815,0.24549836
587,0.20875156
35274,0.24549836
6887,0.20875156
36848,0.24549836
28226,0.24549836
44113,0.32276765
22402,0.20875156
3213,0.20875156
26839,0.49668834
26297,0.20875156
45112,0.43309024
19596,0.20875156
10131,0.20875156
39196,0.24549836
24922,0.49668834
6481,0.20875156
41569,0.43309024
6498,0.20875156
16813,0.20875156
3862,0.20875156
37167,0.24549836
24601,0.20875156
37888,0.5488107
33845,0.24549836
26217,0.20875156
18336,0.20875156
40821,0.43309024
42065,0.43309024
11702,0.20875156
13763,0.20875156
20767,0.20875156
42111,0.32276765
15059,0.49668834
44367,0.32276765
38608,0.24549836
30213,0.24549836
25081,0.20875156
39905,0.24549836
15777,0.20875156
37034,0.24549836
33710,0.24549836
40907,0.32276765
10117,0.20875156
16860,0.20875156
35858,0.24549836
40436,0.24549836
9402,0.20875156
25120,0.20875156
1263,0.20875156
2397,0.20875156
40025,0.24549836
42297,0.43309024
38061,0.24549836
2072,0.20875156
977,0.20875156
3585,0.20875156
39153,0.24549836
38877,0.24549836
35678,0.24549836
43827,0.32276765
40251,0.24549836
40508,0.24549836
35115,0.24549836
15901,0.20875156
19985,0.20875156
28930,0.24549836
40380,0.5488107
21841,0.20875156
35122,0.24549836
44872,0.43309024
23068,0.20875156
34974,0.24549836
13684,0.20875156
29829,0.24549836
35985,0.24549836
16167,0.20875156
18928,0.20875156
43886,0.32276765
42480,0.43309024
9246,0.20875156
16562,0.20875156
40401,0.24549836
18728,0.20875156
23309,0.20875156
35525,0.24549836
31297,0.24549836
33850,0.24549836
25961,0.20875156
37930,0.24549836
37680,0.24549836
653,0.20875156
5580,0.20875156
23821,0.20875156
25789,0.34972963
2168,0.34972963
35444,0.24549836
40969,0.43309024
16823,0.20875156
40276,0.24549836
25533,0.20875156
30670,0.24549836
6174,0.20875156
15450,0.20875156
39542,0.24549836
41243,0.32276765
21294,0.20875156
33908,0.34972963
21768,0.20875156
14681,0.20875156
10866,0.20875156
33435,0.24549836
14859,0.20875156
37351,0.24549836
13551,0.20875156
357,0.20875156
18452,0.20875156
11463,0.20875156
36702,0.24549836
35348,0.24549836
10631,0.20875156
5093,0.20875156
12172,0.20875156
14461,0.20875156
4613,0.20875156
16691,0.20875156
15915,0.20875156
5846,0.34972963
39657,0.24549836
1461,0.20875156
10293,0.20875156
19018,0.34972963
6883,0.20875156
29589,0.24549836
37596,0.24549836
41125,0.32276765
42202,0.5488107
6972,0.20875156
2772,0.20875156
28979,0.24549836
16495,0.20875156
25114,0.20875156
42552,0.43309024
26206,0.20875156
38629,0.5488107
43289,0.43309024
893,0.20875156
4454,0.34972963
36179,0.24549836
6585,0.20875156
24539,0.20875156
40584,0.24549836
21916,0.20875156
21862,0.20875156
9400,0.20875156
29934,0.24549836
25104,0.20875156
3232,0.20875156
3016,0.20875156
18998,0.20875156
10223,0.20875156
25410,0.20875156
4383,0.49668834
24843,0.20875156
2505,0.20875156
30574,0.24549836
30296,0.24549836
15084,0.20875156
10568,0.34972963
15407,0.20875156
33524,0.24549836
25252,0.49668834
22827,0.20875156
25310,0.20875156
32940,0.24549836
29853,0.24549836
17360,0.20875156
31828,0.24549836
18426,0.20875156
30993,0.49668834
8749,0.20875156
11822,0.20875156
6914,0.34972963
29886,0.24549836
28577,0.24549836
36484,0.24549836
18625,0.20875156
40796,0.32276765
40906,0.32276765
20603,0.20875156
32918,0.24549836
44928,0.32276765
6236,0.20875156
25655,0.20875156
3995,0.20875156
11045,0.20875156
34574,0.24549836
9325,0.20875156
28276,0.24549836
36929,0.24549836
43087,0.32276765
7315,0.34972963
7667,0.34972963
39156,0.24549836
18888,0.20875156
4421,0.20875156
20672,0.20875156
24340,0.20875156
29331,0.24549836
43310,0.43309024
19264,0.20875156
23867,0.20875156
43117,0.32276765
6124,0.20875156
32398,0.24549836
1494,0.20875156
4513,0.20875156
17912,0.20875156
5062,0.20875156
8826,0.20875156
29303,0.24549836
10494,0.20875156
16382,0.20875156
39603,0.24549836
30402,0.24549836
31479,0.34972963
20654,0.20875156
23642,0.20875156
28057,0.24549836
31691,0.24549836
39046,0.5488107
11188,0.49668834
38820,0.24549836
15794,0.20875156
3820,0.34972963
6018,0.20875156
22325,0.20875156
19599,0.20875156
10242,0.49668834
3853,0.20875156
29237,0.24549836
17159,0.20875156
25300,0.20875156
18809,0.20875156
23828,0.20875156
37710,0.24549836
21504,0.20875156
38214,0.24549836
5345,0.20875156
9653,0.20875156
12644,0.20875156
17956,0.20875156
13248,0.20875156
22026,0.20875156
28566,0.24549836
21904,0.20875156
26785,0.34972963
40702,0.24549836
10555,0.20875156
27776,0.24549836
44947,0.32276765
4896,0.34972963
30899,0.24549836
2854,0.20875156
39460,0.5488107
1819,0.20875156
15366,0.20875156
36595,0.24549836
40287,0.24549836
27356,0.20875156
16891,0.20875156
10376,0.20875156
11976,0.20875156
13749,0.20875156
39383,0.5488107
22304,0.20875156
34167,0.24549836
36729,0.24549836
44520,0.43309024
34428,0.24549836
9734,0.20875156
29175,0.24549836
31707,0.24549836
43787,0.43309024
11691,0.20875156
21045,0.20875156
131,0.34972963
28725,0.24549836
323,0.20875156
14946,0.20875156
15608,0.20875156
38861,0.24549836
8205,0.20875156
44063,0.32276765
27231,0.20875156
18652,0.20875156
8761,0.49668834
5474,0.20875156
10102,0.20875156
3583,0.20875156
42511,0.43309024
8260,0.20875156
19162,0.20875156
11087,0.20875156
37293,0.24549836
2041,0.20875156
21816,0.20875156
43426,0.43309024
16756,0.20875156
23035,0.20875156
3362,0.20875156
30784,0.24549836
17014,0.20875156
9600,0.20875156
42217,0.32276765
21758,0.20875156
2458,0.20875156
31924,0.24549836
41007,0.32276765
5860,0.20875156
3921,0.20875156
464,0.20875156
29036,0.24549836
546,0.20875156
3767,0.20875156
4250,0.20875156
42196,0.43309024
8160,0.20875156
20523,0.20875156
18513,0.20875156
41724,0.43309024
8248,0.20875156
14049,0.34972963
10989,0.20875156
11055,0.20875156
27112,0.20875156
17591,0.20875156
84,0.49668834
38117,0.41364262
1308,0.20875156
43774,0.43309024
31503,0.24549836
20407,0.20875156
38318,0.24549836
31569,0.24549836
15641,0.20875156
36734,0.24549836
30532,0.24549836
3550,0.20875156
33002,0.24549836
21677,0.20875156
22411,0.20875156
37046,0.24549836
44722,0.32276765
9554,0.20875156
37044,0.24549836
26481,0.34972963
35193,0.24549836
43359,0.32276765
28807,0.24549836
41617,0.5488107
14131,0.20875156
8121,0.20875156
24578,0.20875156
13279,0.20875156
20790,0.20875156
22491,0.20875156
33828,0.24549836
39969,0.5488107
407,0.20875156
31073,0.34972963
14432,0.20875156
29008,0.24549836
1863,0.20875156
34480,0.24549836
6224,0.20875156
31124,0.24549836
26840,0.20875156
25096,0.20875156
9790,0.20875156
12374,0.20875156
29107,0.24549836
28270,0.24549836
16323,0.20875156
29838,0.24549836
13467,0.49668834
12727,0.20875156
38913,0.5488107
2468,0.20875156
28965,0.24549836
23859,0.20875156
28625,0.24549836
43571,0.5488107
44881,0.32276765
24581,0.20875156
24494,0.20875156
7990,0.20875156
26163,0.20875156
13777,0.20875156
32767,0.24549836
11652,0.20875156
28931,0.24549836
20486,0.20875156
33920,0.34972963
6978,0.20875156
16114,0.20875156
19512,0.20875156
10415,0.20875156
15285,0.20875156
37253,0.24549836
27093,0.20875156
36511,0.24549836
25136,0.20875156
39262,0.24549836
20421,0.34972963
23367,0.20875156
44783,0.32276765
42872,0.43309024
26545,0.34972963
8147,0.20875156
18221,0.20875156
26177,0.20875156
13259,0.20875156
30048,0.34972963
26140,0.20875156
11621,0.20875156
22936,0.20875156
31547,0.24549836
23103,0.20875156
36815,0.24549836
36541,0.24549836
36159,0.24549836
22337,0.20875156
669,0.20875156
30677,0.24549836
26208,0.20875156
19205,0.20875156
36626,0.24549836
16296,0.20875156
34192,0.24549836
4481,0.20875156
5939,0.34972963
32078,0.24549836
38309,0.24549836
11246,0.20875156
20282,0.20875156
33656,0.24549836
4415,0.20875156
22020,0.20875156
42024,0.32276765
30358,0.34972963
23222,0.20875156
16941,0.20875156
23983,0.20875156
29595,0.24549836
43459,0.32276765
1776,0.20875156
29274,0.34972963
12326,0.20875156
39212,0.24549836
9071,0.20875156
446,0.20875156
42771,0.43309024
45208,0.43309024
33597,0.24549836
43142,0.32276765
32014,0.24549836
26000,0.20875156
19094,0.20875156
44973,0.43309024
31784,0.24549836
5385,0.20875156
44446,0.43309024
35006,0.24549836
15724,0.20875156
4355,0.20875156
38188,0.24549836
36415,0.24549836
23649,0.20875156
10289,0.20875156
24223,0.20875156
42669,0.5488107
33312,0.24549836
5655,0.20875156
28852,0.24549836
24831,0.49668834
8437,0.20875156
190,0.34972963
40085,0.24549836
41146,0.43309024
39693,0.24549836
29118,0.24549836
38437,0.24549836
33056,0.24549836
33112,0.24549836
30698,0.24549836
4333,0.20875156
29326,0.49668834
37121,0.24549836
21031,0.20875156
37884,0.24549836
38116,0.47860748
19445,0.49668834
603,0.20875156
4110,0.20875156
25867,0.20875156
5544,0.20875156
39394,0.24549836
43445,0.43309024
35511,0.49668834
36216,0.34972963
9608,0.20875156
39952,0.24549836
43650,0.43309024
20175,0.20875156
10507,0.20875156
33748,0.24549836
23215,0.20875156
31305,0.24549836
28283,0.24549836
31467,0.24549836
6664,0.34972963
14128,0.20875156
14044,0.20875156
789,0.20875156
27272,0.20875156
43569,0.43309024
42519,0.43309024
9049,0.20875156
10374,0.20875156
42734,0.5488107
35085,0.34972963
41273,0.32276765
3575,0.20875156
19628,0.20875156
38249,0.47860748
41192,0.32276765
19775,0.20875156
28942,0.34972963
42864,0.43309024
43752,0.43309024
27004,0.20875156
38146,0.24549836
18064,0.20875156
38259,0.24549836
22518,0.20875156
28029,0.24549836
35176,0.24549836
26704,0.20875156
43140,0.5488107
41242,0.43309024
21669,0.20875156
24985,0.20875156
30783,0.24549836
10133,0.20875156
26696,0.20875156
36371,0.24549836
2089,0.20875156
13471,0.20875156
22154,0.20875156
4827,0.20875156
24967,0.20875156
34999,0.24549836
7469,0.20875156
23487,0.20875156
5702,0.20875156
31777,0.24549836
2620,0.20875156
40755,0.32276765
24369,0.20875156
5781,0.20875156
831,0.20875156
4560,0.20875156
1981,0.20875156
42318,0.32276765
24981,0.20875156
4763,0.20875156
33543,0.24549836
23358,0.20875156
32775,0.24549836
15299,0.20875156
40297,0.24549836
29568,0.24549836
36345,0.24549836
41465,0.32276765
37863,0.24549836
31180,0.24549836
27984,0.24549836
20289,0.49668834
34064,0.24549836
11405,0.20875156
43862,0.43309024
44099,0.43309024
13936,0.20875156
22436,0.20875156
43791,0.43309024
4347,0.20875156
29985,0.24549836
22297,0.20875156
10868,0.20875156
17033,0.20875156
37911,0.24549836
18080,0.34972963
10450,0.20875156
27450,0.24549836
30357,0.24549836
34779,0.34972963
21530,0.20875156
21179,0.20875156
31269,0.24549836
20774,0.20875156
10711,0.34972963
10174,0.20875156
27481,0.24549836
5324,0.20875156
11864,0.34972963
18864,0.20875156
17496,0.20875156
12450,0.20875156
24346,0.20875156
38536,0.24549836
33221,0.34972963
34146,0.24549836
15494,0.20875156
26979,0.20875156
10702,0.20875156
45164,0.43309024
30590,0.24549836
16041,0.20875156
7211,0.20875156
10723,0.20875156
14820,0.20875156
10630,0.20875156
11137,0.20875156
22258,0.20875156
39636,0.24549836
27377,0.34972963
10014,0.20875156
16510,0.20875156
40630,0.24549836
17952,0.34972963
26223,0.20875156
9346,0.20875156
9743,0.20875156
20677,0.20875156
12815,0.20875156
37436,0.24549836
14700,0.20875156
314,0.20875156
2333,0.20875156
31943,0.24549836
32257,0.24549836
890,0.20875156
25545,0.20875156
32291,0.24549836
182,0.34972963
44586,0.43309024
43296,0.5488107
23863,0.20875156
12717,0.20875156
43902,0.5488107
18562,0.34972963
26587,0.20875156
44597,0.32276765
24694,0.20875156
19939,0.20875156
19274,0.20875156
73,0.20875156
43591,0.43309024
43378,0.43309024
33972,0.24549836
3202,0.20875156
37057,0.24549836
36610,0.47860748
687,0.20875156
14302,0.20875156
32008,0.24549836
25719,0.20875156
27745,0.24549836
8428,0.20875156
43730,0.43309024
40210,0.24549836
30885,0.24549836
17364,0.20875156
28087,0.24549836
31401,0.24549836
32283,0.24549836
24655,0.20875156
13069,0.20875156
17935,0.20875156
22320,0.20875156
29406,0.24549836
14003,0.20875156
39211,0.24549836
3062,0.20875156
18783,0.20875156
33707,0.24549836
3430,0.34972963
24176,0.34972963
44987,0.32276765
34253,0.24549836
5947,0.34972963
6190,0.20875156
28763,0.24549836
378,0.20875156
5691,0.20875156
18122,0.20875156
1239,0.20875156
3929,0.20875156
25784,0.49668834
10265,0.20875156
40087,0.24549836
23632,0.20875156
17707,0.20875156
5502,0.20875156
29093,0.24549836
42837,0.32276765
21522,0.20875156
37472,0.24549836
1667,0.20875156
35502,0.24549836
33554,0.24549836
10458,0.20875156
42594,0.32276765
5958,0.20875156
38230,0.47860748
24690,0.20875156
27059,0.20875156
41829,0.43309024
1721,0.20875156
23062,0.20875156
25170,0.20875156
26467,0.20875156
19474,0.20875156
18241,0.20875156
37686,0.24549836
18018,0.20875156
8585,0.20875156
11923,0.20875156
12177,0.20875156
16834,0.34972963
23148,0.20875156
9726,0.20875156
6350,0.20875156
28823,0.24549836
12563,0.20875156
42773,0.43309024
21076,0.20875156
29809,0.24549836
34233,0.24549836
24391,0.34972963
43877,0.32276765
27270,0.49668834
10596,0.20875156
7258,0.20875156
26300,0.20875156
16451,0.49668834
14188,0.20875156
607,0.20875156
44333,0.32276765
35121,0.34972963
12987,0.34972963
35105,0.24549836
26990,0.20875156
43329,0.43309024
25312,0.20875156
40655,0.24549836
30504,0.24549836
5258,0.20875156
26622,0.20875156
917,0.20875156
21569,0.20875156
31981,0.34972963
9103,0.20875156
24450,0.20875156
9282,0.20875156
42296,0.43309024
27104,0.20875156
12197,0.20875156
29843,0.24549836
41394,0.5488107
10051,0.20875156
2688,0.20875156
7086,0.20875156
39999,0.24549836
23584,0.20875156
28622,0.34972963
28179,0.24549836
19670,0.20875156
26875,0.34972963
20372,0.20875156
27264,0.20875156
10116,0.20875156
672,0.20875156
22277,0.20875156
40262,0.24549836
9543,0.20875156
21928,0.20875156
20897,0.20875156
13108,0.34972963
7924,0.20875156
778,0.20875156
3035,0.20875156
21478,0.20875156
14205,0.20875156
34933,0.24549836
42071,0.32276765
41287,0.43309024
26295,0.20875156
17407,0.20875156
34294,0.24549836
2095,0.20875156
7349,0.34972963
38571,0.24549836
32588,0.24549836
28683,0.24549836
13633,0.20875156
41742,0.5488107
39368,0.24549836
16503,0.20875156
16390,0.20875156
10429,0.20875156
41831,0.32276765
9913,0.20875156
34914,0.34972963
42626,0.32276765
23290,0.20875156
684,0.20875156
40064,0.24549836
34986,0.24549836
6553,0.20875156
42150,0.32276765
43481,0.32276765
44933,0.43309024
43649,0.32276765
29368,0.24549836
17434,0.20875156
17089,0.20875156
12006,0.20875156
20637,0.20875156
6576,0.20875156
1402,0.20875156
41566,0.32276765
3770,0.20875156
21969,0.20875156
16122,0.34972963
26639,0.20875156
19529,0.20875156
16770,0.20875156
10255,0.20875156
12587,0.20875156
24193,0.20875156
31822,0.24549836
44394,0.43309024
7205,0.20875156
11762,0.20875156
11235,0.20875156
28741,0.24549836
35251,0.24549836
32957,0.24549836
44018,0.32276765
11613,0.20875156
8364,0.20875156
9412,0.20875156
43461,0.5488107
21856,0.20875156
23869,0.20875156
3144,0.20875156
23755,0.20875156
7133,0.20875156
13590,0.20875156
23578,0.20875156
2305,0.20875156
35277,0.24549836
21006,0.20875156
36781,0.24549836
7656,0.20875156
45093,0.5488107
39355,0.24549836
28936,0.34972963
19032,0.20875156
17478,0.20875156
15013,0.20875156
22914,0.20875156
35847,0.24549836
21475,0.34972963
20863,0.34972963
39978,0.24549836
8470,0.34972963
15042,0.49668834
29184,0.24549836
36041,0.24549836
40869,0.5488107
15254,0.20875156
19847,0.20875156
16887,0.20875156
23141,0.20875156
15729,0.20875156
20682,0.34972963
16349,0.20875156
18836,0.20875156
40810,0.43309024
2211,0.20875156
31317,0.24549836
12403,0.20875156
45088,0.43309024
16383,0.20875156
21845,0.20875156
29813,0.24549836
21601,0.20875156
3788,0.20875156
1978,0.20875156
34650,0.24549836
43348,0.32276765
4223,0.20875156
19473,0.20875156
17307,0.20875156
12828,0.20875156
19324,0.20875156
39251,0.24549836
9064,0.20875156
15417,0.20875156
34593,0.24549836
5636,0.49668834
7576,0.20875156
41585,0.32276765
42402,0.32276765
30479,0.24549836
24943,0.20875156
21795,0.20875156
1884,0.20875156
19204,0.20875156
15050,0.20875156
27394,0.20875156
14880,0.20875156
11054,0.20875156
27374,0.20875156
14503,0.20875156
40224,0.24549836
35393,0.34972963
29997,0.24549836
1754,0.20875156
24710,0.34972963
34950,0.24549836
20482,0.20875156
13405,0.20875156
22950,0.20875156
1420,0.20875156
3437,0.20875156
2529,0.20875156
22670,0.20875156
7655,0.20875156
12215,0.20875156
1883,0.20875156
37412,0.47860748
26015,0.20875156
10282,0.20875156
43709,0.5488107
40774,0.43309024
42859,0.43309024
18347,0.20875156
32651,0.24549836
31629,0.24549836
6199,0.20875156
16218,0.20875156
20516,0.20875156
7614,0.20875156
41761,0.43309024
25904,0.20875156
32282,0.24549836
33461,0.24549836
6433,0.20875156
35055,0.24549836
40970,0.43309024
24864,0.20875156
492,0.20875156
9542,0.20875156
3677,0.20875156
4109,0.20875156
15570,0.20875156
12187,0.20875156
30137,0.24549836
15496,0.20875156
26512,0.20875156
25049,0.20875156
14633,0.20875156
43630,0.43309024
9448,0.20875156
27227,0.20875156
7774,0.34972963
24436,0.20875156
17763,0.34972963
14951,0.20875156
3587,0.20875156
27829,0.24549836
37077,0.24549836
34716,0.24549836
10769,0.20875156
8072,0.20875156
8405,0.20875156
15386,0.20875156
1726,0.20875156
40768,0.32276765
985,0.20875156
7222,0.20875156
22065,0.20875156
42211,0.43309024
28558,0.24549836
35429,0.34972963
11417,0.20875156
35880,0.24549836
13217,0.20875156
17540,0.20875156
41640,0.43309024
41531,0.32276765
3225,0.20875156
20219,0.20875156
24772,0.49668834
4371,0.20875156
31387,0.24549836
20148,0.20875156
43317,0.5488107
10003,0.20875156
9931,0.20875156
20169,0.20875156
42767,0.43309024
21674,0.20875156
42568,0.43309024
34840,0.24549836
14641,0.20875156
26896,0.20875156
19038,0.49668834
43990,0.43309024
29885,0.24549836
18974,0.20875156
26312,0.20875156
19965,0.20875156
27907,0.24549836
17122,0.20875156
16246,0.20875156
2472,0.34972963
23764,0.20875156
40939,0.32276765
43533,0.5488107
1691,0.20875156
30550,0.49668834
21783,0.20875156
7756,0.20875156
25213,0.20875156
21861,0.20875156
37748,0.5488107
9909,0.20875156
39296,0.24549836
34170,0.34972963
6049,0.20875156
35872,0.24549836
34954,0.24549836
574,0.20875156
19102,0.20875156
8586,0.20875156
22710,0.20875156
12151,0.20875156
41475,0.43309024
19886,0.20875156
13042,0.20875156
5499,0.20875156
9062,0.20875156
26813,0.20875156
31850,0.34972963
11973,0.20875156
34081,0.24549836
41934,0.43309024
31435,0.24549836
13531,0.20875156
30003,0.24549836
41369,0.43309024
18934,0.20875156
8221,0.20875156
26539,0.20875156
32898,0.24549836
14075,0.20875156
40927,0.43309024
16064,0.34972963
16955,0.20875156
11629,0.20875156
8538,0.20875156
27919,0.24549836
14321,0.20875156
4865,0.20875156
20967,0.20875156
34747,0.24549836
16634,0.20875156
38886,0.24549836
4238,0.20875156
38446,0.24549836
30272,0.24549836
38395,0.47860748
36713,0.24549836
26375,0.20875156
6545,0.20875156
22241,0.20875156
33228,0.24549836
42400,0.32276765
22476,0.20875156
26429,0.34972963
23751,0.20875156
44927,0.32276765
13594,0.20875156
32237,0.34972963
30164,0.24549836
16701,0.20875156
1445,0.20875156
32494,0.24549836
3217,0.20875156
4455,0.20875156
33190,0.24549836
17665,0.20875156
17712,0.20875156
43160,0.43309024
21906,0.20875156
32457,0.24549836
21881,0.20875156
25838,0.20875156
1306,0.20875156
36125,0.24549836
3778,0.20875156
6799,0.20875156
37413,0.24549836
14750,0.20875156
17027,0.34972963
7504,0.20875156
7306,0.20875156
32012,0.24549836
17170,0.20875156
16762,0.20875156
23182,0.34972963
37067,0.24549836
7255,0.20875156
14254,0.20875156
12841,0.34972963
34038,0.34972963
26158,0.20875156
2340,0.20875156
38695,0.5488107
27126,0.20875156
16008,0.20875156
7752,0.20875156
18170,0.20875156
37929,0.24549836
30593,0.34972963
30216,0.34972963
31745,0.24549836
14164,0.20875156
26170,0.20875156
14074,0.20875156
11560,0.20875156
5069,0.20875156
26310,0.20875156
2913,0.20875156
37681,0.24549836
38312,0.24549836
3468,0.20875156
37321,0.24549836
34343,0.24549836
16518,0.20875156
15365,0.34972963
456,0.20875156
36798,0.24549836
17051,0.34972963
24948,0.20875156
21850,0.20875156
4033,0.20875156
36845,0.5488107
10136,0.20875156
23811,0.20875156
21912,0.20875156
12800,0.20875156
24537,0.20875156
29992,0.24549836
10182,0.20875156
27832,0.24549836
14430,0.20875156
43411,0.43309024
38743,0.24549836
44828,0.43309024
44541,0.43309024
21729,0.20875156
36131,0.24549836
24579,0.20875156
12074,0.20875156
40143,0.5488107
32953,0.24549836
42886,0.32276765
3592,0.20875156
2584,0.20875156
41750,0.32276765
3162,0.20875156
11105,0.20875156
19176,0.20875156
17711,0.20875156
4921,0.20875156
4023,0.20875156
14470,0.34972963
9005,0.20875156
38972,0.24549836
34564,0.24549836
42110,0.43309024
23920,0.20875156
3543,0.20875156
22537,0.20875156
37761,0.24549836
42615,0.32276765
17603,0.20875156
9155,0.20875156
5468,0.20875156
34429,0.24549836
26917,0.20875156
4387,0.20875156
36637,0.24549836
25161,0.20875156
42273,0.32276765
37618,0.47860748
19984,0.20875156
14020,0.20875156
10,0.20875156
24045,0.49668834
20857,0.34972963
33776,0.24549836
24715,0.20875156
38984,0.24549836
10423,0.20875156
12063,0.20875156
14029,0.20875156
30766,0.24549836
43525,0.47860748
7809,0.20875156
33159,0.24549836
5771,0.20875156
30411,0.24549836
12990,0.20875156
21790,0.34972963
37704,0.24549836
30294,0.49668834
8830,0.20875156
9520,0.20875156
27441,0.49668834
33315,0.24549836
30019,0.24549836
31736,0.24549836
19955,0.20875156
4948,0.20875156
4007,0.20875156
21267,0.20875156
6511,0.20875156
5103,0.20875156
6635,0.20875156
8507,0.20875156
11249,0.20875156
42123,0.32276765
43300,0.5488107
16249,0.20875156
7066,0.20875156
43269,0.5488107
25392,0.20875156
42926,0.43309024
43570,0.43309024
35501,0.24549836
6815,0.20875156
18607,0.20875156
2653,0.20875156
9550,0.20875156
2705,0.20875156
27106,0.34972963
24181,0.20875156
44452,0.43309024
19565,0.20875156
40000,0.24549836
28060,0.24549836
42558,0.43309024
37528,0.24549836
20072,0.20875156
9279,0.20875156
18874,0.20875156
23386,0.20875156
22386,0.20875156
2191,0.49668834
21929,0.20875156
15353,0.20875156
43312,0.43309024
35186,0.24549836
16894,0.20875156
25375,0.20875156
27551,0.24549836
41806,0.32276765
10050,0.34972963
32495,0.34972963
24470,0.20875156
28015,0.24549836
44924,0.32276765
25349,0.20875156
41321,0.32276765
29609,0.34972963
14724,0.20875156
14685,0.49668834
34121,0.24549836
21532,0.20875156
33424,0.24549836
13727,0.20875156
6403,0.20875156
25837,0.20875156
41675,0.43309024
14696,0.20875156
2984,0.20875156
36218,0.24549836
19071,0.20875156
43021,0.43309024
27024,0.34972963
30346,0.24549836
4129,0.20875156
10238,0.20875156
40753,0.32276765
16487,0.20875156
19090,0.20875156
40963,0.43309024
25926,0.20875156
43855,0.32276765
41257,0.32276765
175,0.20875156
18566,0.20875156
823,0.20875156
44104,0.5488107
39235,0.24549836
12376,0.20875156
10070,0.20875156
35299,0.24549836
20615,0.20875156
29218,0.24549836
10995,0.20875156
8456,0.34972963
3897,0.20875156
1882,0.20875156
5503,0.20875156
18328,0.20875156
37011,0.24549836
2226,0.20875156
28245,0.49668834
28511,0.24549836
33782,0.24549836
26243,0.20875156
19339,0.20875156
4873,0.20875156
11394,0.20875156
10151,0.20875156
33690,0.24549836
2491,0.20875156
25005,0.20875156
19327,0.20875156
37986,0.24549836
9530,0.20875156
43013,0.43309024
34058,0.24549836
27537,0.34972963
5246,0.20875156
39417,0.24549836
1389,0.20875156
15743,0.20875156
16784,0.20875156
1507,0.20875156
39319,0.24549836
28092,0.24549836
13574,0.20875156
26643,0.20875156
38362,0.24549836
3804,0.20875156
30848,0.24549836
15808,0.20875156
41709,0.43309024
36251,0.24549836
37162,0.24549836
2316,0.20875156
18286,0.49668834
37252,0.24549836
44397,0.43309024
8196,0.20875156
6813,0.20875156
11426,0.20875156
33227,0.24549836
13715,0.20875156
11667,0.20875156
36813,0.24549836
22693,0.20875156
32184,0.24549836
23053,0.20875156
35684,0.24549836
10549,0.20875156
14974,0.20875156
35514,0.24549836
33528,0.24549836
31338,0.49668834
33846,0.24549836
17116,0.34972963
19006,0.20875156
11119,0.20875156
29830,0.24549836
16719,0.20875156
13979,0.20875156
411,0.20875156
36801,0.24549836
35730,0.24549836
22769,0.20875156
24341,0.20875156
24781,0.20875156
34894,0.34972963
22799,0.34972963
5011,0.20875156
38923,0.24549836
41940,0.32276765
5681,0.20875156
10155,0.49668834
45031,0.32276765
18878,0.20875156
43560,0.5488107
15610,0.20875156
38893,0.24549836
39062,0.24549836
1371,0.20875156
32023,0.24549836
16790,0.20875156
29140,0.24549836
28090,0.24549836
2373,0.20875156
21464,0.20875156
10546,0.20875156
4828,0.20875156
43058,0.43309024
22755,0.20875156
27851,0.24549836
26597,0.20875156
44230,0.43309024
24025,0.20875156
43842,0.43309024
37265,0.24549836
40837,0.43309024
20212,0.20875156
37708,0.24549836
7899,0.20875156
6142,0.49668834
44374,0.43309024
26171,0.20875156
6990,0.20875156
4410,0.20875156
9692,0.34972963
36825,0.24549836
41727,0.43309024
9680,0.20875156
17505,0.20875156
24590,0.20875156
5751,0.20875156
6034,0.20875156
29567,0.24549836
14658,0.20875156
29850,0.34972963
24641,0.20875156
22551,0.20875156
12118,0.20875156
12928,0.20875156
27500,0.24549836
17105,0.49668834
14629,0.20875156
37536,0.24549836
24997,0.20875156
31120,0.24549836
28191,0.49668834
39161,0.24549836
24592,0.20875156
100,0.20875156
25819,0.20875156
40786,0.43309024
10160,0.20875156
18895,0.49668834
33599,0.24549836
42177,0.43309024
32251,0.34972963
31797,0.24549836
37220,0.24549836
19576,0.20875156
19755,0.20875156
40651,0.24549836
6197,0.20875156
28559,0.24549836
7053,0.20875156
12369,0.20875156
19723,0.20875156
29972,0.24549836
43759,0.43309024
15367,0.20875156
15581,0.20875156
12076,0.20875156
22569,0.20875156
35201,0.34972963
36796,0.24549836
5188,0.34972963
41028,0.43309024
16918,0.20875156
30868,0.24549836
32049,0.24549836
10725,0.20875156
16320,0.20875156
36715,0.47860748
31449,0.24549836
4327,0.49668834
25638,0.20875156
21477,0.20875156
22010,0.34972963
34340,0.34972963
27256,0.20875156
15938,0.20875156
41802,0.48314685
37320,0.24549836
25037,0.20875156
13357,0.20875156
25498,0.20875156
18693,0.20875156
39561,0.24549836
7657,0.20875156
13916,0.20875156
26281,0.34972963
38773,0.24549836
26005,0.20875156
30485,0.24549836
7661,0.20875156
28324,0.24549836
5071,0.20875156
12506,0.20875156
45121,0.43309024
35469,0.24549836
25478,0.20875156
10180,0.20875156
23914,0.20875156
15741,0.20875156
952,0.20875156
16970,0.20875156
2502,0.20875156
17047,0.20875156
6180,0.20875156
13906,0.20875156
16052,0.34972963
40795,0.32276765
39374,0.24549836
32996,0.34972963
11811,0.20875156
12738,0.20875156
25258,0.20875156
30523,0.24549836
28363,0.24549836
38727,0.24549836
36874,0.5488107
6601,0.20875156
38149,0.24549836
30100,0.24549836
33333,0.24549836
41854,0.32276765
11674,0.20875156
18713,0.20875156
40553,0.24549836
2470,0.20875156
40518,0.24549836
6656,0.20875156
18688,0.20875156
8271,0.20875156
1192,0.20875156
12583,0.20875156
42873,0.43309024
40127,0.24549836
1037,0.20875156
40038,0.24549836
39349,0.24549836
41094,0.32276765
16267,0.20875156
5605,0.20875156
33350,0.24549836
1890,0.20875156
28719,0.24549836
28095,0.34972963
32302,0.49668834
3559,0.20875156
40279,0.24549836
44695,0.43309024
11549,0.20875156
44270,0.5488107
15555,0.20875156
43729,0.43309024
7526,0.20875156
241,0.20875156
19982,0.20875156
9713,0.20875156
123,0.20875156
29176,0.24549836
30281,0.24549836
2787,0.20875156
29158,0.24549836
40454,0.24549836
36245,0.24549836
10454,0.20875156
6119,0.20875156
21672,0.20875156
6808,0.20875156
13124,0.20875156
44268,0.43309024
43675,0.43309024
41872,0.43309024
33389,0.24549836
35537,0.24549836
341,0.20875156
25882,0.20875156
9272,0.34972963
4565,0.34972963
26495,0.20875156
33104,0.24549836
33386,0.24549836
42619,0.43309024
6979,0.20875156
3220,0.20875156
35333,0.24549836
35802,0.49668834
6478,0.20875156
13472,0.20875156
10453,0.20875156
7702,0.20875156
1775,0.20875156
39756,0.24549836
6130,0.20875156
32081,0.24549836
41756,0.32276765
10149,0.20875156
44412,0.32276765
435,0.20875156
12186,0.20875156
10589,0.20875156
19121,0.20875156
34764,0.24549836
25993,0.20875156
1899,0.20875156
44289,0.32276765
2922,0.20875156
7592,0.20875156
39274,0.24549836
10272,0.20875156
30751,0.24549836
3665,0.34972963
16733,0.49668834
34034,0.24549836
39325,0.24549836
22683,0.20875156
15693,0.49668834
44048,0.43309024
37453,0.24549836
12472,0.20875156
37980,0.24549836
38234,0.24549836
26324,0.20875156
30300,0.24549836
22195,0.20875156
33994,0.24549836
10762,0.20875156
44906,0.32276765
3363,0.20875156
26348,0.20875156
28,0.20875156
6851,0.20875156
36568,0.24549836
39811,0.24549836
1663,0.34972963
42832,0.32276765
1985,0.20875156
34922,0.34972963
35938,0.24549836
1190,0.49668834
9193,0.20875156
38541,0.24549836
16904,0.20875156
19150,0.20875156
18153,0.20875156
15207,0.20875156
43644,0.43309024
44403,0.43309024
15169,0.20875156
34048,0.24549836
37824,0.24549836
40682,0.5488107
36222,0.24549836
10469,0.20875156
28406,0.24549836
29486,0.24549836
3562,0.20875156
42762,0.43309024
15301,0.20875156
26849,0.20875156
41600,0.5488107
40745,0.43309024
13175,0.49668834
4280,0.20875156
2829,0.20875156
28975,0.24549836
13792,0.20875156
12411,0.20875156
36578,0.24549836
14533,0.20875156
10784,0.20875156
2500,0.20875156
11620,0.34972963
24576,0.20875156
26818,0.20875156
13282,0.20875156
23830,0.20875156
18292,0.20875156
24011,0.20875156
32765,0.24549836
32592,0.24549836
10874,0.20875156
6603,0.20875156
20924,0.20875156
36966,0.24549836
7683,0.20875156
15939,0.20875156
16210,0.20875156
17362,0.20875156
3673,0.20875156
14367,0.20875156
12207,0.20875156
30511,0.34972963
7364,0.20875156
25254,0.20875156
27846,0.24549836
32774,0.24549836
26377,0.20875156
27702,0.24549836
22033,0.20875156
26963,0.49668834
43552,0.32276765
8126,0.20875156
31715,0.34972963
7415,0.20875156
19074,0.20875156
8659,0.20875156
17024,0.20875156
5121,0.49668834
35250,0.24549836
12175,0.20875156
19950,0.20875156
12804,0.20875156
7952,0.20875156
41548,0.43309024
32484,0.24549836
6716,0.20875156
35421,0.24549836
15843,0.34972963
30169,0.24549836
20816,0.20875156
28909,0.24549836
26981,0.20875156
32850,0.24549836
15635,0.20875156
12886,0.20875156
20152,0.20875156
21716,0.20875156
21843,0.20875156
28257,0.24549836
36337,0.24549836
36421,0.24549836
6145,0.20875156
36525,0.24549836
44362,0.32276765
45078,0.5488107
17975,0.20875156
976,0.20875156
13585,0.20875156
38909,0.24549836
34206,0.24549836
24949,0.20875156
21124,0.20875156
22458,0.20875156
32982,0.24549836
13334,0.34972963
4984,0.20875156
8383,0.20875156
28435,0.24549836
20256,0.20875156
5803,0.20875156
38501,0.24549836
4119,0.20875156
35644,0.24549836
29535,0.24549836
28809,0.24549836
33990,0.24549836
11423,0.20875156
15184,0.20875156
31081,0.24549836
40803,0.32276765
38742,0.24549836
4802,0.20875156
7986,0.34972963
718,0.20875156
32287,0.24549836
12718,0.20875156
34918,0.24549836
44776,0.32276765
42419,0.43309024
9141,0.20875156
37409,0.24549836
11176,0.49668834
38712,0.24549836
42327,0.32276765
11547,0.34972963
9809,0.20875156
14504,0.20875156
12030,0.20875156
42047,0.43309024
4318,0.20875156
30352,0.34972963
1429,0.20875156
17535,0.20875156
20919,0.20875156
8899,0.20875156
42968,0.43309024
35692,0.24549836
17799,0.20875156
34714,0.24549836
44364,0.43309024
19930,0.20875156
23680,0.20875156
33060,0.34972963
40080,0.24549836
34010,0.24549836
14059,0.20875156
3651,0.20875156
25155,0.20875156
41254,0.32276765
3431,0.34972963
28935,0.34972963
33542,0.24549836
4122,0.20875156
4898,0.20875156
13349,0.34972963
24617,0.20875156
17964,0.20875156
39560,0.24549836
37821,0.5488107
27325,0.20875156
30690,0.24549836
19124,0.20875156
29984,0.24549836
35154,0.24549836
24560,0.20875156
34681,0.24549836
22719,0.20875156
17125,0.20875156
32711,0.34972963
72,0.20875156
1363,0.20875156
25628,0.49668834
973,0.20875156
27936,0.24549836
6938,0.20875156
3650,0.20875156
28787,0.24549836
41500,0.43309024
43909,0.43309024
332,0.20875156
40020,0.24549836
10718,0.20875156
36300,0.24549836
31280,0.24549836
37994,0.5488107
14191,0.20875156
25908,0.20875156
44718,0.43309024
20197,0.20875156
19757,0.20875156
35224,0.24549836
23095,0.20875156
39680,0.24549836
19850,0.20875156
6913,0.20875156
36971,0.24549836
29999,0.24549836
23206,0.20875156
7084,0.20875156
1451,0.20875156
14013,0.20875156
20153,0.20875156
530,0.20875156
27465,0.24549836
5871,0.49668834
16987,0.20875156
42108,0.43309024
30794,0.24549836
14262,0.20875156
18634,0.20875156
24463,0.20875156
31213,0.24549836
37823,0.24549836
22838,0.20875156
30843,0.24549836
11917,0.20875156
34025,0.24549836
16969,0.20875156
3425,0.20875156
36841,0.24549836
27708,0.24549836
18546,0.34972963
40431,0.24549836
20973,0.20875156
8389,0.20875156
10158,0.34972963
38524,0.24549836
24264,0.20875156
9724,0.20875156
27885,0.24549836
36922,0.24549836
6033,0.20875156
9042,0.20875156
14755,0.20875156
13391,0.20875156
3637,0.20875156
29355,0.24549836
1155,0.20875156
42645,0.43309024
25390,0.20875156
12283,0.20875156
28152,0.24549836
7878,0.20875156
11066,0.20875156
24424,0.20875156
33879,0.24549836
42912,0.32276765
11928,0.20875156
10922,0.20875156
40548,0.24549836
7918,0.20875156
27503,0.24549836
32812,0.24549836
42868,0.43309024
5705,0.20875156
23362,0.20875156
8668,0.20875156
33686,0.24549836
27287,0.20875156
9986,0.34972963
26557,0.20875156
40116,0.24549836
22131,0.34972963
55,0.20875156
6201,0.20875156
27760,0.24549836
15940,0.20875156
27493,0.24549836
44052,0.43309024
16554,0.20875156
38957,0.24549836
16846,0.20875156
20760,0.20875156
27837,0.24549836
35515,0.24549836
18918,0.20875156
11877,0.20875156
22335,0.20875156
24750,0.20875156
41483,0.43309024
12657,0.20875156
15102,0.20875156
41246,0.32276765
40822,0.43309024
13770,0.20875156
12431,0.20875156
35307,0.34972963
18595,0.34972963
17084,0.34972963
29247,0.24549836
29789,0.24549836
30091,0.24549836
36896,0.24549836
36955,0.24549836
33128,0.24549836
38206,0.24549836
20398,0.20875156
1901,0.49668834
25683,0.34972963
10856,0.20875156
40377,0.24549836
33957,0.24549836
23184,0.20875156
8598,0.20875156
20649,0.20875156
42649,0.32276765
19526,0.20875156
28548,0.24549836
41336,0.43309024
41296,0.43309024
42839,0.43309024
40209,0.24549836
27968,0.24549836
9127,0.20875156
6063,0.20875156
34890,0.24549836
2144,0.20875156
2893,0.20875156
1580,0.20875156
14169,0.20875156
21800,0.20875156
43118,0.32276765
24935,0.20875156
37670,0.47860748
3489,0.20875156
20595,0.20875156
3172,0.20875156
26815,0.20875156
3994,0.20875156
29151,0.24549836
30005,0.24549836
1755,0.20875156
17756,0.20875156
12081,0.20875156
38817,0.24549836
38193,0.24549836
40912,0.43309024
9979,0.20875156
39344,0.24549836
1249,0.20875156
37999,0.24549836
24467,0.20875156
16761,0.34972963
42647,0.43309024
15739,0.20875156
27198,0.20875156
39386,0.5488107
26334,0.20875156
26443,0.20875156
26856,0.20875156
813,0.20875156
22357,0.49668834
6144,0.20875156
7554,0.20875156
7903,0.20875156
27190,0.34972963
44637,0.43309024
20802,0.20875156
6588,0.20875156
32587,0.24549836
37285,0.24549836
12022,0.20875156
17992,0.20875156
42032,0.43309024
40286,0.24549836
8798,0.20875156
34909,0.34972963
31601,0.49668834
10170,0.20875156
17042,0.34972963
22561,0.20875156
531,0.20875156
974,0.20875156
22029,0.20875156
12577,0.20875156
32135,0.24549836
34211,0.24549836
44789,0.5488107
10659,0.20875156
8635,0.20875156
8278,0.20875156
24360,0.20875156
37263,0.24549836
21662,0.20875156
7892,0.20875156
27633,0.24549836
19418,0.34972963
19157,0.20875156
33098,0.24549836
19532,0.20875156
19697,0.20875156
3875,0.20875156
2596,0.20875156
43837,0.32276765
28526,0.24549836
31694,0.24549836
7745,0.49668834
13904,0.20875156
31719,0.24549836
2417,0.20875156
3861,0.20875156
28630,0.34972963
18250,0.20875156
39662,0.24549836
27147,0.20875156
9431,0.20875156
18230,0.20875156
22162,0.20875156
43720,0.43309024
4183,0.20875156
10661,0.20875156
3823,0.20875156
15934,0.20875156
8216,0.20875156
13180,0.20875156
32311,0.24549836
33321,0.24549836
40887,0.32276765
43775,0.32276765
2658,0.20875156
1256,0.20875156
21296,0.20875156
24840,0.49668834
16889,0.20875156
16507,0.20875156
1364,0.20875156
5567,0.20875156
36554,0.24549836
36893,0.24549836
35761,0.24549836
8342,0.20875156
24230,0.20875156
7624,0.20875156
9958,0.34972963
29000,0.24549836
30501,0.24549836
14332,0.20875156
37189,0.24549836
20634,0.49668834
42532,0.43309024
9384,0.20875156
12077,0.20875156
35551,0.34972963
9344,0.20875156
20511,0.20875156
30589,0.24549836
24034,0.20875156
3284,0.20875156
17119,0.20875156
8865,0.20875156
19966,0.20875156
18708,0.20875156
29090,0.24549836
6147,0.20875156
45094,0.43309024
17844,0.20875156
41669,0.43309024
40823,0.43309024
6009,0.20875156
22211,0.34972963
20172,0.20875156
5578,0.20875156
11406,0.20875156
14264,0.20875156
6039,0.20875156
24240,0.20875156
28706,0.24549836
2579,0.20875156
9338,0.20875156
20057,0.34972963
3571,0.20875156
15453,0.20875156
2608,0.20875156
42491,0.43309024
4377,0.20875156
27066,0.20875156
41781,0.43309024
28023,0.24549836
35053,0.24549836
39654,0.24549836
16949,0.20875156
29562,0.24549836
18819,0.20875156
28161,0.24549836
35089,0.24549836
5464,0.20875156
28210,0.24549836
9407,0.20875156
13079,0.20875156
33771,0.24549836
33133,0.24549836
9302,0.20875156
44588,0.32276765
44257,0.32276765
9354,0.20875156
25363,0.49668834
15491,0.20875156
27060,0.20875156
7107,0.20875156
17222,0.20875156
30474,0.24549836
27220,0.20875156
42827,0.43309024
28376,0.24549836
24714,0.20875156
16666,0.20875156
25490,0.20875156
1060,0.20875156
36996,0.24549836
12796,0.34972963
28644,0.24549836
14263,0.20875156
31462,0.24549836
10148,0.49668834
11594,0.20875156
2869,0.20875156
37662,0.24549836
30400,0.24549836
9528,0.20875156
43555,0.43309024
6007,0.34972963
16314,0.34972963
9212,0.20875156
33247,0.24549836
20821,0.20875156
7383,0.20875156
32998,0.24549836
27575,0.34972963
28385,0.24549836
37200,0.24549836
10038,0.20875156
39931,0.24549836
16294,0.20875156
38863,0.24549836
31241,0.24549836
3976,0.34972963
11540,0.34972963
23375,0.20875156
35756,0.24549836
16612,0.20875156
17680,0.34972963
3211,0.20875156
30701,0.34972963
3271,0.20875156
29007,0.24549836
20970,0.20875156
11793,0.20875156
29095,0.24549836
43876,0.32276765
33021,0.34972963
22168,0.20875156
39902,0.24549836
30860,0.49668834
25512,0.34972963
37356,0.24549836
43433,0.5488107
21638,0.20875156
29456,0.24549836
34464,0.24549836
29295,0.24549836
28386,0.24549836
17073,0.20875156
33257,0.24549836
3600,0.20875156
28377,0.24549836
11152,0.20875156
23278,0.34972963
44170,0.5488107
16664,0.20875156
37408,0.24549836
9350,0.20875156
20149,0.20875156
31030,0.24549836
17324,0.20875156
39484,0.24549836
19971,0.20875156
24782,0.34972963
5856,0.20875156
38983,0.24549836
29677,0.24549836
43339,0.43309024
1056,0.20875156
15043,0.20875156
23743,0.20875156
34131,0.24549836
20792,0.20875156
45161,0.5488107
21602,0.20875156
4294,0.20875156
36968,0.47860748
13599,0.34972963
36156,0.24549836
16406,0.20875156
18982,0.20875156
10240,0.20875156
43532,0.43309024
6826,0.20875156
34973,0.24549836
21489,0.20875156
26368,0.20875156
7285,0.20875156
24602,0.49668834
13847,0.20875156
32485,0.24549836
11089,0.20875156
33074,0.24549836
27468,0.24549836
31625,0.49668834
41521,0.5488107
4053,0.20875156
43574,0.5488107
12711,0.20875156
23489,0.20875156
3826,0.20875156
35885,0.24549836
23844,0.20875156
29302,0.24549836
17860,0.20875156
33925,0.24549836
29366,0.24549836
1026,0.34972963
42298,0.32276765
19817,0.20875156
9456,0.34972963
8684,0.20875156
2569,0.20875156
10196,0.20875156
42836,0.43309024
31122,0.24549836
28411,0.24549836
14351,0.20875156
19446,0.49668834
16711,0.20875156
31994,0.24549836
44116,0.43309024
9494,0.20875156
37703,0.24549836
10111,0.20875156
11361,0.20875156
22703,0.20875156
8794,0.20875156
32723,0.24549836
10741,0.20875156
15565,0.20875156
24640,0.20875156
23446,0.20875156
28466,0.24549836
24241,0.20875156
4979,0.20875156
2501,0.20875156
41215,0.32276765
29723,0.34972963
22312,0.20875156
17612,0.20875156
28496,0.24549836
42692,0.43309024
29820,0.24549836
29878,0.24549836
25685,0.20875156
31084,0.24549836
2099,0.20875156
32099,0.24549836
33118,0.24549836
12993,0.20875156
4259,0.20875156
28414,0.24549836
24,0.20875156
27076,0.20875156
10977,0.34972963
32931,0.34972963
43198,0.32276765
12795,0.20875156
41820,0.43309024
28059,0.24549836
36560,0.47860748
10587,0.20875156
6954,0.20875156
26397,0.20875156
42665,0.43309024
38895,0.24549836
4062,0.20875156
45197,0.43309024
25330,0.20875156
11257,0.20875156
21500,0.20875156
13052,0.20875156
36491,0.24549836
12742,0.20875156
34752,0.24549836
43507,0.32276765
38699,0.24549836
38986,0.24549836
27634,0.24549836
1571,0.20875156
5984,0.20875156
43666,0.32276765
38852,0.24549836
14526,0.20875156
26861,0.20875156
21920,0.20875156
25615,0.20875156
18137,0.20875156
8356,0.20875156
38315,0.24549836
41861,0.43309024
4756,0.20875156
8744,0.20875156
26630,0.20875156
1450,0.20875156
4165,0.20875156
9837,0.34972963
23761,0.20875156
7492,0.20875156
14807,0.20875156
18959,0.20875156
22737,0.20875156
6992,0.20875156
11647,0.20875156
43056,0.43309024
34983,0.24549836
38905,0.24549836
10950,0.20875156
4358,0.20875156
25309,0.20875156
21604,0.20875156
40935,0.43309024
29851,0.24549836
9242,0.49668834
13222,0.20875156
26042,0.20875156
31903,0.24549836
398,0.20875156
28470,0.24549836
30039,0.24549836
26074,0.20875156
37674,0.5488107
30827,0.24549836
36496,0.24549836
8432,0.20875156
15330,0.20875156
37405,0.24549836
21588,0.20875156
41929,0.32276765
22133,0.20875156
17096,0.20875156
9026,0.34972963
8548,0.20875156
35862,0.34972963
13894,0.20875156
43528,0.43309024
24309,0.20875156
13158,0.20875156
3920,0.20875156
29321,0.24549836
7310,0.20875156
2962,0.20875156
28061,0.34972963
32448,0.24549836
27824,0.34972963
14523,0.20875156
22426,0.20875156
1003,0.49668834
33888,0.34972963
38456,0.24549836
31968,0.24549836
12735,0.20875156
42004,0.43309024
40525,0.5488107
37193,0.24549836
35952,0.24549836
28322,0.24549836
37767,0.24549836
277,0.20875156
8755,0.20875156
41970,0.43309024
35531,0.24549836
6949,0.20875156
18697,0.20875156
26305,0.20875156
5858,0.20875156
19986,0.20875156
41112,0.32276765
9853,0.20875156
27174,0.20875156
31217,0.24549836
30507,0.24549836
11565,0.20875156
36287,0.24549836
2222,0.20875156
29494,0.24549836
12567,0.34972963
24146,0.20875156
44916,0.32276765
36294,0.24549836
25575,0.34972963
921,0.20875156
1268,0.20875156
10219,0.20875156
31165,0.24549836
21855,0.20875156
33549,0.24549836
26891,0.20875156
13832,0.34972963
6892,0.20875156
18845,0.20875156
17000,0.20875156
41431,0.43309024
26452,0.20875156
44547,0.32276765
37297,0.24549836
20324,0.20875156
1631,0.20875156
13547,0.20875156
10590,0.34972963
14495,0.20875156
40857,0.32276765
31266,0.24549836
15696,0.20875156
2809,0.20875156
9046,0.20875156
17555,0.20875156
3647,0.20875156
25348,0.20875156
10239,0.20875156
26874,0.20875156
36645,0.24549836
13103,0.20875156
33914,0.24549836
7824,0.20875156
9129,0.20875156
19837,0.20875156
5473,0.20875156
42045,0.43309024
23900,0.20875156
33365,0.24549836
2046,0.20875156
36357,0.24549836
23464,0.20875156
13200,0.20875156
11287,0.20875156
6639,0.20875156
33000,0.24549836
29735,0.24549836
15058,0.20875156
16287,0.20875156
24409,0.20875156
12776,0.20875156
39435,0.24549836
18425,0.20875156
21646,0.20875156
35798,0.24549836
44591,0.32276765
40744,0.32276765
17218,0.20875156
6655,0.20875156
28312,0.24549836
38519,0.24549836
1591,0.20875156
36507,0.24549836
19218,0.34972963
1096,0.20875156
5724,0.20875156
2256,0.20875156
19796,0.20875156
4697,0.20875156
30664,0.24549836
20446,0.20875156
42383,0.43309024
7685,0.20875156
23700,0.20875156
11024,0.20875156
23939,0.20875156
27315,0.20875156
22679,0.20875156
27659,0.49668834
44551,0.43309024
22714,0.20875156
18066,0.20875156
26682,0.20875156
42528,0.32276765
5214,0.20875156
14806,0.20875156
15615,0.20875156
27727,0.24549836
25887,0.20875156
4337,0.20875156
16220,0.20875156
36552,0.24549836
5252,0.34972963
5674,0.20875156
18025,0.20875156
34898,0.24549836
32768,0.24549836
31873,0.24549836
23834,0.20875156
32200,0.34972963
13072,0.20875156
37270,0.24549836
11592,0.20875156
36977,0.24549836
9162,0.20875156
396,0.20875156
24061,0.20875156
24013,0.20875156
30821,0.24549836
38623,0.24549836
38497,0.24549836
16351,0.20875156
17891,0.20875156
36283,0.24549836
18127,0.34972963
25038,0.20875156
8828,0.20875156
35119,0.34972963
39457,0.24549836
11821,0.20875156
24140,0.20875156
37305,0.24549836
19944,0.20875156
38685,0.24549836
7014,0.20875156
28849,0.24549836
27748,0.24549836
7363,0.20875156
20483,0.20875156
7650,0.20875156
12165,0.20875156
7979,0.20875156
34022,0.24549836
17212,0.20875156
4960,0.20875156
14587,0.20875156
16420,0.20875156
368,0.20875156
17446,0.20875156
17197,0.20875156
16004,0.20875156
24933,0.20875156
20124,0.20875156
44365,0.5488107
36510,0.24549836
25271,0.20875156
32728,0.49668834
42919,0.43309024
23753,0.20875156
17522,0.20875156
20640,0.34972963
26524,0.20875156
24220,0.20875156
34173,0.34972963
13797,0.20875156
27083,0.20875156
27876,0.24549836
5612,0.20875156
7671,0.20875156
43923,0.43309024
28695,0.24549836
30139,0.24549836
3984,0.20875156
15833,0.20875156
25551,0.20875156
15500,0.20875156
2090,0.20875156
15692,0.34972963
27404,0.24549836
14372,0.20875156
21997,0.34972963
27887,0.24549836
1282,0.20875156
22031,0.20875156
12520,0.20875156
14699,0.34972963
43640,0.32276765
44556,0.5488107
20176,0.20875156
5302,0.34972963
11983,0.20875156
949,0.20875156
30277,0.24549836
21726,0.20875156
28881,0.24549836
28933,0.24549836
38997,0.24549836
9361,0.20875156
40258,0.24549836
6011,0.34972963
31966,0.24549836
21225,0.34972963
4659,0.20875156
11907,0.20875156
18358,0.20875156
6452,0.49668834
44764,0.43309024
1997,0.20875156
30651,0.24549836
451,0.20875156
3208,0.20875156
21353,0.20875156
28784,0.24549836
24643,0.20875156
26,0.20875156
8597,0.20875156
37278,0.24549836
10085,0.20875156
2206,0.20875156
15964,0.20875156
23896,0.20875156
21715,0.20875156
5072,0.20875156
27574,0.24549836
41766,0.32276765
34942,0.24549836
3020,0.34972963
14092,0.20875156
40338,0.5488107
30052,0.34972963
19213,0.20875156
5466,0.20875156
34158,0.34972963
19391,0.20875156
17621,0.34972963
23644,0.20875156
39714,0.24549836
23656,0.20875156
9334,0.20875156
22384,0.20875156
4306,0.20875156
35589,0.24549836
2592,0.20875156
15996,0.20875156
12311,0.20875156
30236,0.24549836
10089,0.20875156
6438,0.49668834
34706,0.24549836
44130,0.43309024
1383,0.20875156
9833,0.20875156
21931,0.20875156
521,0.20875156
38406,0.24549836
2965,0.20875156
8425,0.20875156
21207,0.20875156
1529,0.20875156
30305,0.24549836
30665,0.24549836
37053,0.24549836
31647,0.24549836
43610,0.43309024
25860,0.20875156
38219,0.24549836
25964,0.20875156
42947,0.43309024
35361,0.24549836
43702,0.32276765
34181,0.24549836
34516,0.24549836
28341,0.24549836
36783,0.24549836
21217,0.20875156
6013,0.20875156
33649,0.24549836
31667,0.24549836
29397,0.34972963
21340,0.20875156
26210,0.20875156
41732,0.32276765
13861,0.20875156
1643,0.20875156
41623,0.43309024
26960,0.20875156
29845,0.49668834
7141,0.20875156
19052,0.20875156
1910,0.20875156
7147,0.20875156
5226,0.20875156
13954,0.20875156
5822,0.20875156
2742,0.20875156
32915,0.24549836
31128,0.24549836
32381,0.24549836
39357,0.24549836
44406,0.43309024
33,0.20875156
10382,0.20875156
40597,0.5488107
37132,0.24549836
16980,0.20875156
1023,0.20875156
16705,0.20875156
1967,0.20875156
19749,0.20875156
1186,0.20875156
16531,0.20875156
35023,0.24549836
28188,0.24549836
42853,0.32276765
42510,0.32276765
6991,0.20875156
16303,0.20875156
1165,0.20875156
5434,0.20875156
40408,0.24549836
31210,0.24549836
42106,0.32276765
7977,0.20875156
20711,0.20875156
24760,0.20875156
22424,0.20875156
24334,0.20875156
18881,0.20875156
44692,0.43309024
22028,0.20875156
1531,0.20875156
1209,0.20875156
20356,0.20875156
32709,0.24549836
44129,0.43309024
30603,0.24549836
19519,0.20875156
11967,0.20875156
23690,0.20875156
3886,0.20875156
10153,0.20875156
17743,0.20875156
35483,0.24549836
33294,0.24549836
838,0.20875156
36819,0.47860748
41984,0.32276765
15583,0.20875156
28530,0.24549836
19448,0.20875156
1041,0.20875156
21897,0.20875156
3916,0.20875156
3129,0.20875156
26685,0.20875156
3657,0.20875156
7482,0.34972963
5419,0.20875156
28155,0.24549836
14734,0.20875156
24408,0.34972963
14906,0.34972963
36403,0.24549836
12627,0.20875156
1869,0.20875156
13952,0.20875156
23956,0.20875156
38998,0.24549836
34115,0.24549836
27947,0.24549836
22994,0.20875156
21956,0.20875156
24358,0.20875156
43060,0.43309024
32478,0.24549836
1380,0.20875156
30104,0.24549836
2565,0.20875156
12479,0.20875156
21156,0.20875156
24971,0.20875156
25956,0.20875156
29583,0.24549836
39589,0.24549836
33051,0.24549836
39182,0.24549836
22873,0.20875156
19140,0.20875156
8232,0.20875156
26441,0.20875156
42659,0.43309024
735,0.34972963
38485,0.24549836
29221,0.24549836
10082,0.20875156
23882,0.20875156
32325,0.49668834
23027,0.20875156
43633,0.32276765
7241,0.20875156
2012,0.20875156
17273,0.20875156
7985,0.20875156
11161,0.20875156
22905,0.20875156
1998,0.20875156
23443,0.20875156
23928,0.20875156
42580,0.5488107
7942,0.20875156
14129,0.20875156
19683,0.20875156
43810,0.32276765
42309,0.32276765
7847,0.34972963
1697,0.20875156
18447,0.20875156
31176,0.24549836
25808,0.20875156
22884,0.20875156
25770,0.20875156
4031,0.20875156
9773,0.20875156
32342,0.24549836
32153,0.34972963
39078,0.24549836
12794,0.20875156
23059,0.20875156
32155,0.24549836
4702,0.20875156
1163,0.20875156
24071,0.34972963
29065,0.24549836
27212,0.20875156
6624,0.20875156
17840,0.20875156
5854,0.20875156
37667,0.24549836
36749,0.24549836
12817,0.20875156
17811,0.20875156
21762,0.20875156
17954,0.20875156
39566,0.24549836
864,0.20875156
40893,0.43309024
15278,0.20875156
2455,0.20875156
1845,0.20875156
23449,0.20875156
19188,0.20875156
31605,0.49668834
13726,0.20875156
44177,0.5488107
29637,0.34972963
3996,0.34972963
22336,0.49668834
3320,0.20875156
6137,0.20875156
8440,0.20875156
12101,0.20875156
23562,0.20875156
35510,0.24549836
27079,0.20875156
2387,0.49668834
3205,0.20875156
24320,0.20875156
15954,0.20875156
17785,0.20875156
1149,0.20875156
25708,0.20875156
26716,0.34972963
42634,0.43309024
6564,0.20875156
20577,0.49668834
32397,0.24549836
9729,0.20875156
10906,0.20875156
20545,0.20875156
2021,0.20875156
38458,0.24549836
33866,0.24549836
22520,0.20875156
22761,0.20875156
25953,0.20875156
12948,0.20875156
34695,0.24549836
20546,0.20875156
35710,0.24549836
1419,0.20875156
11531,0.20875156
5783,0.20875156
21040,0.49668834
25456,0.20875156
31642,0.24549836
34347,0.24549836
22779,0.20875156
620,0.20875156
9365,0.20875156
37444,0.24549836
1156,0.20875156
41729,0.32276765
33316,0.24549836
17708,0.20875156
19495,0.20875156
24807,0.20875156
15700,0.20875156
41363,0.32276765
27629,0.24549836
8062,0.20875156
7466,0.20875156
35719,0.24549836
18692,0.20875156
40981,0.32276765
7004,0.20875156
38062,0.24549836
17845,0.20875156
17903,0.20875156
20363,0.20875156
5735,0.20875156
1298,0.20875156
21811,0.34972963
21105,0.49668834
15792,0.20875156
13061,0.20875156
35721,0.24549836
12853,0.20875156
32211,0.24549836
34715,0.24549836
20697,0.20875156
9812,0.20875156
13752,0.20875156
17010,0.34972963
4151,0.20875156
38646,0.24549836
10740,0.20875156
20484,0.49668834
8637,0.20875156
34353,0.49668834
7280,0.20875156
13728,0.20875156
8748,0.20875156
30811,0.24549836
13809,0.49668834
1920,0.20875156
4276,0.20875156
16967,0.20875156
36185,0.24549836
3510,0.49668834
12203,0.20875156
38944,0.24549836
44690,0.43309024
17003,0.20875156
40108,0.24549836
307,0.20875156
32732,0.24549836
9463,0.20875156
21822,0.20875156
38782,0.24549836
37572,0.24549836
38123,0.24549836
33265,0.24549836
31411,0.24549836
3057,0.20875156
33952,0.34972963
40445,0.24549836
35235,0.24549836
24884,0.20875156
8685,0.20875156
44979,0.32276765
42188,0.43309024
26951,0.20875156
8627,0.20875156
37979,0.24549836
9413,0.20875156
40164,0.24549836
20614,0.20875156
6596,0.20875156
33916,0.24549836
43101,0.43309024
23538,0.20875156
38257,0.24549836
19889,0.34972963
44813,0.43309024
10518,0.20875156
41775,0.5488107
21231,0.20875156
21576,0.20875156
1119,0.20875156
16155,0.20875156
24724,0.20875156
28303,0.24549836
29821,0.24549836
4013,0.20875156
43523,0.43309024
20422,0.20875156
23763,0.20875156
8511,0.20875156
28960,0.24549836
32613,0.24549836
42377,0.32276765
4395,0.20875156
14975,0.20875156
11062,0.20875156
18499,0.20875156
7889,0.20875156
1147,0.20875156
12693,0.20875156
14502,0.20875156
42627,0.43309024
17191,0.20875156
27098,0.20875156
32678,0.24549836
11448,0.20875156
2983,0.34972963
32027,0.24549836
27917,0.34972963
41244,0.32276765
12344,0.34972963
14899,0.20875156
16464,0.20875156
5917,0.20875156
39125,0.24549836
19929,0.20875156
8132,0.20875156
10826,0.20875156
31801,0.24549836
14719,0.20875156
9874,0.20875156
35857,0.24549836
24832,0.20875156
8867,0.20875156
9611,0.20875156
27045,0.20875156
26893,0.20875156
16965,0.20875156
11709,0.34972963
44258,0.43309024
29653,0.24549836
26103,0.20875156
12917,0.20875156
43648,0.43309024
7868,0.20875156
39575,0.24549836
4552,0.20875156
6657,0.20875156
37778,0.24549836
18210,0.20875156
24680,0.20875156
2154,0.34972963
14926,0.20875156
12415,0.20875156
39722,0.24549836
29009,0.24549836
33911,0.24549836
29954,0.24549836
20652,0.34972963
44139,0.5488107
23209,0.20875156
5934,0.20875156
39030,0.24549836
31145,0.34972963
17640,0.20875156
41396,0.43309024
21185,0.20875156
24079,0.20875156
17275,0.20875156
45027,0.5488107
14132,0.34972963
38082,0.24549836
6329,0.20875156
30412,0.24549836
26533,0.20875156
31211,0.24549836
44653,0.43309024
14801,0.20875156
27434,0.34972963
291,0.20875156
1816,0.34972963
16118,0.20875156
14542,0.20875156
15090,0.20875156
14823,0.34972963
16523,0.20875156
7403,0.20875156
39133,0.24549836
41887,0.43309024
20661,0.20875156
20734,0.20875156
31824,0.24549836
1115,0.20875156
36625,0.24549836
14103,0.20875156
10671,0.20875156
11121,0.20875156
18037,0.20875156
13597,0.20875156
40058,0.24549836
34465,0.24549836
10473,0.20875156
14999,0.20875156
42075,0.32276765
14869,0.20875156
22927,0.34972963
12603,0.20875156
25215,0.20875156
8013,0.20875156
23297,0.20875156
43063,0.43309024
21964,0.20875156
34085,0.24549836
18846,0.20875156
17878,0.20875156
30478,0.24549836
36753,0.24549836
14762,0.20875156
19328,0.49668834
26189,0.20875156
13238,0.20875156
13505,0.20875156
11527,0.49668834
38130,0.24549836
35895,0.24549836
29801,0.24549836
33193,0.24549836
32433,0.24549836
4630,0.34972963
15308,0.20875156
41472,0.43309024
3179,0.20875156
20660,0.20875156
32033,0.24549836
42387,0.43309024
20480,0.20875156
39721,0.24549836
3631,0.20875156
2527,0.20875156
13867,0.20875156
11633,0.20875156
39013,0.24549836
5201,0.20875156
1356,0.49668834
1251,0.20875156
27980,0.24549836
16557,0.20875156
17828,0.34972963
38770,0.24549836
10864,0.20875156
26011,0.20875156
11400,0.20875156
7818,0.20875156
33970,0.24549836
25906,0.20875156
11783,0.20875156
24907,0.20875156
28239,0.24549836
16253,0.20875156
7565,0.20875156
37928,0.24549836
1645,0.20875156
20710,0.20875156
11272,0.20875156
24141,0.20875156
28217,0.24549836
29390,0.24549836
40513,0.24549836
32476,0.24549836
35960,0.24549836
34943,0.24549836
43703,0.5488107
36180,0.24549836
8645,0.20875156
18536,0.20875156
29350,0.24549836
24385,0.20875156
24093,0.20875156
796,0.20875156
16060,0.20875156
9415,0.20875156
3591,0.20875156
4130,0.20875156
4241,0.34972963
25779,0.20875156
6650,0.20875156
23519,0.20875156
34801,0.24549836
23344,0.20875156
851,0.20875156
44402,0.43309024
12975,0.20875156
10408,0.20875156
27747,0.24549836
33793,0.24549836
14487,0.20875156
36230,0.24549836
30663,0.24549836
39935,0.24549836
19695,0.49668834
22851,0.20875156
33642,0.24549836
2023,0.20875156
10964,0.20875156
27924,0.24549836
36448,0.24549836
24270,0.20875156
39567,0.5488107
15719,0.20875156
31925,0.24549836
29566,0.24549836
33751,0.24549836
8045,0.20875156
32472,0.49668834
28071,0.24549836
9101,0.20875156
29500,0.49668834
17580,0.34972963
37039,0.24549836
14380,0.20875156
31932,0.24549836
11779,0.20875156
22232,0.20875156
31776,0.24549836
42899,0.43309024
27288,0.20875156
16499,0.20875156
39704,0.24549836
40766,0.43309024
33231,0.24549836
33194,0.24549836
5380,0.20875156
29770,0.24549836
4245,0.20875156
25355,0.20875156
39192,0.24549836
19825,0.20875156
3240,0.20875156
4646,0.20875156
27662,0.24549836
13864,0.20875156
8206,0.20875156
12501,0.20875156
17180,0.20875156
12558,0.20875156
1670,0.20875156
1932,0.20875156
1587,0.20875156
8679,0.34972963
35834,0.24549836
34001,0.34972963
5159,0.49668834
13377,0.20875156
40533,0.24549836
8565,0.34972963
11711,0.20875156
41763,0.32276765
21617,0.20875156
30092,0.49668834
22832,0.20875156
26384,0.20875156
21180,0.20875156
41661,0.32276765
21707,0.49668834
17041,0.20875156
40345,0.24549836
21285,0.20875156
30140,0.24549836
33375,0.24549836
29159,0.49668834
18816,0.20875156
42034,0.5488107
27955,0.24549836
35664,0.24549836
24275,0.34972963
22008,0.20875156
11248,0.20875156
29445,0.24549836
26033,0.20875156
23264,0.34972963
39557,0.24549836
3815,0.34972963
10732,0.20875156
27558,0.24549836
45079,0.43309024
41507,0.43309024
16352,0.20875156
14452,0.20875156
376,0.20875156
30756,0.24549836
44022,0.43309024
24756,0.20875156
40363,0.24549836
19047,0.20875156
24244,0.20875156
23298,0.20875156
35521,0.34972963
18543,0.20875156
10152,0.20875156
39348,0.24549836
27111,0.20875156
34013,0.24549836
7839,0.20875156
41367,0.43309024
35452,0.24549836
42157,0.5488107
23115,0.20875156
44583,0.43309024
19999,0.20875156
23812,0.20875156
26831,0.49668834
14199,0.20875156
3188,0.20875156
34224,0.24549836
19008,0.20875156
28382,0.24549836
8871,0.20875156
28681,0.24549836
4163,0.20875156
43338,0.43309024
26550,0.20875156
41696,0.32276765
14810,0.20875156
9128,0.20875156
43442,0.32276765
6937,0.20875156
33045,0.34972963
40577,0.24549836
13833,0.34972963
3403,0.20875156
7574,0.20875156
6048,0.20875156
43609,0.32276765
8877,0.20875156
8928,0.20875156
28668,0.24549836
39272,0.24549836
40259,0.24549836
4125,0.20875156
23480,0.20875156
4469,0.20875156
2609,0.20875156
18323,0.20875156
4445,0.34972963
12338,0.20875156
2148,0.34972963
35751,0.24549836
19689,0.34972963
1848,0.20875156
35394,0.24549836
11661,0.20875156
5117,0.20875156
18726,0.20875156
20961,0.20875156
10332,0.20875156
28696,0.24549836
23050,0.20875156
28268,0.24549836
36483,0.24549836
32394,0.24549836
4512,0.20875156
4287,0.20875156
13523,0.20875156
6766,0.20875156
26736,0.20875156
9719,0.20875156
26657,0.20875156
22880,0.20875156
30179,0.24549836
26808,0.20875156
17946,0.34972963
26958,0.20875156
24979,0.20875156
25249,0.20875156
37243,0.24549836
25072,0.20875156
35849,0.24549836
8277,0.34972963
42813,0.32276765
28518,0.24549836
17403,0.20875156
17460,0.20875156
7825,0.20875156
19550,0.20875156
4105,0.20875156
30391,0.24549836
21448,0.20875156
41224,0.32276765
43451,0.43309024
38021,0.24549836
11642,0.20875156
18919,0.20875156
8243,0.20875156
40473,0.24549836
10211,0.20875156
40306,0.24549836
35087,0.24549836
8181,0.20875156
20064,0.20875156
38140,0.24549836
7954,0.49668834
37586,0.24549836
1348,0.20875156
23901,0.20875156
38138,0.24549836
803,0.20875156
4147,0.20875156
9311,0.20875156
4189,0.20875156
8255,0.20875156
12957,0.20875156
27619,0.24549836
40804,0.32276765
3055,0.20875156
10304,0.20875156
18418,0.20875156
37352,0.24549836
10300,0.34972963
13771,0.20875156
16888,0.20875156
8665,0.20875156
13822,0.20875156
10520,0.20875156
15286,0.20875156
1016,0.49668834
19997,0.20875156
31102,0.24549836
3834,0.20875156
20044,0.20875156
4777,0.20875156
42725,0.5488107
36979,0.24549836
27115,0.34972963
26293,0.20875156
30383,0.24549836
11957,0.20875156
34572,0.24549836
24999,0.49668834
11412,0.20875156
35385,0.24549836
4514,0.20875156
13785,0.20875156
41281,0.32276765
21171,0.20875156
12088,0.20875156
20130,0.20875156
14069,0.20875156
10526,0.20875156
30153,0.24549836
6056,0.20875156
34060,0.34972963
19533,0.20875156
9835,0.20875156
23019,0.20875156
41832,0.43309024
37378,0.5488107
6449,0.20875156
27892,0.24549836
38173,0.24549836
16410,0.20875156
7560,0.20875156
27982,0.24549836
42036,0.43309024
9488,0.49668834
36108,0.24549836
36301,0.24549836
14280,0.20875156
42162,0.32276765
599,0.20875156
45034,0.32276765
32693,0.24549836
2663,0.20875156
15706,0.20875156
35980,0.49668834
25525,0.20875156
36219,0.34972963
38,0.49668834
2466,0.20875156
8526,0.20875156
14326,0.20875156
33641,0.24549836
30196,0.24549836
20205,0.20875156
42399,0.32276765
7680,0.20875156
12223,0.20875156
22385,0.20875156
10199,0.20875156
21817,0.20875156
31483,0.24549836
2402,0.20875156
24746,0.20875156
40845,0.32276765
37952,0.24549836
22743,0.49668834
43753,0.43309024
17947,0.20875156
1693,0.20875156
40470,0.24549836
43037,0.32276765
19357,0.20875156
30646,0.24549836
33935,0.24549836
3309,0.20875156
7279,0.20875156
7829,0.34972963
42258,0.5488107
20341,0.20875156
45057,0.5488107
21237,0.20875156
38080,0.24549836
32402,0.24549836
32836,0.34972963
8398,0.20875156
15767,0.20875156
9308,0.20875156
12329,0.20875156
38748,0.24549836
27944,0.24549836
19705,0.20875156
7052,0.20875156
6691,0.20875156
21533,0.20875156
22188,0.20875156
39466,0.24549836
27470,0.34972963
4233,0.20875156
11916,0.20875156
10933,0.20875156
1310,0.20875156
16520,0.34972963
1683,0.20875156
43966,0.5488107
26670,0.20875156
30956,0.24549836
17548,0.20875156
43281,0.32276765
28628,0.34972963
23022,0.20875156
20400,0.49668834
2753,0.20875156
5755,0.20875156
36256,0.24549836
30838,0.24549836
24727,0.20875156
7064,0.20875156
6611,0.20875156
1437,0.20875156
27351,0.20875156
37634,0.24549836
41239,0.32276765
14233,0.20875156
28193,0.24549836
31793,0.24549836
35795,0.24549836
32240,0.24549836
4534,0.20875156
29401,0.24549836
35315,0.24549836
4908,0.20875156
38054,0.24549836
41083,0.43309024
14151,0.49668834
5379,0.20875156
11320,0.20875156
35783,0.24549836
16003,0.20875156
30045,0.24549836
42977,0.43309024
7498,0.20875156
23411,0.34972963
25343,0.20875156
16651,0.20875156
1811,0.49668834
2456,0.20875156
17292,0.20875156
15268,0.20875156
22681,0.20875156
127,0.20875156
883,0.20875156
36759,0.24549836
37454,0.24549836
1945,0.20875156
13545,0.20875156
8837,0.20875156
20046,0.20875156
27535,0.24549836
27322,0.20875156
42300,0.32276765
6150,0.20875156
19686,0.20875156
23559,0.20875156
42492,0.43309024
1441,0.20875156
23912,0.20875156
10420,0.49668834
22989,0.20875156
34118,0.24549836
8752,0.20875156
42817,0.32276765
20969,0.34972963
4074,0.20875156
8237,0.20875156
44100,0.43309024
17134,0.20875156
10907,0.20875156
11117,0.20875156
5144,0.20875156
6642,0.20875156
34985,0.24549836
40637,0.24549836
16377,0.20875156
34817,0.24549836
31684,0.24549836
16469,0.20875156
23164,0.20875156
13290,0.20875156
15803,0.49668834
16302,0.20875156
27877,0.24549836
38298,0.24549836
11273,0.20875156
10913,0.20875156
23782,0.20875156
9411,0.20875156
13863,0.20875156
22952,0.20875156
18837,0.20875156
10836,0.20875156
2628,0.20875156
9584,0.20875156
22661,0.20875156
28888,0.24549836
42963,0.32276765
9215,0.20875156
3975,0.20875156
23954,0.20875156
12028,0.20875156
39970,0.24549836
37475,0.24549836
11026,0.34972963
11177,0.20875156
40870,0.43309024
31355,0.24549836
43094,0.43309024
16195,0.20875156
42008,0.43309024
15211,0.20875156
42942,0.43309024
24302,0.20875156
33179,0.24549836
11000,0.20875156
27685,0.24549836
40215,0.24549836
19046,0.34972963
35904,0.24549836
21244,0.20875156
33459,0.24549836
11910,0.20875156
35981,0.24549836
12510,0.20875156
23840,0.20875156
39926,0.5488107
39736,0.24549836
1975,0.20875156
33024,0.24549836
31140,0.24549836
41446,0.43309024
44128,0.43309024
41420,0.43309024
33988,0.24549836
41613,0.32276765
26121,0.20875156
33944,0.24549836
10539,0.20875156
44830,0.43309024
27275,0.20875156
15988,0.20875156
19119,0.20875156
19343,0.20875156
8629,0.49668834
10801,0.20875156
39110,0.24549836
38860,0.24549836
43510,0.43309024
18120,0.20875156
33724,0.24549836
9000,0.20875156
15454,0.20875156
25521,0.20875156
49,0.20875156
28663,0.24549836
5077,0.20875156
8123,0.20875156
3730,0.20875156
43546,0.43309024
21839,0.20875156
4430,0.20875156
16617,0.20875156
44469,0.43309024
22610,0.20875156
34367,0.24549836
11049,0.20875156
44638,0.5488107
26259,0.20875156
41628,0.5488107
15232,0.20875156
15660,0.34972963
463,0.20875156
36802,0.24549836
13165,0.34972963
38792,0.24549836
24896,0.20875156
3037,0.20875156
33898,0.24549836
7142,0.20875156
11653,0.20875156
41268,0.32276765
44942,0.5488107
28120,0.24549836
33768,0.24549836
30922,0.24549836
15065,0.20875156
22367,0.20875156
3154,0.20875156
34854,0.24549836
20116,0.20875156
2263,0.20875156
1407,0.20875156
38867,0.24549836
9176,0.20875156
39764,0.24549836
7866,0.20875156
43153,0.43309024
7119,0.20875156
10925,0.20875156
33304,0.24549836
15298,0.20875156
42141,0.43309024
5656,0.20875156
27405,0.24549836
3372,0.49668834
30692,0.24549836
20361,0.34972963
1751,0.20875156
45050,0.32276765
17342,0.20875156
17216,0.20875156
30921,0.24549836
35739,0.34972963
2897,0.20875156
26811,0.20875156
27946,0.24549836
20351,0.20875156
13967,0.20875156
13138,0.20875156
14994,0.20875156
44066,0.43309024
30834,0.24549836
9200,0.20875156
2777,0.20875156
19641,0.20875156
16656,0.20875156
4270,0.20875156
32156,0.24549836
18871,0.20875156
26291,0.20875156
30679,0.24549836
8962,0.20875156
23623,0.20875156
44457,0.43309024
2862,0.20875156
29741,0.24549836
37028,0.24549836
44886,0.43309024
19630,0.20875156
38540,0.24549836
36761,0.24549836
44922,0.32276765
2218,0.34972963
7934,0.20875156
39850,0.24549836
38904,0.24549836
2918,0.20875156
26448,0.20875156
20440,0.20875156
5665,0.20875156
33358,0.24549836
27993,0.24549836
12150,0.20875156
13504,0.20875156
24619,0.34972963
43779,0.43309024
11753,0.20875156
14088,0.20875156
29880,0.24549836
8845,0.20875156
44477,0.32276765
1822,0.20875156
14793,0.34972963
25682,0.20875156
1806,0.20875156
13714,0.20875156
36046,0.24549836
40272,0.24549836
12606,0.20875156
22171,0.20875156
40884,0.32276765
38677,0.24549836
27094,0.20875156
43152,0.32276765
9912,0.20875156
10815,0.20875156
25296,0.20875156
12608,0.20875156
42333,0.32276765
41443,0.43309024
34212,0.24549836
34827,0.24549836
5521,0.20875156
11599,0.20875156
8881,0.20875156
8542,0.20875156
19182,0.20875156
18362,0.20875156
27177,0.20875156
23965,0.20875156
33966,0.34972963
18710,0.20875156
7787,0.20875156
16512,0.20875156
10059,0.20875156
10728,0.20875156
37768,0.24549836
38152,0.24549836
5792,0.20875156
41005,0.43309024
34300,0.24549836
4778,0.20875156
26654,0.20875156
28624,0.24549836
25418,0.49668834
24822,0.20875156
36708,0.24549836
5197,0.20875156
26865,0.20875156
8289,0.20875156
5274,0.20875156
5190,0.20875156
10695,0.20875156
24115,0.20875156
20728,0.20875156
17681,0.20875156
30565,0.24549836
26904,0.20875156
33107,0.24549836
30919,0.24549836
12507,0.20875156
12129,0.20875156
24574,0.20875156
38467,0.24549836
27260,0.20875156
42894,0.43309024
21452,0.20875156
11528,0.20875156
22605,0.20875156
39915,0.24549836
16001,0.20875156
39290,0.24549836
35970,0.24549836
44585,0.32276765
39328,0.24549836
8959,0.20875156
37656,0.24549836
41148,0.43309024
7567,0.34972963
27515,0.24549836
40384,0.24549836
3512,0.20875156
17129,0.20875156
36757,0.47860748
3764,0.20875156
2711,0.20875156
14579,0.20875156
35386,0.24549836
41814,0.32276765
38147,0.24549836
2137,0.20875156
31169,0.24549836
8094,0.20875156
44778,0.5488107
5762,0.20875156
28665,0.24549836
8020,0.20875156
23509,0.20875156
18333,0.20875156
45205,0.43309024
7195,0.20875156
43265,0.32276765
24677,0.20875156
20858,0.20875156
28882,0.49668834
